-- MySQL dump 10.13  Distrib 5.5.25, for Linux (i686)
--
-- Host: localhost    Database: gw
-- ------------------------------------------------------
-- Server version	5.5.25-log

/*!40101 SET @OLD_CHARACTER_SET_CLIENT=@@CHARACTER_SET_CLIENT */;
/*!40101 SET @OLD_CHARACTER_SET_RESULTS=@@CHARACTER_SET_RESULTS */;
/*!40101 SET @OLD_COLLATION_CONNECTION=@@COLLATION_CONNECTION */;
/*!40101 SET NAMES utf8 */;
/*!40103 SET @OLD_TIME_ZONE=@@TIME_ZONE */;
/*!40103 SET TIME_ZONE='+00:00' */;
/*!40014 SET @OLD_UNIQUE_CHECKS=@@UNIQUE_CHECKS, UNIQUE_CHECKS=0 */;
/*!40014 SET @OLD_FOREIGN_KEY_CHECKS=@@FOREIGN_KEY_CHECKS, FOREIGN_KEY_CHECKS=0 */;
/*!40101 SET @OLD_SQL_MODE=@@SQL_MODE, SQL_MODE='NO_AUTO_VALUE_ON_ZERO' */;
/*!40111 SET @OLD_SQL_NOTES=@@SQL_NOTES, SQL_NOTES=0 */;

--
-- Table structure for table `tb_admin`
--

DROP TABLE IF EXISTS `tb_admin`;
/*!40101 SET @saved_cs_client     = @@character_set_client */;
/*!40101 SET character_set_client = utf8 */;
CREATE TABLE `tb_admin` (
  `id` int(11) NOT NULL AUTO_INCREMENT,
  `username` varchar(32) NOT NULL DEFAULT '',
  `password` char(40) NOT NULL DEFAULT '',
  `salt` int(11) NOT NULL DEFAULT '0' COMMENT '混淆代码',
  `roleid` int(11) NOT NULL DEFAULT '0',
  `status` tinyint(4) NOT NULL DEFAULT '1' COMMENT '1正常 2停用',
  `createtime` datetime NOT NULL DEFAULT '0000-00-00 00:00:00',
  PRIMARY KEY (`id`)
) ENGINE=MyISAM AUTO_INCREMENT=53 DEFAULT CHARSET=utf8;
/*!40101 SET character_set_client = @saved_cs_client */;

--
-- Dumping data for table `tb_admin`
--

LOCK TABLES `tb_admin` WRITE;
/*!40000 ALTER TABLE `tb_admin` DISABLE KEYS */;
INSERT INTO `tb_admin` VALUES (1,'admin@yonyou.com','$2y$10$j4LArMGgOz88jaSgMpuny.W8j9p2Evc6h',10000000,2,1,'2013-02-28 16:34:55'),(2,'admin@chanjet.com','$2y$10$j4LArMGgOz88jaSgMpuny.W8j9p2Evc6h',10000000,1,1,'2013-02-28 16:37:34'),(3,'root','$2y$10$j4LArMGgOz88jaSgMpuny.W8j9p2Evc6h',10000000,1,1,'2013-03-05 15:38:28'),(45,'vic@yonyou.com','$2y$10$j4LArMGgOz88jaSgMpuny.W8j9p2Evc6h',10000000,10,1,'2013-03-21 09:12:47'),(52,'qiutao@yonyou.com','$2y$10$j4LArMGgOz88jaSgMpuny.W8j9p2Evc6h',10000000,1,1,'2013-04-13 11:23:05');
/*!40000 ALTER TABLE `tb_admin` ENABLE KEYS */;
UNLOCK TABLES;

--
-- Table structure for table `tb_admin_privilege`
--

DROP TABLE IF EXISTS `tb_admin_privilege`;
/*!40101 SET @saved_cs_client     = @@character_set_client */;
/*!40101 SET character_set_client = utf8 */;
CREATE TABLE `tb_admin_privilege` (
  `id` int(11) NOT NULL AUTO_INCREMENT,
  `parentid` int(11) NOT NULL DEFAULT '0',
  `ancestorids` varchar(128) NOT NULL DEFAULT '',
  `name` varchar(256) NOT NULL DEFAULT '',
  `level` tinyint(4) NOT NULL DEFAULT '0',
  `sortvalue` smallint(6) NOT NULL DEFAULT '0',
  `isleaf` bit(1) NOT NULL DEFAULT b'0',
  `isvisible` bit(1) NOT NULL DEFAULT b'0',
  `url` varchar(256) NOT NULL DEFAULT '',
  PRIMARY KEY (`id`)
) ENGINE=MyISAM AUTO_INCREMENT=5 DEFAULT CHARSET=utf8 ROW_FORMAT=COMPACT;
/*!40101 SET character_set_client = @saved_cs_client */;

--
-- Dumping data for table `tb_admin_privilege`
--

LOCK TABLES `tb_admin_privilege` WRITE;
/*!40000 ALTER TABLE `tb_admin_privilege` DISABLE KEYS */;
INSERT INTO `tb_admin_privilege` VALUES (1,0,'|0|','空间管理',1,1,'','',''),(2,0,'|0|','角色管理',1,2,'','','/boss/role/index.html'),(3,0,'|0|','用户管理',1,3,'','','/boss/admin/index.html'),(4,0,'|0|','应用管理',1,4,'','','/boss/app/index.html');
/*!40000 ALTER TABLE `tb_admin_privilege` ENABLE KEYS */;
UNLOCK TABLES;

--
-- Table structure for table `tb_admin_role`
--

DROP TABLE IF EXISTS `tb_admin_role`;
/*!40101 SET @saved_cs_client     = @@character_set_client */;
/*!40101 SET character_set_client = utf8 */;
CREATE TABLE `tb_admin_role` (
  `id` int(11) NOT NULL AUTO_INCREMENT,
  `name` varchar(32) NOT NULL DEFAULT '' COMMENT '角色名称',
  PRIMARY KEY (`id`)
) ENGINE=MyISAM DEFAULT CHARSET=utf8 ROW_FORMAT=COMPACT;
/*!40101 SET character_set_client = @saved_cs_client */;

--
-- Dumping data for table `tb_admin_role`
--

LOCK TABLES `tb_admin_role` WRITE;
/*!40000 ALTER TABLE `tb_admin_role` DISABLE KEYS */;
/*!40000 ALTER TABLE `tb_admin_role` ENABLE KEYS */;
UNLOCK TABLES;

--
-- Table structure for table `tb_admin_role_privilege`
--

DROP TABLE IF EXISTS `tb_admin_role_privilege`;
/*!40101 SET @saved_cs_client     = @@character_set_client */;
/*!40101 SET character_set_client = utf8 */;
CREATE TABLE `tb_admin_role_privilege` (
  `id` int(11) NOT NULL AUTO_INCREMENT,
  `roleid` int(11) NOT NULL DEFAULT '0',
  `privilegeid` int(11) NOT NULL DEFAULT '0',
  PRIMARY KEY (`id`)
) ENGINE=MyISAM DEFAULT CHARSET=utf8 ROW_FORMAT=COMPACT;
/*!40101 SET character_set_client = @saved_cs_client */;

--
-- Dumping data for table `tb_admin_role_privilege`
--

LOCK TABLES `tb_admin_role_privilege` WRITE;
/*!40000 ALTER TABLE `tb_admin_role_privilege` DISABLE KEYS */;
/*!40000 ALTER TABLE `tb_admin_role_privilege` ENABLE KEYS */;
UNLOCK TABLES;

--
-- Table structure for table `tb_advertisement`
--

DROP TABLE IF EXISTS `tb_advertisement`;
/*!40101 SET @saved_cs_client     = @@character_set_client */;
/*!40101 SET character_set_client = utf8 */;
CREATE TABLE `tb_advertisement` (
  `id` int(11) NOT NULL AUTO_INCREMENT,
  `spaceid` int(11) NOT NULL DEFAULT '0' COMMENT '空间ID',
  `title` varchar(64) NOT NULL DEFAULT '' COMMENT '广告标题',
  `location` tinyint(4) NOT NULL DEFAULT '0' COMMENT '页面位置  1为首页600*90',
  `imageid` int(11) NOT NULL DEFAULT '0' COMMENT '广告图片资源ID',
  `imageurl` varchar(128) NOT NULL DEFAULT '' COMMENT '广告图片资源引用地址',
  `imagelink` varchar(128) NOT NULL DEFAULT '' COMMENT '广告图片点击的链接地址',
  `isvalid` bit(1) NOT NULL DEFAULT b'0' COMMENT '是否有效1：有效；0：无效',
  `openway` tinyint(4) NOT NULL DEFAULT '0' COMMENT '链接打开的方式 1本页面打开 2新页面打开',
  `replacetext` varchar(64) NOT NULL DEFAULT '' COMMENT '图片替换文字',
  `sortvalue` int(11) NOT NULL DEFAULT '0' COMMENT '排序码',
  `createtime` datetime NOT NULL DEFAULT '0000-00-00 00:00:00' COMMENT '创建时间',
  `issystem` bit(1) NOT NULL DEFAULT b'0' COMMENT '广告类型 0:用户自定义；1:系统内置',
  PRIMARY KEY (`id`)
) ENGINE=MyISAM AUTO_INCREMENT=4 DEFAULT CHARSET=utf8;
/*!40101 SET character_set_client = @saved_cs_client */;

--
-- Dumping data for table `tb_advertisement`
--

LOCK TABLES `tb_advertisement` WRITE;
/*!40000 ALTER TABLE `tb_advertisement` DISABLE KEYS */;
INSERT INTO `tb_advertisement` VALUES (1,2,'有爱在心，我是畅捷通',1,0,'','baidu.com','',2,'abcd',0,'2013-04-11 16:32:48',''),(3,2,'UED',1,0,'','baidu.com','',2,'ued',0,'2013-04-11 16:39:19','');
/*!40000 ALTER TABLE `tb_advertisement` ENABLE KEYS */;
UNLOCK TABLES;

--
-- Table structure for table `tb_announce`
--

DROP TABLE IF EXISTS `tb_announce`;
/*!40101 SET @saved_cs_client     = @@character_set_client */;
/*!40101 SET character_set_client = utf8 */;
CREATE TABLE `tb_announce` (
  `id` int(11) NOT NULL AUTO_INCREMENT,
  `creatorid` int(11) NOT NULL DEFAULT '0' COMMENT '创建者ID',
  `spaceid` int(11) NOT NULL DEFAULT '0' COMMENT '空间ID',
  `typeid` int(11) NOT NULL DEFAULT '0' COMMENT '公告分类ID',
  `title` varchar(128) NOT NULL DEFAULT '' COMMENT '公告标题',
  `content` mediumtext NOT NULL COMMENT '公告内容',
  `signname` varchar(128) NOT NULL DEFAULT '' COMMENT '落款人或单位的名称',
  `createtime` datetime NOT NULL DEFAULT '0000-00-00 00:00:00' COMMENT '创建时间',
  `updatetime` datetime NOT NULL DEFAULT '0000-00-00 00:00:00' COMMENT '更新时间',
  `status` tinyint(4) NOT NULL DEFAULT '0' COMMENT '公告状态(0草稿、1已发布、2撤销)',
  `issticky` tinyint(4) NOT NULL DEFAULT '0' COMMENT '是否置顶 0:未置顶、1置顶',
  `readnum` int(11) NOT NULL DEFAULT '0' COMMENT '阅读量',
  `commentnum` int(11) NOT NULL DEFAULT '0' COMMENT '评论数',
  `isallowcomment` tinyint(4) NOT NULL DEFAULT '0' COMMENT '是否允许评论',
  `ishasfile` bit(1) NOT NULL DEFAULT b'0' COMMENT '是否有附件',
  `sortvalue` tinyint(4) NOT NULL DEFAULT '0' COMMENT '排序',
  PRIMARY KEY (`id`)
) ENGINE=MyISAM AUTO_INCREMENT=86 DEFAULT CHARSET=utf8;
/*!40101 SET character_set_client = @saved_cs_client */;

--
-- Dumping data for table `tb_announce`
--

LOCK TABLES `tb_announce` WRITE;
/*!40000 ALTER TABLE `tb_announce` DISABLE KEYS */;
INSERT INTO `tb_announce` VALUES (37,2,2,2,'邀请函','<p style=\"word-wrap: break-word; margin: 0px; padding: 0px; outline: 0px; font-size: 14px; list-style-type: none; color: rgb(118, 118, 118); font-family: arial, 宋体; line-height: 24px;\">﻿﻿﻿﻿亲<img alt=\"微笑\" src=\"http://cdn.qiater.com/js/jquery/xheditor/1.1.14/xheditor_emot/default/smile.gif\" />：</p><p style=\"word-wrap: break-word; margin: 0px; padding: 0px; outline: 0px; font-size: 14px; list-style-type: none; color: rgb(118, 118, 118); font-family: arial, 宋体; line-height: 24px;\"><span style=\"white-space:pre\">	</span>寒来暑往，又逢重阳。</p><p style=\"word-wrap: break-word; margin: 0px; padding: 0px; outline: 0px; font-size: 14px; list-style-type: none; color: rgb(118, 118, 118); font-family: arial, 宋体; line-height: 24px;\"><span style=\"white-space:pre\">	</span>金秋送爽，丹桂飘香，又逢携友登高之九月九重阳佳节，我国自古就有着“佩茱萸，食蓬饵，饮菊花酒，云令人长寿”的说法。借此重阳佳期，特邀亲们的爸妈及“另一半”的爸妈来司一游。</p><p style=\"word-wrap: break-word; margin: 0px; padding: 0px; outline: 0px; font-size: 14px; list-style-type: none; color: rgb(118, 118, 118); font-family: arial, 宋体; line-height: 24px;\"><br /></p><p style=\"word-wrap: break-word; margin: 0px; padding: 0px; outline: 0px; font-size: 14px; list-style-type: none; color: rgb(118, 118, 118); font-family: arial, 宋体; line-height: 24px;\"><span style=\"white-space:pre\">	</span>具体活动安排如下：</p><p style=\"word-wrap: break-word; margin: 0px; padding: 0px; outline: 0px; font-size: 14px; list-style-type: none; color: rgb(118, 118, 118); font-family: arial, 宋体; line-height: 24px;\"><span style=\"white-space:pre\">													</span>活动时间：10月23日</p>','人力资源','2013-03-21 18:50:19','2013-03-29 11:16:22',1,0,4,0,1,'\0',1),(38,30,2,3,'﻿﻿﻿﻿﻿﻿﻿﻿﻿﻿企业空间助力用友集团冲刺百分百——致用友人一封信一封信以','<table border=\"0\" cellspacing=\"0\" cellpadding=\"0\" width=\"596\" style=\"word-wrap: break-word; margin: 0px auto; padding: 0px; outline: 0px; font-size: 14px; border-collapse: collapse; border-spacing: 0px; color: rgb(118, 118, 118); font-family: arial, 宋体; line-height: 24px;\"><tbody style=\"word-wrap: break-word; margin: 0px; padding: 0px; outline: 0px; background-color: transparent;\"><tr style=\"word-wrap: break-word; margin: 0px; padding: 0px; outline: 0px; background-color: transparent;\"><td style=\"word-wrap: break-word; margin: 0px; padding: 0px; outline: 0px; font-size: 14px; background-color: transparent; list-style-type: none; width: 287.3pt; height: 23.25pt;\"><p style=\"word-wrap: break-word; margin: 0px; padding: 0px; outline: 0px; background-color: transparent; list-style-type: none; text-align: center;\"><strong style=\"word-wrap: break-word; margin: 0px; padding: 0px; outline: 0px; background-color: transparent;\"><span style=\"font-family:宋体;color:black;word-wrap: break-word; margin: 0px; padding: 0px; outline: 0px; font-size: 10pt; background-color: transparent;\">内容规划与具体安排</span></strong></p></td></tr><tr style=\"word-wrap: break-word; margin: 0px; padding: 0px; outline: 0px; background-color: transparent;\"><td style=\"word-wrap: break-word; margin: 0px; padding: 0px; outline: 0px; font-size: 14px; background-color: transparent; list-style-type: none; width: 287.3pt; height: 72pt;\"><p style=\"word-wrap: break-word; margin: 0px; padding: 0px; outline: 0px; background-color: transparent; list-style-type: none;\"><span style=\"font-family:宋体;color:black;word-wrap: break-word; margin: 0px; padding: 0px; outline: 0px; font-size: 10pt; background-color: transparent;\">1</span><span style=\"font-family:宋体;color:black;word-wrap: break-word; margin: 0px; padding: 0px; outline: 0px; font-size: 10pt; background-color: transparent;\">、培训通知<br style=\"word-wrap: break-word; margin: 0px; padding: 0px; outline: 0px; background-color: transparent;\" />2、各种通知<br style=\"word-wrap: break-word; margin: 0px; padding: 0px; outline: 0px; background-color: transparent;\" />3、新员工培训<br style=\"word-wrap: break-word; margin: 0px; padding: 0px; outline: 0px; background-color: transparent;\" />4、一切基于创造客户价值<br style=\"word-wrap: break-word; margin: 0px; padding: 0px; outline: 0px; background-color: transparent;\" />5、企业文化故事</span></p></td></tr><tr style=\"word-wrap: break-word; margin: 0px; padding: 0px; outline: 0px; background-color: transparent;\"><td style=\"word-wrap: break-word; margin: 0px; padding: 0px; outline: 0px; font-size: 14px; background-color: transparent; list-style-type: none; width: 287.3pt; height: 23.25pt;\"><p style=\"word-wrap: break-word; margin: 0px; padding: 0px; outline: 0px; background-color: transparent; list-style-type: none;\"><span style=\"font-family:宋体;color:black;word-wrap: break-word; margin: 0px; padding: 0px; outline: 0px; font-size: 10pt; background-color: transparent;\">培训资料、各种通知、发文、制度、图片分享</span></p></td></tr><tr style=\"word-wrap: break-word; margin: 0px; padding: 0px; outline: 0px; background-color: transparent;\"><td style=\"word-wrap: break-word; margin: 0px; padding: 0px; outline: 0px; font-size: 14px; background-color: transparent; list-style-type: none; width: 287.3pt; height: 23.25pt;\"><p style=\"word-wrap: break-word; margin: 0px; padding: 0px; outline: 0px; background-color: transparent; list-style-type: none;\"><span style=\"font-family:宋体;color:black;word-wrap: break-word; margin: 0px; padding: 0px; outline: 0px; font-size: 10pt; background-color: transparent;\">图片分享群组、各种俱乐部群组、人力资源群组、新员工群组</span></p></td></tr><tr style=\"word-wrap: break-word; margin: 0px; padding: 0px; outline: 0px; background-color: transparent;\"><td style=\"word-wrap: break-word; margin: 0px; padding: 0px; outline: 0px; font-size: 14px; background-color: transparent; list-style-type: none; width: 287.3pt; height: 31.5pt;\"><p style=\"word-wrap: break-word; margin: 0px; padding: 0px; outline: 0px; background-color: transparent; list-style-type: none;\"><span style=\"font-family:宋体;color:black;word-wrap: break-word; margin: 0px; padding: 0px; outline: 0px; font-size: 10pt; background-color: transparent;\">1</span><span style=\"font-family:宋体;color:black;word-wrap: break-word; margin: 0px; padding: 0px; outline: 0px; font-size: 10pt; background-color: transparent;\">、企业文化墙照片评选（阶段性）<br style=\"word-wrap: break-word; margin: 0px; padding: 0px; outline: 0px; background-color: transparent;\" />2、畅捷好声音</span></p></td></tr><tr style=\"word-wrap: break-word; margin: 0px; padding: 0px; outline: 0px; background-color: transparent;\"><td style=\"word-wrap: break-word; margin: 0px; padding: 0px; outline: 0px; font-size: 14px; background-color: transparent; list-style-type: none; width: 287.3pt; height: 23.25pt;\"><p style=\"word-wrap: break-word; margin: 0px; padding: 0px; outline: 0px; background-color: transparent; list-style-type: none;\"><span style=\"font-family:宋体;color:black;word-wrap: break-word; margin: 0px; padding: 0px; outline: 0px; font-size: 10pt; background-color: transparent;\">40-50%</span><span style=\"font-family:宋体;color:black;word-wrap: break-word; margin: 0px; padding: 0px; outline: 0px; font-size: 10pt; background-color: transparent;\">（程总每周至少上2-3次）</span></p></td></tr><tr style=\"word-wrap: break-word; margin: 0px; padding: 0px; outline: 0px; background-color: transparent;\"><td style=\"word-wrap: break-word; margin: 0px; padding: 0px; outline: 0px; font-size: 14px; background-color: transparent; list-style-type: none; width: 287.3pt; height: 87pt;\"><p style=\"word-wrap: break-word; margin: 0px; padding: 0px; outline: 0px; background-color: transparent; list-style-type: none;\"><span style=\"font-family:宋体;color:black;word-wrap: break-word; margin: 0px; padding: 0px; outline: 0px; font-size: 10pt; background-color: transparent;\">1</span><span style=\"font-family:宋体;color:black;word-wrap: break-word; margin: 0px; padding: 0px; outline: 0px; font-size: 10pt; background-color: transparent;\">、畅捷资讯<br style=\"word-wrap: break-word; margin: 0px; padding: 0px; outline: 0px; background-color: transparent;\" />2、小企业准则<br style=\"word-wrap: break-word; margin: 0px; padding: 0px; outline: 0px; background-color: transparent;\" />3、营改增<br style=\"word-wrap: break-word; margin: 0px; padding: 0px; outline: 0px; background-color: transparent;\" />4、成功案例传播<br style=\"word-wrap: break-word; margin: 0px; padding: 0px; outline: 0px; background-color: transparent;\" />5、会计文化节<br style=\"word-wrap: break-word; margin: 0px; padding: 0px; outline: 0px; background-color: transparent;\" />6、渠道大会（明年1-2月份）<br style=\"word-wrap: break-word; margin: 0px; padding: 0px; outline: 0px; background-color: transparent;\" />7、T</span></p></td></tr><tr style=\"word-wrap: break-word; margin: 0px; padding: 0px; outline: 0px; background-color: transparent;\"><td style=\"word-wrap: break-word; margin: 0px; padding: 0px; outline: 0px; font-size: 14px; background-color: transparent; list-style-type: none; width: 287.3pt; height: 23.25pt;\"><p style=\"word-wrap: break-word; margin: 0px; padding: 0px; outline: 0px; background-color: transparent; list-style-type: none;\"><span style=\"font-family:宋体;color:black;word-wrap: break-word; margin: 0px; padding: 0px; outline: 0px; font-size: 10pt; background-color: transparent;\">广告模板、新闻稿、公司VI、活动总结、知识分享</span></p></td></tr><tr style=\"word-wrap: break-word; margin: 0px; padding: 0px; outline: 0px; background-color: transparent;\"><td style=\"word-wrap: break-word; margin: 0px; padding: 0px; outline: 0px; font-size: 14px; background-color: transparent; list-style-type: none; width: 287.3pt; height: 23.25pt;\"><p style=\"word-wrap: break-word; margin: 0px; padding: 0px; outline: 0px; background-color: transparent; list-style-type: none;\"><span style=\"font-family:宋体;color:black;word-wrap: break-word; margin: 0px; padding: 0px; outline: 0px; font-size: 10pt; background-color: transparent;\">战略市场群组、传播群组、政府关系群组、广告群组、市场活动群组、品牌管理群组</span></p></td></tr><tr style=\"word-wrap: break-word; margin: 0px; padding: 0px; outline: 0px; background-color: transparent;\"><td style=\"word-wrap: break-word; margin: 0px; padding: 0px; outline: 0px; font-size: 14px; background-color: transparent; list-style-type: none; width: 287.3pt; height: 23.25pt;\"><p style=\"word-wrap: break-word; margin: 0px; padding: 0px; outline: 0px; background-color: transparent; list-style-type: none;\"><span style=\"font-family:宋体;color:black;word-wrap: break-word; margin: 0px; padding: 0px; outline: 0px; font-size: 10pt; background-color: transparent;\">配合项目不定期随机投票：如会计文化节</span></p></td></tr><tr style=\"word-wrap: break-word; margin: 0px; padding: 0px; outline: 0px; background-color: transparent;\"><td style=\"word-wrap: break-word; margin: 0px; padding: 0px; outline: 0px; font-size: 14px; background-color: transparent; list-style-type: none; width: 287.3pt; height: 23.25pt;\"><p style=\"word-wrap: break-word; margin: 0px; padding: 0px; outline: 0px; background-color: transparent; list-style-type: none;\"><span style=\"font-family:宋体;color:black;word-wrap: break-word; margin: 0px; padding: 0px; outline: 0px; font-size: 10pt; background-color: transparent;\">100%</span><span style=\"font-family:宋体;color:black;word-wrap: break-word; margin: 0px; padding: 0px; outline: 0px; font-size: 10pt; background-color: transparent;\">（夏总保证上线，每周至少上2-3次）</span></p></td></tr><tr style=\"word-wrap: break-word; margin: 0px; padding: 0px; outline: 0px; background-color: transparent;\"><td style=\"word-wrap: break-word; margin: 0px; padding: 0px; outline: 0px; font-size: 14px; background-color: transparent; list-style-type: none; width: 287.3pt; height: 49.5pt;\"><p style=\"word-wrap: break-word; margin: 0px; padding: 0px; outline: 0px; background-color: transparent; list-style-type: none;\"><span style=\"font-family:宋体;color:black;word-wrap: break-word; margin: 0px; padding: 0px; outline: 0px; font-size: 10pt; background-color: transparent;\">1</span><span style=\"font-family:宋体;color:black;word-wrap: break-word; margin: 0px; padding: 0px; outline: 0px; font-size: 10pt; background-color: transparent;\">、新员工导师<br style=\"word-wrap: break-word; margin: 0px; padding: 0px; outline: 0px; background-color: transparent;\" />2、运动嘉年华<br style=\"word-wrap: break-word; margin: 0px; padding: 0px; outline: 0px; background-color: transparent;\" />3、抽积木<br style=\"word-wrap: break-word; margin: 0px; padding: 0px; outline: 0px; background-color: transparent;\" />4、书评沙龙</span></p></td></tr><tr style=\"word-wrap: break-word; margin: 0px; padding: 0px; outline: 0px; background-color: transparent;\"><td style=\"word-wrap: break-word; margin: 0px; padding: 0px; outline: 0px; font-size: 14px; background-color: transparent; list-style-type: none; width: 287.3pt; height: 23.25pt;\"><p style=\"word-wrap: break-word; margin: 0px; padding: 0px; outline: 0px; background-color: transparent; list-style-type: none;\"><span style=\"font-family:宋体;color:black;word-wrap: break-word; margin: 0px; padding: 0px; outline: 0px; font-size: 10pt; background-color: transparent;\">各种通知、发文、制度、培训资料、知识文档分享</span></p></td></tr><tr style=\"word-wrap: break-word; margin: 0px; padding: 0px; outline: 0px; background-color: transparent;\"><td style=\"word-wrap: break-word; margin: 0px; padding: 0px; outline: 0px; font-size: 14px; background-color: transparent; list-style-type: none; width: 287.3pt; height: 23.25pt;\"><p style=\"word-wrap: break-word; margin: 0px; padding: 0px; outline: 0px; background-color: transparent; list-style-type: none;\"><span style=\"font-family:宋体;color:black;word-wrap: break-word; margin: 0px; padding: 0px; outline: 0px; font-size: 10pt; background-color: transparent;\">研发各部建立群组</span></p></td></tr><tr style=\"word-wrap: break-word; margin: 0px; padding: 0px; outline: 0px; background-color: transparent;\"><td style=\"word-wrap: break-word; margin: 0px; padding: 0px; outline: 0px; font-size: 14px; background-color: transparent; list-style-type: none; width: 287.3pt; height: 23.25pt;\"><p style=\"word-wrap: break-word; margin: 0px; padding: 0px; outline: 0px; background-color: transparent; list-style-type: none;\"><span style=\"font-family:宋体;color:black;word-wrap: break-word; margin: 0px; padding: 0px; outline: 0px; font-size: 10pt; background-color: transparent;\">配合项目不定期随机投票</span></p></td></tr><tr style=\"word-wrap: break-word; margin: 0px; padding: 0px; outline: 0px; background-color: transparent;\"><td style=\"word-wrap: break-word; margin: 0px; padding: 0px; outline: 0px; font-size: 14px; background-color: transparent; list-style-type: none; width: 287.3pt; height: 23.25pt;\"><p style=\"word-wrap: break-word; margin: 0px; padding: 0px; outline: 0px; background-color: transparent; list-style-type: none;\"><span style=\"font-family:宋体;color:black;word-wrap: break-word; margin: 0px; padding: 0px; outline: 0px; font-size: 10pt; background-color: transparent;\">10%</span><span style=\"font-family:宋体;color:black;word-wrap: break-word; margin: 0px; padding: 0px; outline: 0px; font-size: 10pt; background-color: transparent;\">（杨总、部门经理、项目经理保证上线，每周2-3次）</span></p></td></tr><tr style=\"word-wrap: break-word; margin: 0px; padding: 0px; outline: 0px; background-color: transparent;\"><td style=\"word-wrap: break-word; margin: 0px; padding: 0px; outline: 0px; font-size: 14px; background-color: transparent; list-style-type: none; width: 287.3pt; height: 76.5pt;\"><p style=\"word-wrap: break-word; margin: 0px; padding: 0px; outline: 0px; background-color: transparent; list-style-type: none;\"><span style=\"font-family:宋体;color:black;word-wrap: break-word; margin: 0px; padding: 0px; outline: 0px; font-size: 10pt; background-color: transparent;\">1</span><span style=\"font-family:宋体;color:black;word-wrap: break-word; margin: 0px; padding: 0px; outline: 0px; font-size: 10pt; background-color: transparent;\">、营改增活动<br style=\"word-wrap: break-word; margin: 0px; padding: 0px; outline: 0px; background-color: transparent;\" />2、小准则<br style=\"word-wrap: break-word; margin: 0px; padding: 0px; outline: 0px; background-color: transparent;\" />3、百团大战<br style=\"word-wrap: break-word; margin: 0px; padding: 0px; outline: 0px; background-color: transparent;\" />4、百城大战<br style=\"word-wrap: break-word; margin: 0px; padding: 0px; outline: 0px; background-color: transparent;\" />5、根据地建设<br style=\"word-wrap: break-word; margin: 0px; padding: 0px; outline: 0px; background-color: transparent;\" />6、会计文化节</span></p></td></tr><tr style=\"word-wrap: break-word; margin: 0px; padding: 0px; outline: 0px; background-color: transparent;\"><td style=\"word-wrap: break-word; margin: 0px; padding: 0px; outline: 0px; font-size: 14px; background-color: transparent; list-style-type: none; width: 287.3pt; height: 23.25pt;\"><p style=\"word-wrap: break-word; margin: 0px; padding: 0px; outline: 0px; background-color: transparent; list-style-type: none;\"><span style=\"font-family:宋体;color:black;word-wrap: break-word; margin: 0px; padding: 0px; outline: 0px; font-size: 10pt; background-color: transparent;\">各种通知、发文、制度、售前工具、产品资料</span></p></td></tr><tr style=\"word-wrap: break-word; margin: 0px; padding: 0px; outline: 0px; background-color: transparent;\"><td style=\"word-wrap: break-word; margin: 0px; padding: 0px; outline: 0px; font-size: 14px; background-color: transparent; list-style-type: none; width: 287.3pt; height: 23.25pt;\"><p style=\"word-wrap: break-word; margin: 0px; padding: 0px; outline: 0px; background-color: transparent; list-style-type: none;\"><span style=\"font-family:宋体;color:black;word-wrap: break-word; margin: 0px; padding: 0px; outline: 0px; font-size: 10pt; background-color: transparent;\">大区群组、办事处群组、微企分区群组、业务线群组</span></p></td></tr><tr style=\"word-wrap: break-word; margin: 0px; padding: 0px; outline: 0px; background-color: transparent;\"><td style=\"word-wrap: break-word; margin: 0px; padding: 0px; outline: 0px; font-size: 14px; background-color: transparent; list-style-type: none; width: 287.3pt; height: 23.25pt;\"><p style=\"word-wrap: break-word; margin: 0px; padding: 0px; outline: 0px; background-color: transparent; list-style-type: none;\"><span style=\"font-family:宋体;color:black;word-wrap: break-word; margin: 0px; padding: 0px; outline: 0px; font-size: 10pt; background-color: transparent;\">工作动态、工作心得体会分享、伙伴相关的工作</span></p></td></tr><tr style=\"word-wrap: break-word; margin: 0px; padding: 0px; outline: 0px; background-color: transparent;\"><td style=\"word-wrap: break-word; margin: 0px; padding: 0px; outline: 0px; font-size: 14px; background-color: transparent; list-style-type: none; width: 287.3pt; height: 23.25pt;\"><p style=\"word-wrap: break-word; margin: 0px; padding: 0px; outline: 0px; background-color: transparent; list-style-type: none;\"><span style=\"font-family:宋体;color:black;word-wrap: break-word; margin: 0px; padding: 0px; outline: 0px; font-size: 10pt; background-color: transparent;\">50%</span><span style=\"font-family:宋体;color:black;word-wrap: break-word; margin: 0px; padding: 0px; outline: 0px; font-size: 10pt; background-color: transparent;\">（孙总保证上线，每周至少2次）</span></p></td></tr><tr style=\"word-wrap: break-word; margin: 0px; padding: 0px; outline: 0px; background-color: transparent;\"><td style=\"word-wrap: break-word; margin: 0px; padding: 0px; outline: 0px; font-size: 14px; background-color: transparent; list-style-type: none; width: 287.3pt; height: 63pt;\"><p style=\"word-wrap: break-word; margin: 0px; padding: 0px; outline: 0px; background-color: transparent; list-style-type: none;\"><span style=\"font-family:宋体;color:black;word-wrap: break-word; margin: 0px; padding: 0px; outline: 0px; font-size: 10pt; background-color: transparent;\">1</span><span style=\"font-family:宋体;color:black;word-wrap: break-word; margin: 0px; padding: 0px; outline: 0px; font-size: 10pt; background-color: transparent;\">、联动经营PK赛<br style=\"word-wrap: break-word; margin: 0px; padding: 0px; outline: 0px; background-color: transparent;\" />2、服务太美（故事分享）<br style=\"word-wrap: break-word; margin: 0px; padding: 0px; outline: 0px; background-color: transparent;\" />3、服务产品（增值工具）<br style=\"word-wrap: break-word; margin: 0px; padding: 0px; outline: 0px; background-color: transparent;\" />4、服务系统建设</span></p></td></tr><tr style=\"word-wrap: break-word; margin: 0px; padding: 0px; outline: 0px; background-color: transparent;\"><td style=\"word-wrap: break-word; margin: 0px; padding: 0px; outline: 0px; font-size: 14px; background-color: transparent; list-style-type: none; width: 287.3pt; height: 23.25pt;\"><p style=\"word-wrap: break-word; margin: 0px; padding: 0px; outline: 0px; background-color: transparent; list-style-type: none;\"><span style=\"font-family:宋体;color:black;word-wrap: break-word; margin: 0px; padding: 0px; outline: 0px; font-size: 10pt; background-color: transparent;\">内部流程说明文档</span></p></td></tr><tr style=\"word-wrap: break-word; margin: 0px; padding: 0px; outline: 0px; background-color: transparent;\"><td style=\"word-wrap: break-word; margin: 0px; padding: 0px; outline: 0px; font-size: 14px; background-color: transparent; list-style-type: none; width: 287.3pt; height: 23.25pt;\"><p style=\"word-wrap: break-word; margin: 0px; padding: 0px; outline: 0px; background-color: transparent; list-style-type: none;\"><span style=\"font-family:宋体;color:black;word-wrap: break-word; margin: 0px; padding: 0px; outline: 0px; font-size: 10pt; background-color: transparent;\">服务支持部、培训教育部、服务管理部、联动经营部、其他</span></p></td></tr><tr style=\"word-wrap: break-word; margin: 0px; padding: 0px; outline: 0px; background-color: transparent;\"><td style=\"word-wrap: break-word; margin: 0px; padding: 0px; outline: 0px; font-size: 14px; background-color: transparent; list-style-type: none; width: 287.3pt; height: 23.25pt;\"><p style=\"word-wrap: break-word; margin: 0px; padding: 0px; outline: 0px; background-color: transparent; list-style-type: none;\"><span style=\"font-family:宋体;color:black;word-wrap: break-word; margin: 0px; padding: 0px; outline: 0px; font-size: 10pt; background-color: transparent;\">每周投票（聚焦客户满意度）、随机专业投票</span></p></td></tr><tr style=\"word-wrap: break-word; margin: 0px; padding: 0px; outline: 0px; background-color: transparent;\"><td style=\"word-wrap: break-word; margin: 0px; padding: 0px; outline: 0px; font-size: 14px; background-color: transparent; list-style-type: none; width: 287.3pt; height: 23.25pt;\"><p style=\"word-wrap: break-word; margin: 0px; padding: 0px; outline: 0px; background-color: transparent; list-style-type: none;\"><span style=\"font-family:宋体;color:black;word-wrap: break-word; margin: 0px; padding: 0px; outline: 0px; font-size: 10pt; background-color: transparent;\">线下不定期发布任务，吸引用户上线</span></p></td></tr><tr style=\"word-wrap: break-word; margin: 0px; padding: 0px; outline: 0px; background-color: transparent;\"><td style=\"word-wrap: break-word; margin: 0px; padding: 0px; outline: 0px; font-size: 14px; background-color: transparent; list-style-type: none; width: 287.3pt; height: 23.25pt;\"><p style=\"word-wrap: break-word; margin: 0px; padding: 0px; outline: 0px; background-color: transparent; list-style-type: none;\"><span style=\"font-family:宋体;color:black;word-wrap: break-word; margin: 0px; padding: 0px; outline: 0px; font-size: 10pt; background-color: transparent;\">35%</span><span style=\"font-family:宋体;color:black;word-wrap: break-word; margin: 0px; padding: 0px; outline: 0px; font-size: 10pt; background-color: transparent;\">（庞总、部门经理保证上线，每周至少2-3次）</span></p></td></tr><tr style=\"word-wrap: break-word; margin: 0px; padding: 0px; outline: 0px; background-color: transparent;\"><td style=\"word-wrap: break-word; margin: 0px; padding: 0px; outline: 0px; font-size: 14px; background-color: transparent; list-style-type: none; width: 287.3pt; height: 23.25pt;\"><p style=\"word-wrap: break-word; margin: 0px; padding: 0px; outline: 0px; background-color: transparent; list-style-type: none;\"><span style=\"font-family:宋体;color:black;word-wrap: break-word; margin: 0px; padding: 0px; outline: 0px; font-size: 10pt; background-color: transparent;\">　</span></p></td></tr><tr style=\"word-wrap: break-word; margin: 0px; padding: 0px; outline: 0px; background-color: transparent;\"><td style=\"word-wrap: break-word; margin: 0px; padding: 0px; outline: 0px; font-size: 14px; background-color: transparent; list-style-type: none; width: 287.3pt; height: 23.25pt;\"><p style=\"word-wrap: break-word; margin: 0px; padding: 0px; outline: 0px; background-color: transparent; list-style-type: none;\"><span style=\"font-family:宋体;color:black;word-wrap: break-word; margin: 0px; padding: 0px; outline: 0px; font-size: 10pt; background-color: transparent;\">　</span></p></td></tr><tr style=\"word-wrap: break-word; margin: 0px; padding: 0px; outline: 0px; background-color: transparent;\"><td style=\"word-wrap: break-word; margin: 0px; padding: 0px; outline: 0px; font-size: 14px; background-color: transparent; list-style-type: none; width: 287.3pt; height: 23.25pt;\"><p style=\"word-wrap: break-word; margin: 0px; padding: 0px; outline: 0px; background-color: transparent; list-style-type: none;\"><span style=\"font-family:宋体;color:black;word-wrap: break-word; margin: 0px; padding: 0px; outline: 0px; font-size: 10pt; background-color: transparent;\">　</span></p></td></tr><tr style=\"word-wrap: break-word; margin: 0px; padding: 0px; outline: 0px; background-color: transparent;\"><td style=\"word-wrap: break-word; margin: 0px; padding: 0px; outline: 0px; font-size: 14px; background-color: transparent; list-style-type: none; width: 287.3pt; height: 23.25pt;\"><p style=\"word-wrap: break-word; margin: 0px; padding: 0px; outline: 0px; background-color: transparent; list-style-type: none;\"><span style=\"font-family:宋体;color:black;word-wrap: break-word; margin: 0px; padding: 0px; outline: 0px; font-size: 10pt; background-color: transparent;\">　</span></p></td></tr><tr style=\"word-wrap: break-word; margin: 0px; padding: 0px; outline: 0px; background-color: transparent;\"><td style=\"word-wrap: break-word; margin: 0px; padding: 0px; outline: 0px; font-size: 14px; background-color: transparent; list-style-type: none; width: 287.3pt; height: 23.25pt;\"><p style=\"word-wrap: break-word; margin: 0px; padding: 0px; outline: 0px; background-color: transparent; list-style-type: none;\"><span style=\"font-family:宋体;color:black;word-wrap: break-word; margin: 0px; padding: 0px; outline: 0px; font-size: 10pt; background-color: transparent;\">　</span></p></td></tr><tr style=\"word-wrap: break-word; margin: 0px; padding: 0px; outline: 0px; background-color: transparent;\"><td style=\"word-wrap: break-word; margin: 0px; padding: 0px; outline: 0px; font-size: 14px; background-color: transparent; list-style-type: none; width: 287.3pt; height: 23.25pt;\"><p style=\"word-wrap: break-word; margin: 0px; padding: 0px; outline: 0px; background-color: transparent; list-style-type: none;\"><span style=\"font-family:宋体;color:black;word-wrap: break-word; margin: 0px; padding: 0px; outline: 0px; font-size: 10pt; background-color: transparent;\">　1、</span><span style=\"font-family:宋体;color:black;word-wrap: break-word; margin: 0px; padding: 0px; outline: 0px; font-size: 10pt; background-color: transparent;\">财税热点；2、</span><span style=\"font-family:宋体;color:black;word-wrap: break-word; margin: 0px; padding: 0px; outline: 0px; font-size: 10pt; background-color: transparent;\">讲座、市场活动通知；3、</span><span style=\"font-family:宋体;color:black;word-wrap: break-word; margin: 0px; padding: 0px; outline: 0px; font-size: 10pt; background-color: transparent;\">投票、调研等</span></p></td></tr><tr style=\"word-wrap: break-word; margin: 0px; padding: 0px; outline: 0px; background-color: transparent;\"><td style=\"word-wrap: break-word; margin: 0px; padding: 0px; outline: 0px; font-size: 14px; background-color: transparent; list-style-type: none; width: 287.3pt; height: 23.25pt;\"><p style=\"word-wrap: break-word; margin: 0px; padding: 0px; outline: 0px; background-color: transparent; list-style-type: none;\"><span style=\"font-family:宋体;color:black;word-wrap: break-word; margin: 0px; padding: 0px; outline: 0px; font-size: 10pt; background-color: transparent;\">培训资料、知识分享</span></p></td></tr><tr style=\"word-wrap: break-word; margin: 0px; padding: 0px; outline: 0px; background-color: transparent;\"><td style=\"word-wrap: break-word; margin: 0px; padding: 0px; outline: 0px; font-size: 14px; background-color: transparent; list-style-type: none; width: 287.3pt; height: 23.25pt;\"><p style=\"word-wrap: break-word; margin: 0px; padding: 0px; outline: 0px; background-color: transparent; list-style-type: none;\"><span style=\"font-family:宋体;color:black;word-wrap: break-word; margin: 0px; padding: 0px; outline: 0px; font-size: 10pt; background-color: transparent;\">财税云各部建立群组</span></p></td></tr><tr style=\"word-wrap: break-word; margin: 0px; padding: 0px; outline: 0px; background-color: transparent;\"><td style=\"word-wrap: break-word; margin: 0px; padding: 0px; outline: 0px; font-size: 14px; background-color: transparent; list-style-type: none; width: 287.3pt; height: 23.25pt;\"><p style=\"word-wrap: break-word; margin: 0px; padding: 0px; outline: 0px; background-color: transparent; list-style-type: none;\"><span style=\"font-family:宋体;color:black;word-wrap: break-word; margin: 0px; padding: 0px; outline: 0px; font-size: 10pt; background-color: transparent;\">聚焦客户需求和客户满意度</span></p></td></tr><tr style=\"word-wrap: break-word; margin: 0px; padding: 0px; outline: 0px; background-color: transparent;\"><td style=\"word-wrap: break-word; margin: 0px; padding: 0px; outline: 0px; font-size: 14px; background-color: transparent; list-style-type: none; width: 287.3pt; height: 22.5pt;\"><p style=\"word-wrap: break-word; margin: 0px; padding: 0px; outline: 0px; background-color: transparent; list-style-type: none;\"><span style=\"font-family:宋体;color:black;word-wrap: break-word; margin: 0px; padding: 0px; outline: 0px; font-size: 10pt; background-color: transparent;\">50%</span><span style=\"font-family:宋体;color:black;word-wrap: break-word; margin: 0px; padding: 0px; outline: 0px; font-size: 10pt; background-color: transparent;\">（瞿总保证上线，每周至少2次）</span></p></td></tr><tr style=\"word-wrap: break-word; margin: 0px; padding: 0px; outline: 0px; background-color: transparent;\"><td style=\"word-wrap: break-word; margin: 0px; padding: 0px; outline: 0px; font-size: 14px; background-color: transparent; list-style-type: none; width: 287.3pt; height: 22.5pt;\"><p style=\"word-wrap: break-word; margin: 0px; padding: 0px; outline: 0px; background-color: transparent; list-style-type: none;\"><span style=\"font-family:宋体;color:black;word-wrap: break-word; margin: 0px; padding: 0px; outline: 0px; font-size: 10pt; background-color: transparent;\">　</span></p></td></tr></tbody></table>','畅捷通协同云事业部','2013-03-21 18:54:32','2013-03-21 20:43:52',1,0,5,1,1,'\0',0),(39,2,2,2,'销字（2013）第07号 2013年营销中心考核激励方案','<p style=\"word-wrap: break-word; margin: 0px; padding: 0px; outline: 0px; font-size: 14px; list-style-type: none; color: rgb(118, 118, 118); font-family: arial, 宋体; line-height: 24px; text-align: center;\"><strong style=\"word-wrap: break-word; margin: 0px; padding: 0px; outline: 0px; background-color: transparent;\"><span style=\"font-family:宋体;word-wrap: break-word; margin: 0px; padding: 0px; outline: 0px; font-size: 14pt; background-color: transparent;\">2013</span><span style=\"font-family:宋体;word-wrap: break-word; margin: 0px; padding: 0px; outline: 0px; font-size: 14pt; background-color: transparent;\">年营销中心考核激励方案</span></strong></p><p style=\"word-wrap: break-word; margin: 0px; padding: 0px; outline: 0px; font-size: 14px; list-style-type: none; color: rgb(118, 118, 118); font-family: arial, 宋体; line-height: 24px; text-align: right;\"><span style=\"font-family:宋体;word-wrap: break-word; margin: 0px; padding: 0px; outline: 0px; background-color: transparent;\">签发人：孙国平</span></p><p style=\"word-wrap: break-word; margin: 0px; padding: 0px; outline: 0px; font-size: 14px; list-style-type: none; color: rgb(118, 118, 118); font-family: arial, 宋体; line-height: 24px; text-align: right;\"><span style=\"font-family:宋体;word-wrap: break-word; margin: 0px; padding: 0px; outline: 0px; background-color: transparent;\">签发时间：2013年3月6日</span></p><p style=\"word-wrap: break-word; margin: 0px; padding: 0px; outline: 0px; font-size: 14px; list-style-type: none; color: rgb(118, 118, 118); font-family: arial, 宋体; line-height: 24px;\"><span style=\"font-family:宋体;word-wrap: break-word; margin: 0px; padding: 0px; outline: 0px; background-color: transparent;\">&nbsp;</span></p><p style=\"word-wrap: break-word; margin: 0px; padding: 0px; outline: 0px; font-size: 14px; list-style-type: none; color: rgb(118, 118, 118); font-family: arial, 宋体; line-height: 24px;\"><span style=\"font-family:宋体;word-wrap: break-word; margin: 0px; padding: 0px; outline: 0px; background-color: transparent;\">&nbsp; &nbsp; 为了实现公司销售目标，充分激发销售人员的积极性，促进销售人员业绩不断争创新高，按时超额完成任务，特拟订2013年营销中心考核激励方案（简称：星光大道评选），具体如下：</span></p><p style=\"word-wrap: break-word; margin: 0px; padding: 0px; outline: 0px; font-size: 14px; list-style-type: none; color: rgb(118, 118, 118); font-family: arial, 宋体; line-height: 24px;\"><strong style=\"word-wrap: break-word; margin: 0px; padding: 0px; outline: 0px; background-color: transparent;\"><span style=\"font-family:宋体;word-wrap: break-word; margin: 0px; padding: 0px; outline: 0px; font-size: 12pt; background-color: transparent;\">一、激励对象：</span></strong></p><p style=\"word-wrap: break-word; margin: 0px; padding: 0px; outline: 0px; font-size: 14px; list-style-type: none; color: rgb(118, 118, 118); font-family: arial, 宋体; line-height: 24px;\"><span style=\"font-family:宋体;word-wrap: break-word; margin: 0px; padding: 0px; outline: 0px; background-color: transparent;\">一线业务机构：41个办事处</span></p><p style=\"word-wrap: break-word; margin: 0px; padding: 0px; outline: 0px; font-size: 14px; list-style-type: none; color: rgb(118, 118, 118); font-family: arial, 宋体; line-height: 24px;\"><span style=\"font-family:宋体;word-wrap: break-word; margin: 0px; padding: 0px; outline: 0px; background-color: transparent;\">总部业务部门：T业务部、T+业务部、培教业务部、政府行业业务部、服务业业务部、资源合作部、管理云业务部、协同云业务部、财税云业务部、大区管理部、产品市场部、畅捷通学院、销售管理部。</span></p><p style=\"word-wrap: break-word; margin: 0px; padding: 0px; outline: 0px; font-size: 14px; list-style-type: none; color: rgb(118, 118, 118); font-family: arial, 宋体; line-height: 24px;\"><strong style=\"word-wrap: break-word; margin: 0px; padding: 0px; outline: 0px; background-color: transparent;\"><span style=\"font-family:宋体;word-wrap: break-word; margin: 0px; padding: 0px; outline: 0px; font-size: 12pt; background-color: transparent;\">二、激励方案：</span></strong></p><p style=\"word-wrap: break-word; margin: 0px; padding: 0px; outline: 0px; font-size: 14px; list-style-type: none; color: rgb(118, 118, 118); font-family: arial, 宋体; line-height: 24px;\"><strong style=\"word-wrap: break-word; margin: 0px; padding: 0px; outline: 0px; background-color: transparent;\"><span style=\"font-family:宋体;word-wrap: break-word; margin: 0px; padding: 0px; outline: 0px; background-color: transparent;\">（一）业绩联赛</span></strong></p><p style=\"word-wrap: break-word; margin: 0px; padding: 0px; outline: 0px; font-size: 14px; list-style-type: none; color: rgb(118, 118, 118); font-family: arial, 宋体; line-height: 24px;\"><span style=\"font-family:宋体;word-wrap: break-word; margin: 0px; padding: 0px; outline: 0px; background-color: transparent;\">1</span><span style=\"font-family:宋体;word-wrap: break-word; margin: 0px; padding: 0px; outline: 0px; background-color: transparent;\">、赛事分布:</span></p><table border=\"1\" cellspacing=\"0\" cellpadding=\"0\" width=\"510\" style=\"word-wrap: break-word; margin: 0px auto; padding: 0px; outline: 0px; font-size: 14px; border-collapse: collapse; border-spacing: 0px; color: rgb(118, 118, 118); font-family: arial, 宋体; line-height: 24px;\"><tbody style=\"word-wrap: break-word; margin: 0px; padding: 0px; outline: 0px; background-color: transparent;\"><tr style=\"word-wrap: break-word; margin: 0px; padding: 0px; outline: 0px; background-color: transparent;\"><td style=\"word-wrap: break-word; margin: 0px; padding: 0px; outline: 0px; font-size: 14px; background-color: transparent; list-style-type: none; width: 77.95pt;\"><p style=\"word-wrap: break-word; margin: 0px; padding: 0px; outline: 0px; background-color: transparent; list-style-type: none; text-align: center;\"><span style=\"font-family:宋体;word-wrap: break-word; margin: 0px; padding: 0px; outline: 0px; background-color: transparent;\">对象</span></p></td><td style=\"word-wrap: break-word; margin: 0px; padding: 0px; outline: 0px; font-size: 14px; background-color: transparent; list-style-type: none; width: 78pt;\"><p style=\"word-wrap: break-word; margin: 0px; padding: 0px; outline: 0px; background-color: transparent; list-style-type: none; text-align: center;\"><span style=\"font-family:宋体;word-wrap: break-word; margin: 0px; padding: 0px; outline: 0px; background-color: transparent;\">网格赛事</span></p></td><td style=\"word-wrap: break-word; margin: 0px; padding: 0px; outline: 0px; font-size: 14px; background-color: transparent; list-style-type: none; width: 77.95pt;\"><p style=\"word-wrap: break-word; margin: 0px; padding: 0px; outline: 0px; background-color: transparent; list-style-type: none; text-align: center;\"><span style=\"font-family:宋体;word-wrap: break-word; margin: 0px; padding: 0px; outline: 0px; background-color: transparent;\">办事处赛事</span></p></td><td style=\"word-wrap: break-word; margin: 0px; padding: 0px; outline: 0px; font-size: 14px; background-color: transparent; list-style-type: none; width: 70.85pt;\"><p style=\"word-wrap: break-word; margin: 0px; padding: 0px; outline: 0px; background-color: transparent; list-style-type: none; text-align: center;\"><span style=\"font-family:宋体;word-wrap: break-word; margin: 0px; padding: 0px; outline: 0px; background-color: transparent;\">业务线赛事</span></p></td><td style=\"word-wrap: break-word; margin: 0px; padding: 0px; outline: 0px; font-size: 14px; background-color: transparent; list-style-type: none; width: 78pt;\"><p style=\"word-wrap: break-word; margin: 0px; padding: 0px; outline: 0px; background-color: transparent; list-style-type: none; text-align: center;\"><span style=\"font-family:宋体;word-wrap: break-word; margin: 0px; padding: 0px; outline: 0px; background-color: transparent;\">大区赛事</span></p></td></tr><tr style=\"word-wrap: break-word; margin: 0px; padding: 0px; outline: 0px; background-color: transparent;\"><td style=\"word-wrap: break-word; margin: 0px; padding: 0px; outline: 0px; font-size: 14px; background-color: transparent; list-style-type: none; width: 77.95pt;\"><p style=\"word-wrap: break-word; margin: 0px; padding: 0px; outline: 0px; background-color: transparent; list-style-type: none; text-align: center;\"><span style=\"font-family:宋体;word-wrap: break-word; margin: 0px; padding: 0px; outline: 0px; background-color: transparent;\">赛制设置</span></p></td><td style=\"word-wrap: break-word; margin: 0px; padding: 0px; outline: 0px; font-size: 14px; background-color: transparent; list-style-type: none; width: 78pt;\"><p style=\"word-wrap: break-word; margin: 0px; padding: 0px; outline: 0px; background-color: transparent; list-style-type: none;\"><span style=\"font-family:宋体;word-wrap: break-word; margin: 0px; padding: 0px; outline: 0px; background-color: transparent;\">大师赛</span></p><p style=\"word-wrap: break-word; margin: 0px; padding: 0px; outline: 0px; background-color: transparent; list-style-type: none;\"><span style=\"font-family:宋体;word-wrap: break-word; margin: 0px; padding: 0px; outline: 0px; background-color: transparent;\">明星赛</span></p><p style=\"word-wrap: break-word; margin: 0px; padding: 0px; outline: 0px; background-color: transparent; list-style-type: none;\"><span style=\"font-family:宋体;word-wrap: break-word; margin: 0px; padding: 0px; outline: 0px; background-color: transparent;\">勇士赛</span></p></td><td style=\"word-wrap: break-word; margin: 0px; padding: 0px; outline: 0px; font-size: 14px; background-color: transparent; list-style-type: none; width: 77.95pt;\"><p style=\"word-wrap: break-word; margin: 0px; padding: 0px; outline: 0px; background-color: transparent; list-style-type: none;\"><span style=\"font-family:宋体;word-wrap: break-word; margin: 0px; padding: 0px; outline: 0px; background-color: transparent;\">超级联赛</span></p><p style=\"word-wrap: break-word; margin: 0px; padding: 0px; outline: 0px; background-color: transparent; list-style-type: none;\"><span style=\"font-family:宋体;word-wrap: break-word; margin: 0px; padding: 0px; outline: 0px; background-color: transparent;\">甲级联赛</span></p><p style=\"word-wrap: break-word; margin: 0px; padding: 0px; outline: 0px; background-color: transparent; list-style-type: none;\"><span style=\"font-family:宋体;word-wrap: break-word; margin: 0px; padding: 0px; outline: 0px; background-color: transparent;\">乙级联赛</span></p></td><td style=\"word-wrap: break-word; margin: 0px; padding: 0px; outline: 0px; font-size: 14px; background-color: transparent; list-style-type: none; width: 70.85pt;\"><p style=\"word-wrap: break-word; margin: 0px; padding: 0px; outline: 0px; background-color: transparent; list-style-type: none;\"><span style=\"font-family:宋体;word-wrap: break-word; margin: 0px; padding: 0px; outline: 0px; background-color: transparent;\">大奖赛</span></p></td><td style=\"word-wrap: break-word; margin: 0px; padding: 0px; outline: 0px; font-size: 14px; background-color: transparent; list-style-type: none; width: 78pt;\"><p style=\"word-wrap: break-word; margin: 0px; padding: 0px; outline: 0px; background-color: transparent; list-style-type: none;\"><span style=\"font-family:宋体;word-wrap: break-word; margin: 0px; padding: 0px; outline: 0px; background-color: transparent;\">大区自行设计</span></p></td></tr><tr style=\"word-wrap: break-word; margin: 0px; padding: 0px; outline: 0px; background-color: transparent;\"><td style=\"word-wrap: break-word; margin: 0px; padding: 0px; outline: 0px; font-size: 14px; background-color: transparent; list-style-type: none; width: 77.95pt;\"><p style=\"word-wrap: break-word; margin: 0px; padding: 0px; outline: 0px; background-color: transparent; list-style-type: none; text-align: center;\"><span style=\"font-family:宋体;word-wrap: break-word; margin: 0px; padding: 0px; outline: 0px; background-color: transparent;\">奖项设置</span></p></td><td style=\"word-wrap: break-word; margin: 0px; padding: 0px; outline: 0px; font-size: 14px; background-color: transparent; list-style-type: none; width: 78pt;\"><p style=\"word-wrap: break-word; margin: 0px; padding: 0px; outline: 0px; background-color: transparent; list-style-type: none;\"><span style=\"font-family:宋体;word-wrap: break-word; margin: 0px; padding: 0px; outline: 0px; background-color: transparent;\">各取前五名</span></p></td><td style=\"word-wrap: break-word; margin: 0px; padding: 0px; outline: 0px; font-size: 14px; background-color: transparent; list-style-type: none; width: 77.95pt;\"><p style=\"word-wrap: break-word; margin: 0px; padding: 0px; outline: 0px; background-color: transparent; list-style-type: none;\"><span style=\"font-family:宋体;word-wrap: break-word; margin: 0px; padding: 0px; outline: 0px; background-color: transparent;\">各取前2名</span></p></td><td style=\"word-wrap: break-word; margin: 0px; padding: 0px; outline: 0px; font-size: 14px; background-color: transparent; list-style-type: none; width: 70.85pt;\"><p style=\"word-wrap: break-word; margin: 0px; padding: 0px; outline: 0px; background-color: transparent; list-style-type: none;\"><span style=\"font-family:宋体;word-wrap: break-word; margin: 0px; padding: 0px; outline: 0px; background-color: transparent;\">取前1名</span></p></td><td style=\"word-wrap: break-word; margin: 0px; padding: 0px; outline: 0px; font-size: 14px; background-color: transparent; list-style-type: none; width: 78pt;\"><p style=\"word-wrap: break-word; margin: 0px; padding: 0px; outline: 0px; background-color: transparent; list-style-type: none;\"><span style=\"font-family:宋体;word-wrap: break-word; margin: 0px; padding: 0px; outline: 0px; background-color: transparent;\">&nbsp;</span></p></td></tr><tr style=\"word-wrap: break-word; margin: 0px; padding: 0px; outline: 0px; background-color: transparent;\"><td style=\"word-wrap: break-word; margin: 0px; padding: 0px; outline: 0px; font-size: 14px; background-color: transparent; list-style-type: none; width: 77.95pt;\"><p style=\"word-wrap: break-word; margin: 0px; padding: 0px; outline: 0px; background-color: transparent; list-style-type: none; text-align: center;\"><span style=\"font-family:宋体;word-wrap: break-word; margin: 0px; padding: 0px; outline: 0px; background-color: transparent;\">分组说明</span></p></td><td style=\"word-wrap: break-word; margin: 0px; padding: 0px; outline: 0px; font-size: 14px; background-color: transparent; list-style-type: none; width: 78pt;\"><p style=\"word-wrap: break-word; margin: 0px; padding: 0px; outline: 0px; background-color: transparent; list-style-type: none;\"><span style=\"font-family:宋体;word-wrap: break-word; margin: 0px; padding: 0px; outline: 0px; background-color: transparent;\">网格赛事按网格业绩定额分成三组</span></p></td><td style=\"word-wrap: break-word; margin: 0px; padding: 0px; outline: 0px; font-size: 14px; background-color: transparent; list-style-type: none; width: 77.95pt;\"><p style=\"word-wrap: break-word; margin: 0px; padding: 0px; outline: 0px; background-color: transparent; list-style-type: none;\"><span style=\"font-family:宋体;word-wrap: break-word; margin: 0px; padding: 0px; outline: 0px; background-color: transparent;\">办事处赛事按办事处业绩定额分成三组</span></p></td><td style=\"word-wrap: break-word; margin: 0px; padding: 0px; outline: 0px; font-size: 14px; background-color: transparent; list-style-type: none; width: 70.85pt;\"><p style=\"word-wrap: break-word; margin: 0px; padding: 0px; outline: 0px; background-color: transparent; list-style-type: none;\"><span style=\"font-family:宋体;word-wrap: break-word; margin: 0px; padding: 0px; outline: 0px; background-color: transparent;\">&nbsp;</span></p></td><td style=\"word-wrap: break-word; margin: 0px; padding: 0px; outline: 0px; font-size: 14px; background-color: transparent; list-style-type: none; width: 78pt;\"><p style=\"word-wrap: break-word; margin: 0px; padding: 0px; outline: 0px; background-color: transparent; list-style-type: none;\"><span style=\"font-family:宋体;word-wrap: break-word; margin: 0px; padding: 0px; outline: 0px; background-color: transparent;\">&nbsp;</span></p></td></tr></tbody></table><p style=\"word-wrap: break-word; margin: 0px; padding: 0px; outline: 0px; font-size: 14px; list-style-type: none; color: rgb(118, 118, 118); font-family: arial, 宋体; line-height: 24px;\"><span style=\"font-family:宋体;word-wrap: break-word; margin: 0px; padding: 0px; outline: 0px; background-color: transparent;\">2</span><span style=\"font-family:宋体;word-wrap: break-word; margin: 0px; padding: 0px; outline: 0px; background-color: transparent;\">、赛事入围标准:</span></p><p style=\"word-wrap: break-word; margin: 0px; padding: 0px; outline: 0px; font-size: 14px; list-style-type: none; color: rgb(118, 118, 118); font-family: arial, 宋体; line-height: 24px;\"><span style=\"font-family:宋体;word-wrap: break-word; margin: 0px; padding: 0px; outline: 0px; background-color: transparent;\">&nbsp; &nbsp; 各赛事以当季完成率及累计完成率两个维度同时考虑，两个指标同时达到，方能入围参与评奖，具体标准如下：</span></p><table border=\"1\" cellspacing=\"0\" cellpadding=\"0\" width=\"400\" style=\"word-wrap: break-word; margin: 0px auto; padding: 0px; outline: 0px; font-size: 14px; border-collapse: collapse; border-spacing: 0px; color: rgb(118, 118, 118); font-family: arial, 宋体; line-height: 24px;\"><tbody style=\"word-wrap: break-word; margin: 0px; padding: 0px; outline: 0px; background-color: transparent;\"><tr style=\"word-wrap: break-word; margin: 0px; padding: 0px; outline: 0px; background-color: transparent;\"><td style=\"word-wrap: break-word; margin: 0px; padding: 0px; outline: 0px; font-size: 14px; background-color: transparent; list-style-type: none; width: 112pt; height: 13.5pt;\"><p style=\"word-wrap: break-word; margin: 0px; padding: 0px; outline: 0px; background-color: transparent; list-style-type: none; text-align: center;\"><strong style=\"word-wrap: break-word; margin: 0px; padding: 0px; outline: 0px; background-color: transparent;\"><span style=\"font-family:宋体;word-wrap: break-word; margin: 0px; padding: 0px; outline: 0px; font-size: 11pt; background-color: transparent;\">季度</span></strong></p></td><td style=\"word-wrap: break-word; margin: 0px; padding: 0px; outline: 0px; font-size: 14px; background-color: transparent; list-style-type: none; width: 51.9pt; height: 13.5pt;\"><p style=\"word-wrap: break-word; margin: 0px; padding: 0px; outline: 0px; background-color: transparent; list-style-type: none; text-align: center;\"><strong style=\"word-wrap: break-word; margin: 0px; padding: 0px; outline: 0px; background-color: transparent;\"><span style=\"font-family:宋体;word-wrap: break-word; margin: 0px; padding: 0px; outline: 0px; font-size: 11pt; background-color: transparent;\">Q1</span></strong></p></td><td style=\"word-wrap: break-word; margin: 0px; padding: 0px; outline: 0px; font-size: 14px; background-color: transparent; list-style-type: none; width: 43.5pt; height: 13.5pt;\"><p style=\"word-wrap: break-word; margin: 0px; padding: 0px; outline: 0px; background-color: transparent; list-style-type: none; text-align: center;\"><strong style=\"word-wrap: break-word; margin: 0px; padding: 0px; outline: 0px; background-color: transparent;\"><span style=\"font-family:宋体;word-wrap: break-word; margin: 0px; padding: 0px; outline: 0px; font-size: 11pt; background-color: transparent;\">Q2</span></strong></p></td><td style=\"word-wrap: break-word; margin: 0px; padding: 0px; outline: 0px; font-size: 14px; background-color: transparent; list-style-type: none; width: 41.7pt; height: 13.5pt;\"><p style=\"word-wrap: break-word; margin: 0px; padding: 0px; outline: 0px; background-color: transparent; list-style-type: none; text-align: center;\"><strong style=\"word-wrap: break-word; margin: 0px; padding: 0px; outline: 0px; background-color: transparent;\"><span style=\"font-family:宋体;word-wrap: break-word; margin: 0px; padding: 0px; outline: 0px; font-size: 11pt; background-color: transparent;\">Q3</span></strong></p></td><td style=\"word-wrap: break-word; margin: 0px; padding: 0px; outline: 0px; font-size: 14px; background-color: transparent; list-style-type: none; width: 50.85pt; height: 13.5pt;\"><p style=\"word-wrap: break-word; margin: 0px; padding: 0px; outline: 0px; background-color: transparent; list-style-type: none; text-align: center;\"><strong style=\"word-wrap: break-word; margin: 0px; padding: 0px; outline: 0px; background-color: transparent;\"><span style=\"font-family:宋体;word-wrap: break-word; margin: 0px; padding: 0px; outline: 0px; font-size: 11pt; background-color: transparent;\">Q4</span></strong></p></td></tr><tr style=\"word-wrap: break-word; margin: 0px; padding: 0px; outline: 0px; background-color: transparent;\"><td style=\"word-wrap: break-word; margin: 0px; padding: 0px; outline: 0px; font-size: 14px; background-color: transparent; list-style-type: none; width: 112pt; height: 13.5pt;\"><p style=\"word-wrap: break-word; margin: 0px; padding: 0px; outline: 0px; background-color: transparent; list-style-type: none; text-align: center;\"><strong style=\"word-wrap: break-word; margin: 0px; padding: 0px; outline: 0px; background-color: transparent;\"><span style=\"font-family:宋体;word-wrap: break-word; margin: 0px; padding: 0px; outline: 0px; font-size: 11pt; background-color: transparent;\">当季完成率</span></strong></p></td><td style=\"word-wrap: break-word; margin: 0px; padding: 0px; outline: 0px; font-size: 14px; background-color: transparent; list-style-type: none; width: 51.9pt; height: 13.5pt;\"><p style=\"word-wrap: break-word; margin: 0px; padding: 0px; outline: 0px; background-color: transparent; list-style-type: none; text-align: center;\"><span style=\"font-family:宋体;word-wrap: break-word; margin: 0px; padding: 0px; outline: 0px; font-size: 11pt; background-color: transparent;\">18</span></p></td><td style=\"word-wrap: break-word; margin: 0px; padding: 0px; outline: 0px; font-size: 14px; background-color: transparent; list-style-type: none; width: 43.5pt; height: 13.5pt;\"><p style=\"word-wrap: break-word; margin: 0px; padding: 0px; outline: 0px; background-color: transparent; list-style-type: none; text-align: center;\"><span style=\"font-family:宋体;word-wrap: break-word; margin: 0px; padding: 0px; outline: 0px; font-size: 11pt; background-color: transparent;\">20</span></p></td><td style=\"word-wrap: break-word; margin: 0px; padding: 0px; outline: 0px; font-size: 14px; background-color: transparent; list-style-type: none; width: 41.7pt; height: 13.5pt;\"><p style=\"word-wrap: break-word; margin: 0px; padding: 0px; outline: 0px; background-color: transparent; list-style-type: none; text-align: center;\"><span style=\"font-family:宋体;word-wrap: break-word; margin: 0px; padding: 0px; outline: 0px; font-size: 11pt; background-color: transparent;\">18</span></p></td><td style=\"word-wrap: break-word; margin: 0px; padding: 0px; outline: 0px; font-size: 14px; background-color: transparent; list-style-type: none; width: 50.85pt; height: 13.5pt;\"><p style=\"word-wrap: break-word; margin: 0px; padding: 0px; outline: 0px; background-color: transparent; list-style-type: none; text-align: center;\"><span style=\"font-family:宋体;word-wrap: break-word; margin: 0px; padding: 0px; outline: 0px; font-size: 11pt; background-color: transparent;\">20</span></p></td></tr><tr style=\"word-wrap: break-word; margin: 0px; padding: 0px; outline: 0px; background-color: transparent;\"><td style=\"word-wrap: break-word; margin: 0px; padding: 0px; outline: 0px; font-size: 14px; background-color: transparent; list-style-type: none; width: 112pt; height: 13.5pt;\"><p style=\"word-wrap: break-word; margin: 0px; padding: 0px; outline: 0px; background-color: transparent; list-style-type: none; text-align: center;\"><strong style=\"word-wrap: break-word; margin: 0px; padding: 0px; outline: 0px; background-color: transparent;\"><span style=\"font-family:宋体;word-wrap: break-word; margin: 0px; padding: 0px; outline: 0px; font-size: 11pt; background-color: transparent;\">累计完成率</span></strong></p></td><td style=\"word-wrap: break-word; margin: 0px; padding: 0px; outline: 0px; font-size: 14px; background-color: transparent; list-style-type: none; width: 51.9pt; height: 13.5pt;\"><p style=\"word-wrap: break-word; margin: 0px; padding: 0px; outline: 0px; background-color: transparent; list-style-type: none; text-align: center;\"><span style=\"font-family:宋体;word-wrap: break-word; margin: 0px; padding: 0px; outline: 0px; font-size: 11pt; background-color: transparent;\">18</span></p></td><td style=\"word-wrap: break-word; margin: 0px; padding: 0px; outline: 0px; font-size: 14px; background-color: transparent; list-style-type: none; width: 43.5pt; height: 13.5pt;\"><p style=\"word-wrap: break-word; margin: 0px; padding: 0px; outline: 0px; background-color: transparent; list-style-type: none; text-align: center;\"><span style=\"font-family:宋体;word-wrap: break-word; margin: 0px; padding: 0px; outline: 0px; font-size: 11pt; background-color: transparent;\">40</span></p></td><td style=\"word-wrap: break-word; margin: 0px; padding: 0px; outline: 0px; font-size: 14px; background-color: transparent; list-style-type: none; width: 41.7pt; height: 13.5pt;\"><p style=\"word-wrap: break-word; margin: 0px; padding: 0px; outline: 0px; background-color: transparent; list-style-type: none; text-align: center;\"><span style=\"font-family:宋体;word-wrap: break-word; margin: 0px; padding: 0px; outline: 0px; font-size: 11pt; background-color: transparent;\">60</span></p></td><td style=\"word-wrap: break-word; margin: 0px; padding: 0px; outline: 0px; font-size: 14px; background-color: transparent; list-style-type: none; width: 50.85pt; height: 13.5pt;\"><p style=\"word-wrap: break-word; margin: 0px; padding: 0px; outline: 0px; background-color: transparent; list-style-type: none; text-align: center;\"><span style=\"font-family:宋体;word-wrap: break-word; margin: 0px; padding: 0px; outline: 0px; font-size: 11pt; background-color: transparent;\">90</span></p></td></tr></tbody></table><p style=\"word-wrap: break-word; margin: 0px; padding: 0px; outline: 0px; font-size: 14px; list-style-type: none; color: rgb(118, 118, 118); font-family: arial, 宋体; line-height: 24px;\"><span style=\"font-family:宋体;word-wrap: break-word; margin: 0px; padding: 0px; outline: 0px; background-color: transparent;\">3</span><span style=\"font-family:宋体;word-wrap: break-word; margin: 0px; padding: 0px; outline: 0px; background-color: transparent;\">、网格赛制比赛规则:</span></p><p style=\"word-wrap: break-word; margin: 0px; padding: 0px; outline: 0px; font-size: 14px; list-style-type: none; color: rgb(118, 118, 118); font-family: arial, 宋体; line-height: 24px;\"><span style=\"font-family:宋体;word-wrap: break-word; margin: 0px; padding: 0px; outline: 0px; background-color: transparent;\">每季度网格完成率达到入围标准者，取前五名，授予“月达人”荣誉称号，同时给予该网格1000元奖励。该奖金为网格共有，由所在网格的网格经理与支持经理共同分享；如果获奖网格的支持经理只负责单一网格，则与网格经理评分奖金，如果获奖网格的支持经理同时负责两个网格，则支持经理分享奖金的40%，如果负责三个（含）以上网格，则支持经理分享奖金的30%。</span></p><p style=\"word-wrap: break-word; margin: 0px; padding: 0px; outline: 0px; font-size: 14px; list-style-type: none; color: rgb(118, 118, 118); font-family: arial, 宋体; line-height: 24px;\"><span style=\"font-family:宋体;word-wrap: break-word; margin: 0px; padding: 0px; outline: 0px; background-color: transparent;\">4</span><span style=\"font-family:宋体;word-wrap: break-word; margin: 0px; padding: 0px; outline: 0px; background-color: transparent;\">、办事处赛事细则:</span></p><p style=\"word-wrap: break-word; margin: 0px; padding: 0px; outline: 0px; font-size: 14px; list-style-type: none; color: rgb(118, 118, 118); font-family: arial, 宋体; line-height: 24px;\"><span style=\"font-family:宋体;word-wrap: break-word; margin: 0px; padding: 0px; outline: 0px; background-color: transparent;\">每个赛区中每季度达到入围标准者，取第二名，授予季度冠军，并给予2000元团队奖励，由团队成员共享。</span></p><p style=\"word-wrap: break-word; margin: 0px; padding: 0px; outline: 0px; font-size: 14px; list-style-type: none; color: rgb(118, 118, 118); font-family: arial, 宋体; line-height: 24px;\"><span style=\"font-family:宋体;word-wrap: break-word; margin: 0px; padding: 0px; outline: 0px; background-color: transparent;\">5</span><span style=\"font-family:宋体;word-wrap: break-word; margin: 0px; padding: 0px; outline: 0px; background-color: transparent;\">、业务部赛事细则:</span></p><p style=\"word-wrap: break-word; margin: 0px; padding: 0px; outline: 0px; font-size: 14px; list-style-type: none; color: rgb(118, 118, 118); font-family: arial, 宋体; line-height: 24px;\"><span style=\"font-family:宋体;word-wrap: break-word; margin: 0px; padding: 0px; outline: 0px; background-color: transparent;\">赛区中每季度达到入围标准者，取第一名，授予季度冠军，并给予2000元团队奖励，由团队成员共享。</span></p><p style=\"word-wrap: break-word; margin: 0px; padding: 0px; outline: 0px; font-size: 14px; list-style-type: none; color: rgb(118, 118, 118); font-family: arial, 宋体; line-height: 24px;\"><span style=\"font-family:宋体;word-wrap: break-word; margin: 0px; padding: 0px; outline: 0px; background-color: transparent;\">6</span><span style=\"font-family:宋体;word-wrap: break-word; margin: 0px; padding: 0px; outline: 0px; background-color: transparent;\">、大区赛事:</span></p><p style=\"word-wrap: break-word; margin: 0px; padding: 0px; outline: 0px; font-size: 14px; list-style-type: none; color: rgb(118, 118, 118); font-family: arial, 宋体; line-height: 24px;\"><span style=\"font-family:宋体;word-wrap: break-word; margin: 0px; padding: 0px; outline: 0px; background-color: transparent;\">大区自行设计比赛规则，方案报销管备案批准后执行，每季度5000元额度。</span></p><p style=\"word-wrap: break-word; margin: 0px; padding: 0px; outline: 0px; font-size: 14px; list-style-type: none; color: rgb(118, 118, 118); font-family: arial, 宋体; line-height: 24px;\"><strong style=\"word-wrap: break-word; margin: 0px; padding: 0px; outline: 0px; background-color: transparent;\"><span style=\"font-family:宋体;word-wrap: break-word; margin: 0px; padding: 0px; outline: 0px; background-color: transparent;\">（二）季度评优</span></strong></p><div style=\"word-wrap: break-word; margin: 0px; padding: 0px; outline: 0px; font-size: 14px; list-style-type: none; color: rgb(118, 118, 118); font-family: arial, 宋体; line-height: 24px;\"><table border=\"0\" cellspacing=\"0\" cellpadding=\"0\" width=\"548\" style=\"word-wrap: break-word; margin: 0px auto; padding: 0px; outline: 0px; font-size: 14px; background-color: transparent; border-collapse: collapse; border-spacing: 0px;\"><tbody style=\"word-wrap: break-word; margin: 0px; padding: 0px; outline: 0px; background-color: transparent;\"><tr style=\"word-wrap: break-word; margin: 0px; padding: 0px; outline: 0px; background-color: transparent;\"><td style=\"word-wrap: break-word; margin: 0px; padding: 0px; outline: 0px; font-size: 14px; background-color: transparent; list-style-type: none; width: 86pt; height: 13.5pt;\"><p style=\"word-wrap: break-word; margin: 0px; padding: 0px; outline: 0px; background-color: transparent; list-style-type: none; text-align: center;\"><strong style=\"word-wrap: break-word; margin: 0px; padding: 0px; outline: 0px; background-color: transparent;\"><span style=\"font-family:宋体;word-wrap: break-word; margin: 0px; padding: 0px; outline: 0px; background-color: transparent;\">类别</span></strong></p></td><td style=\"word-wrap: break-word; margin: 0px; padding: 0px; outline: 0px; font-size: 14px; background-color: transparent; list-style-type: none; width: 86pt; height: 13.5pt;\"><p style=\"word-wrap: break-word; margin: 0px; padding: 0px; outline: 0px; background-color: transparent; list-style-type: none; text-align: center;\"><strong style=\"word-wrap: break-word; margin: 0px; padding: 0px; outline: 0px; background-color: transparent;\"><span style=\"font-family:宋体;word-wrap: break-word; margin: 0px; padding: 0px; outline: 0px; background-color: transparent;\">奖项</span></strong></p></td><td style=\"word-wrap: break-word; margin: 0px; padding: 0px; outline: 0px; font-size: 14px; background-color: transparent; list-style-type: none; width: 86pt; height: 13.5pt;\"><p style=\"word-wrap: break-word; margin: 0px; padding: 0px; outline: 0px; background-color: transparent; list-style-type: none; text-align: center;\"><strong style=\"word-wrap: break-word; margin: 0px; padding: 0px; outline: 0px; background-color: transparent;\"><span style=\"font-family:宋体;word-wrap: break-word; margin: 0px; padding: 0px; outline: 0px; background-color: transparent;\">数量</span></strong></p></td><td style=\"word-wrap: break-word; margin: 0px; padding: 0px; outline: 0px; font-size: 14px; background-color: transparent; list-style-type: none; width: 152.9pt; height: 13.5pt;\"><p style=\"word-wrap: break-word; margin: 0px; padding: 0px; outline: 0px; background-color: transparent; list-style-type: none; text-align: center;\"><strong style=\"word-wrap: break-word; margin: 0px; padding: 0px; outline: 0px; background-color: transparent;\"><span style=\"font-family:宋体;word-wrap: break-word; margin: 0px; padding: 0px; outline: 0px; background-color: transparent;\">评选范围</span></strong></p></td></tr><tr style=\"word-wrap: break-word; margin: 0px; padding: 0px; outline: 0px; background-color: transparent;\"><td rowspan=\"4\" style=\"word-wrap: break-word; margin: 0px; padding: 0px; outline: 0px; font-size: 14px; background-color: transparent; list-style-type: none; width: 86pt; height: 13.5pt;\"><p style=\"word-wrap: break-word; margin: 0px; padding: 0px; outline: 0px; background-color: transparent; list-style-type: none; text-align: center;\"><span style=\"font-family:宋体;word-wrap: break-word; margin: 0px; padding: 0px; outline: 0px; font-size: 10pt; background-color: transparent;\">个人奖项</span></p></td><td style=\"word-wrap: break-word; margin: 0px; padding: 0px; outline: 0px; font-size: 14px; background-color: transparent; list-style-type: none; width: 86pt; height: 13.5pt;\"><p style=\"word-wrap: break-word; margin: 0px; padding: 0px; outline: 0px; background-color: transparent; list-style-type: none; text-align: center;\"><span style=\"font-family:宋体;word-wrap: break-word; margin: 0px; padding: 0px; outline: 0px; font-size: 10pt; background-color: transparent;\">布点先锋</span></p></td><td style=\"word-wrap: break-word; margin: 0px; padding: 0px; outline: 0px; font-size: 14px; background-color: transparent; list-style-type: none; width: 86pt; height: 13.5pt;\"><p style=\"word-wrap: break-word; margin: 0px; padding: 0px; outline: 0px; background-color: transparent; list-style-type: none; text-align: center;\"><span style=\"font-family:宋体;word-wrap: break-word; margin: 0px; padding: 0px; outline: 0px; font-size: 10pt; background-color: transparent;\">每大区1名</span></p></td><td rowspan=\"3\" style=\"word-wrap: break-word; margin: 0px; padding: 0px; outline: 0px; font-size: 14px; background-color: transparent; list-style-type: none; width: 152.9pt; height: 13.5pt;\"><p style=\"word-wrap: break-word; margin: 0px; padding: 0px; outline: 0px; background-color: transparent; list-style-type: none;\"><span style=\"font-family:宋体;word-wrap: break-word; margin: 0px; padding: 0px; outline: 0px; font-size: 10pt; background-color: transparent;\">所有办事处员工</span></p></td></tr><tr style=\"word-wrap: break-word; margin: 0px; padding: 0px; outline: 0px; background-color: transparent;\"><td style=\"word-wrap: break-word; margin: 0px; padding: 0px; outline: 0px; font-size: 14px; background-color: transparent; list-style-type: none; width: 86pt; height: 13.5pt;\"><p style=\"word-wrap: break-word; margin: 0px; padding: 0px; outline: 0px; background-color: transparent; list-style-type: none; text-align: center;\"><span style=\"font-family:宋体;word-wrap: break-word; margin: 0px; padding: 0px; outline: 0px; font-size: 10pt; background-color: transparent;\">市场先锋</span></p></td><td style=\"word-wrap: break-word; margin: 0px; padding: 0px; outline: 0px; font-size: 14px; background-color: transparent; list-style-type: none; width: 86pt; height: 13.5pt;\"><p style=\"word-wrap: break-word; margin: 0px; padding: 0px; outline: 0px; background-color: transparent; list-style-type: none; text-align: center;\"><span style=\"font-family:宋体;word-wrap: break-word; margin: 0px; padding: 0px; outline: 0px; font-size: 10pt; background-color: transparent;\">每大区1名</span></p></td></tr><tr style=\"word-wrap: break-word; margin: 0px; padding: 0px; outline: 0px; background-color: transparent;\"><td style=\"word-wrap: break-word; margin: 0px; padding: 0px; outline: 0px; font-size: 14px; background-color: transparent; list-style-type: none; width: 86pt; height: 13.5pt;\"><p style=\"word-wrap: break-word; margin: 0px; padding: 0px; outline: 0px; background-color: transparent; list-style-type: none; text-align: center;\"><span style=\"font-family:宋体;word-wrap: break-word; margin: 0px; padding: 0px; outline: 0px; font-size: 10pt; background-color: transparent;\">支持先锋</span></p></td><td style=\"word-wrap: break-word; margin: 0px; padding: 0px; outline: 0px; font-size: 14px; background-color: transparent; list-style-type: none; width: 86pt; height: 13.5pt;\"><p style=\"word-wrap: break-word; margin: 0px; padding: 0px; outline: 0px; background-color: transparent; list-style-type: none; text-align: center;\"><span style=\"font-family:宋体;word-wrap: break-word; margin: 0px; padding: 0px; outline: 0px; font-size: 10pt; background-color: transparent;\">每大区1名</span></p></td></tr><tr style=\"word-wrap: break-word; margin: 0px; padding: 0px; outline: 0px; background-color: transparent;\"><td style=\"word-wrap: break-word; margin: 0px; padding: 0px; outline: 0px; font-size: 14px; background-color: transparent; list-style-type: none; width: 86pt; height: 13.5pt;\"><p style=\"word-wrap: break-word; margin: 0px; padding: 0px; outline: 0px; background-color: transparent; list-style-type: none; text-align: center;\"><span style=\"font-family:宋体;word-wrap: break-word; margin: 0px; padding: 0px; outline: 0px; font-size: 10pt; background-color: transparent;\">优秀员工</span></p></td><td style=\"word-wrap: break-word; margin: 0px; padding: 0px; outline: 0px; font-size: 14px; background-color: transparent; list-style-type: none; width: 86pt; height: 13.5pt;\"><p style=\"word-wrap: break-word; margin: 0px; padding: 0px; outline: 0px; background-color: transparent; list-style-type: none; text-align: center;\"><span style=\"font-family:宋体;word-wrap: break-word; margin: 0px; padding: 0px; outline: 0px; font-size: 10pt; background-color: transparent;\">10</span><span style=\"font-family:宋体;word-wrap: break-word; margin: 0px; padding: 0px; outline: 0px; font-size: 10pt; background-color: transparent;\">名</span></p></td><td style=\"word-wrap: break-word; margin: 0px; padding: 0px; outline: 0px; font-size: 14px; background-color: transparent; list-style-type: none; width: 152.9pt; height: 13.5pt;\"><p style=\"word-wrap: break-word; margin: 0px; padding: 0px; outline: 0px; background-color: transparent; list-style-type: none;\"><span style=\"font-family:宋体;word-wrap: break-word; margin: 0px; padding: 0px; outline: 0px; font-size: 10pt; background-color: transparent;\">总部职能部门、大区支持部</span></p></td></tr><tr style=\"word-wrap: break-word; margin: 0px; padding: 0px; outline: 0px; background-color: transparent;\"><td style=\"word-wrap: break-word; margin: 0px; padding: 0px; outline: 0px; font-size: 14px; background-color: transparent; list-style-type: none; width: 86pt; height: 13.5pt;\"><p style=\"word-wrap: break-word; margin: 0px; padding: 0px; outline: 0px; background-color: transparent; list-style-type: none; text-align: center;\"><span style=\"font-family:宋体;word-wrap: break-word; margin: 0px; padding: 0px; outline: 0px; font-size: 10pt; background-color: transparent;\">团队奖项</span></p></td><td style=\"word-wrap: break-word; margin: 0px; padding: 0px; outline: 0px; font-size: 14px; background-color: transparent; list-style-type: none; width: 86pt; height: 13.5pt;\"><p style=\"word-wrap: break-word; margin: 0px; padding: 0px; outline: 0px; background-color: transparent; list-style-type: none; text-align: center;\"><span style=\"font-family:宋体;word-wrap: break-word; margin: 0px; padding: 0px; outline: 0px; font-size: 10pt; background-color: transparent;\">优秀团队</span></p></td><td style=\"word-wrap: break-word; margin: 0px; padding: 0px; outline: 0px; font-size: 14px; background-color: transparent; list-style-type: none; width: 86pt; height: 13.5pt;\"><p style=\"word-wrap: break-word; margin: 0px; padding: 0px; outline: 0px; background-color: transparent; list-style-type: none; text-align: center;\"><span style=\"font-family:宋体;word-wrap: break-word; margin: 0px; padding: 0px; outline: 0px; font-size: 10pt; background-color: transparent;\">3</span><span style=\"font-family:宋体;word-wrap: break-word; margin: 0px; padding: 0px; outline: 0px; font-size: 10pt; background-color: transparent;\">个</span></p></td><td style=\"word-wrap: break-word; margin: 0px; padding: 0px; outline: 0px; font-size: 14px; background-color: transparent; list-style-type: none; width: 152.9pt; height: 13.5pt;\"><p style=\"word-wrap: break-word; margin: 0px; padding: 0px; outline: 0px; background-color: transparent; list-style-type: none;\"><span style=\"font-family:宋体;word-wrap: break-word; margin: 0px; padding: 0px; outline: 0px; font-size: 10pt; background-color: transparent;\">营销中心所有部门</span></p></td></tr></tbody></table></div><p style=\"word-wrap: break-word; margin: 0px; padding: 0px; outline: 0px; font-size: 14px; list-style-type: none; color: rgb(118, 118, 118); font-family: arial, 宋体; line-height: 24px;\"><span style=\"font-family:宋体;word-wrap: break-word; margin: 0px; padding: 0px; outline: 0px; background-color: transparent;\">&nbsp; &nbsp; 季度评奖中，优秀员工每人奖励500元奖品，并授予相应荣誉称号；优秀团队给予2000元奖励，同时授予相应荣誉称号。</span></p><p style=\"word-wrap: break-word; margin: 0px; padding: 0px; outline: 0px; font-size: 14px; list-style-type: none; color: rgb(118, 118, 118); font-family: arial, 宋体; line-height: 24px;\"><strong style=\"word-wrap: break-word; margin: 0px; padding: 0px; outline: 0px; background-color: transparent;\"><span style=\"font-family:宋体;word-wrap: break-word; margin: 0px; padding: 0px; outline: 0px; background-color: transparent;\">（三）负激励</span></strong></p><p style=\"word-wrap: break-word; margin: 0px; padding: 0px; outline: 0px; font-size: 14px; list-style-type: none; color: rgb(118, 118, 118); font-family: arial, 宋体; line-height: 24px;\"><span style=\"font-family:宋体;word-wrap: break-word; margin: 0px; padding: 0px; outline: 0px; background-color: transparent;\">1</span><span style=\"font-family:宋体;word-wrap: break-word; margin: 0px; padding: 0px; outline: 0px; background-color: transparent;\">、适用对象：各办事处所有员工。试用期员工不参与末位淘汰，转正后正式参与。</span></p><p style=\"word-wrap: break-word; margin: 0px; padding: 0px; outline: 0px; font-size: 14px; list-style-type: none; color: rgb(118, 118, 118); font-family: arial, 宋体; line-height: 24px;\"><span style=\"font-family:宋体;word-wrap: break-word; margin: 0px; padding: 0px; outline: 0px; background-color: transparent;\">2</span><span style=\"font-family:宋体;word-wrap: break-word; margin: 0px; padding: 0px; outline: 0px; background-color: transparent;\">、激励方案：</span></p><p style=\"word-wrap: break-word; margin: 0px; padding: 0px; outline: 0px; font-size: 14px; list-style-type: none; color: rgb(118, 118, 118); font-family: arial, 宋体; line-height: 24px;\"><span style=\"font-family:宋体;word-wrap: break-word; margin: 0px; padding: 0px; outline: 0px; background-color: transparent;\">（1）网格经理/支持经理：</span></p><p style=\"word-wrap: break-word; margin: 0px; padding: 0px; outline: 0px; font-size: 14px; list-style-type: none; color: rgb(118, 118, 118); font-family: arial, 宋体; line-height: 24px;\"><span style=\"font-family:Wingdings;word-wrap: break-word; margin: 0px; padding: 0px; outline: 0px; background-color: transparent;\">n<span style=\"font-family:\'Times New Roman\';word-wrap: break-word; margin: 0px; padding: 0px; outline: 0px; font-size: 7pt; background-color: transparent;\">&nbsp;&nbsp;</span></span><span style=\"font-family:宋体;word-wrap: break-word; margin: 0px; padding: 0px; outline: 0px; background-color: transparent;\">所有一线承担业绩的网格经理，每季度按营销中心大排名，累计完成率排名最后五名的网格，网格经理与支持经理进入业绩警戒区（业绩同比正增长者除外）。</span></p><p style=\"word-wrap: break-word; margin: 0px; padding: 0px; outline: 0px; font-size: 14px; list-style-type: none; color: rgb(118, 118, 118); font-family: arial, 宋体; line-height: 24px;\"><span style=\"font-family:Wingdings;word-wrap: break-word; margin: 0px; padding: 0px; outline: 0px; background-color: transparent;\">n<span style=\"font-family:\'Times New Roman\';word-wrap: break-word; margin: 0px; padding: 0px; outline: 0px; font-size: 7pt; background-color: transparent;\">&nbsp;&nbsp;</span></span><span style=\"font-family:宋体;word-wrap: break-word; margin: 0px; padding: 0px; outline: 0px; background-color: transparent;\">针对进入业绩警戒区的人员，由办事处、大区提出帮扶措施，报销售管理部备案，连续两季度进入业绩预警区的人员，单独安排业绩面谈。</span></p><p style=\"word-wrap: break-word; margin: 0px; padding: 0px; outline: 0px; font-size: 14px; list-style-type: none; color: rgb(118, 118, 118); font-family: arial, 宋体; line-height: 24px;\"><span style=\"font-family:Wingdings;word-wrap: break-word; margin: 0px; padding: 0px; outline: 0px; background-color: transparent;\">n<span style=\"font-family:\'Times New Roman\';word-wrap: break-word; margin: 0px; padding: 0px; outline: 0px; font-size: 7pt; background-color: transparent;\">&nbsp;&nbsp;</span></span><span style=\"font-family:宋体;word-wrap: break-word; margin: 0px; padding: 0px; outline: 0px; background-color: transparent;\">每半年每大区淘汰1名（所有网格业绩正增长者除外）。</span></p><p style=\"word-wrap: break-word; margin: 0px; padding: 0px; outline: 0px; font-size: 14px; list-style-type: none; color: rgb(118, 118, 118); font-family: arial, 宋体; line-height: 24px;\"><span style=\"font-family:宋体;word-wrap: break-word; margin: 0px; padding: 0px; outline: 0px; background-color: transparent;\">（2）团队负责人</span></p><p style=\"word-wrap: break-word; margin: 0px; padding: 0px; outline: 0px; font-size: 14px; list-style-type: none; color: rgb(118, 118, 118); font-family: arial, 宋体; line-height: 24px;\"><span style=\"font-family:Wingdings;word-wrap: break-word; margin: 0px; padding: 0px; outline: 0px; background-color: transparent;\">n<span style=\"font-family:\'Times New Roman\';word-wrap: break-word; margin: 0px; padding: 0px; outline: 0px; font-size: 7pt; background-color: transparent;\">&nbsp;&nbsp;</span></span><span style=\"font-family:宋体;word-wrap: break-word; margin: 0px; padding: 0px; outline: 0px; background-color: transparent;\">每季度进行办事处季度大排名，业绩完成率排名最后五名，且业绩增幅低于全国平均水平的团队负责人，进入业绩警戒区。</span></p><p style=\"word-wrap: break-word; margin: 0px; padding: 0px; outline: 0px; font-size: 14px; list-style-type: none; color: rgb(118, 118, 118); font-family: arial, 宋体; line-height: 24px;\"><span style=\"font-family:Wingdings;word-wrap: break-word; margin: 0px; padding: 0px; outline: 0px; background-color: transparent;\">n<span style=\"font-family:\'Times New Roman\';word-wrap: break-word; margin: 0px; padding: 0px; outline: 0px; font-size: 7pt; background-color: transparent;\">&nbsp;&nbsp;</span></span><span style=\"font-family:宋体;word-wrap: break-word; margin: 0px; padding: 0px; outline: 0px; background-color: transparent;\">进入预警区的团队负责人，单独述职，单独业绩面谈。</span></p><p style=\"word-wrap: break-word; margin: 0px; padding: 0px; outline: 0px; font-size: 14px; list-style-type: none; color: rgb(118, 118, 118); font-family: arial, 宋体; line-height: 24px;\"><strong style=\"word-wrap: break-word; margin: 0px; padding: 0px; outline: 0px; background-color: transparent;\"><span style=\"font-family:宋体;word-wrap: break-word; margin: 0px; padding: 0px; outline: 0px; background-color: transparent;\">&nbsp;</span></strong></p><p style=\"word-wrap: break-word; margin: 0px; padding: 0px; outline: 0px; font-size: 14px; list-style-type: none; color: rgb(118, 118, 118); font-family: arial, 宋体; line-height: 24px;\"><strong style=\"word-wrap: break-word; margin: 0px; padding: 0px; outline: 0px; background-color: transparent;\"><span style=\"font-family:宋体;word-wrap: break-word; margin: 0px; padding: 0px; outline: 0px; background-color: transparent;\">本方案自3月1日起开始执行，有效期至2013年12月31日，由销售管理部负责解释。</span></strong></p><p style=\"word-wrap: break-word; margin: 0px; padding: 0px; outline: 0px; font-size: 14px; list-style-type: none; color: rgb(118, 118, 118); font-family: arial, 宋体; line-height: 24px;\"><strong style=\"word-wrap: break-word; margin: 0px; padding: 0px; outline: 0px; background-color: transparent;\"><span style=\"font-family:宋体;word-wrap: break-word; margin: 0px; padding: 0px; outline: 0px; background-color: transparent;\">&nbsp;</span></strong></p><p style=\"word-wrap: break-word; margin: 0px; padding: 0px; outline: 0px; font-size: 14px; list-style-type: none; color: rgb(118, 118, 118); font-family: arial, 宋体; line-height: 24px;\"><strong style=\"word-wrap: break-word; margin: 0px; padding: 0px; outline: 0px; background-color: transparent;\"><span style=\"font-family:宋体;word-wrap: break-word; margin: 0px; padding: 0px; outline: 0px; background-color: transparent;\">&nbsp;</span></strong></p><p style=\"word-wrap: break-word; margin: 0px; padding: 0px; outline: 0px; font-size: 14px; list-style-type: none; color: rgb(118, 118, 118); font-family: arial, 宋体; line-height: 24px;\"><strong style=\"word-wrap: break-word; margin: 0px; padding: 0px; outline: 0px; background-color: transparent;\"><span style=\"font-family:宋体;word-wrap: break-word; margin: 0px; padding: 0px; outline: 0px; background-color: transparent;\"></span></strong></p><p style=\"word-wrap: break-word; margin: 0px; padding: 0px; outline: 0px; font-size: 14px; list-style-type: none; color: rgb(118, 118, 118); font-family: arial, 宋体; line-height: 24px;\"><strong style=\"word-wrap: break-word; margin: 0px; padding: 0px; outline: 0px; background-color: transparent;\"><span style=\"font-family:宋体;word-wrap: break-word; margin: 0px; padding: 0px; outline: 0px; background-color: transparent;\">授权：</span></strong><span style=\"font-family:宋体;word-wrap: break-word; margin: 0px; padding: 0px; outline: 0px; background-color: transparent;\">营销管理委员成员、销售中心全体员工</span></p>','营销中心','2013-03-21 19:01:31','2013-03-21 19:01:31',1,0,0,0,0,'\0',0),(40,2,2,2,'干字（2013）第06号 2013年组织机构调整决定','<p style=\"word-wrap: break-word; margin: 0px; padding: 0px; outline: 0px; font-size: 14px; list-style-type: none; color: rgb(118, 118, 118); font-family: arial, 宋体; line-height: 24px; text-align: center;\"><span style=\"font-family:微软雅黑, sans-serif;word-wrap: break-word; margin: 0px; padding: 0px; outline: 0px; font-size: 12pt; background-color: transparent;\"><img src=\"http://esnimage.uu.com.cn/qz/201210/12/1350023486ghvJ.jpg\" alt=\"\" style=\"word-wrap: break-word; margin: 0px; padding: 0px; outline: 0px; background-color: transparent; border: 0px; vertical-align: top; max-width: 730px;\" /></span></p><p style=\"word-wrap: break-word; margin: 0px; padding: 0px; outline: 0px; font-size: 14px; list-style-type: none; color: rgb(118, 118, 118); font-family: arial, 宋体; line-height: 24px; text-align: center;\"><span style=\"font-family:微软雅黑, sans-serif;word-wrap: break-word; margin: 0px; padding: 0px; outline: 0px; font-size: 12pt; background-color: transparent;\">畅捷通&nbsp;<span style=\"color:red;word-wrap: break-word; margin: 0px; padding: 0px; outline: 0px; background-color: transparent;\">干字</span>（<span style=\"color:red;word-wrap: break-word; margin: 0px; padding: 0px; outline: 0px; background-color: transparent;\">2013</span>）第&nbsp;<span style=\"color:red;word-wrap: break-word; margin: 0px; padding: 0px; outline: 0px; background-color: transparent;\">05</span>号</span></p><div style=\"word-wrap: break-word; margin: 0px; padding: 0px; outline: 0px; font-size: 14px; list-style-type: none; color: rgb(118, 118, 118); font-family: arial, 宋体; line-height: 24px;\"><span style=\"font-family:宋体;word-wrap: break-word; margin: 0px; padding: 0px; outline: 0px; font-size: 12pt; background-color: transparent;\"></span><hr style=\"word-wrap: break-word; margin: 1em 0px; padding: 0px; outline: 0px; background-color: transparent; height: 1px; border-right-width: 0px; border-bottom-width: 0px; border-left-width: 0px; border-top-style: solid; border-top-color: rgb(204, 204, 204);\" /></div><p style=\"word-wrap: break-word; margin: 0px; padding: 0px; outline: 0px; font-size: 14px; list-style-type: none; color: rgb(118, 118, 118); font-family: arial, 宋体; line-height: 24px; text-align: center;\"><strong style=\"word-wrap: break-word; margin: 0px; padding: 0px; outline: 0px; background-color: transparent;\"><span style=\"font-family:宋体;word-wrap: break-word; margin: 0px; padding: 0px; outline: 0px; font-size: 16pt; background-color: transparent;\">干部任命决定</span></strong></p><p style=\"word-wrap: break-word; margin: 0px; padding: 0px; outline: 0px; font-size: 14px; list-style-type: none; color: rgb(118, 118, 118); font-family: arial, 宋体; line-height: 24px; text-align: right;\"><span style=\"font-family:宋体;word-wrap: break-word; margin: 0px; padding: 0px; outline: 0px; background-color: transparent;\"><span style=\"font-size:16px;word-wrap: break-word; margin: 0px; padding: 0px; outline: 0px; background-color: transparent;\">签发人：曾志勇</span></span></p><p style=\"word-wrap: break-word; margin: 0px; padding: 0px; outline: 0px; font-size: 14px; list-style-type: none; color: rgb(118, 118, 118); font-family: arial, 宋体; line-height: 24px; text-align: right;\"><span style=\"font-family:宋体;word-wrap: break-word; margin: 0px; padding: 0px; outline: 0px; background-color: transparent;\"><span style=\"font-size:16px;word-wrap: break-word; margin: 0px; padding: 0px; outline: 0px; background-color: transparent;\">签发时间：2013年3月18日</span></span></p><p style=\"word-wrap: break-word; margin: 0px; padding: 0px; outline: 0px; font-size: 14px; list-style-type: none; color: rgb(118, 118, 118); font-family: arial, 宋体; line-height: 24px;\"><span style=\"font-family:宋体;word-wrap: break-word; margin: 0px; padding: 0px; outline: 0px; background-color: transparent;\"><span style=\"font-size:16px;word-wrap: break-word; margin: 0px; padding: 0px; outline: 0px; background-color: transparent;\"></span></span>&nbsp;</p><p style=\"word-wrap: break-word; margin: 0px; padding: 0px; outline: 0px; font-size: 14px; list-style-type: none; color: rgb(118, 118, 118); font-family: arial, 宋体; line-height: 24px;\"><span style=\"font-family:宋体;word-wrap: break-word; margin: 0px; padding: 0px; outline: 0px; background-color: transparent;\"><span style=\"font-size:16px;word-wrap: break-word; margin: 0px; padding: 0px; outline: 0px; background-color: transparent;\">&nbsp;&nbsp;&nbsp; 根据畅捷通信息技术股份有限公司战略与业务发展需要，参照用友集团《干部管理制度》的规定，经公司总裁会批准，决定2013年度聘任信息如下：</span></span></p><div style=\"word-wrap: break-word; margin: 0px; padding: 0px; outline: 0px; font-size: 14px; list-style-type: none; color: rgb(118, 118, 118); font-family: arial, 宋体; line-height: 24px;\"><table border=\"0\" cellspacing=\"0\" cellpadding=\"0\" width=\"648\" style=\"word-wrap: break-word; margin: 0px auto; padding: 0px; outline: 0px; font-size: 14px; background-color: transparent; border-collapse: collapse; border-spacing: 0px;\"><tbody style=\"word-wrap: break-word; margin: 0px; padding: 0px; outline: 0px; background-color: transparent;\"><tr style=\"word-wrap: break-word; margin: 0px; padding: 0px; outline: 0px; background-color: transparent;\"><td style=\"word-wrap: break-word; margin: 0px; padding: 0px; outline: 0px; font-size: 14px; background-color: transparent; list-style-type: none; width: 73pt; height: 24pt;\"><p style=\"word-wrap: break-word; margin: 0px; padding: 0px; outline: 0px; background-color: transparent; list-style-type: none; text-align: center;\"><strong style=\"word-wrap: break-word; margin: 0px; padding: 0px; outline: 0px; background-color: transparent;\"><span style=\"font-family:宋体;word-wrap: break-word; margin: 0px; padding: 0px; outline: 0px; font-size: 10pt; background-color: transparent;\">姓名</span></strong></p></td><td style=\"word-wrap: break-word; margin: 0px; padding: 0px; outline: 0px; font-size: 14px; background-color: transparent; list-style-type: none; width: 165pt; height: 24pt;\"><p style=\"word-wrap: break-word; margin: 0px; padding: 0px; outline: 0px; background-color: transparent; list-style-type: none; text-align: center;\"><strong style=\"word-wrap: break-word; margin: 0px; padding: 0px; outline: 0px; background-color: transparent;\"><span style=\"font-family:宋体;word-wrap: break-word; margin: 0px; padding: 0px; outline: 0px; font-size: 10pt; background-color: transparent;\">机构（部门）</span></strong></p></td><td style=\"word-wrap: break-word; margin: 0px; padding: 0px; outline: 0px; font-size: 14px; background-color: transparent; list-style-type: none; width: 110pt; height: 24pt;\"><p style=\"word-wrap: break-word; margin: 0px; padding: 0px; outline: 0px; background-color: transparent; list-style-type: none; text-align: center;\"><strong style=\"word-wrap: break-word; margin: 0px; padding: 0px; outline: 0px; background-color: transparent;\"><span style=\"font-family:宋体;word-wrap: break-word; margin: 0px; padding: 0px; outline: 0px; font-size: 10pt; background-color: transparent;\">就任职位</span></strong></p></td><td style=\"word-wrap: break-word; margin: 0px; padding: 0px; outline: 0px; font-size: 14px; background-color: transparent; list-style-type: none; width: 63pt; height: 24pt;\"><p style=\"word-wrap: break-word; margin: 0px; padding: 0px; outline: 0px; background-color: transparent; list-style-type: none; text-align: center;\"><strong style=\"word-wrap: break-word; margin: 0px; padding: 0px; outline: 0px; background-color: transparent;\"><span style=\"font-family:宋体;word-wrap: break-word; margin: 0px; padding: 0px; outline: 0px; font-size: 10pt; background-color: transparent;\">职级</span></strong></p></td><td style=\"word-wrap: break-word; margin: 0px; padding: 0px; outline: 0px; font-size: 14px; background-color: transparent; list-style-type: none; width: 75pt; height: 24pt;\"><p style=\"word-wrap: break-word; margin: 0px; padding: 0px; outline: 0px; background-color: transparent; list-style-type: none; text-align: center;\"><strong style=\"word-wrap: break-word; margin: 0px; padding: 0px; outline: 0px; background-color: transparent;\"><span style=\"font-family:宋体;word-wrap: break-word; margin: 0px; padding: 0px; outline: 0px; font-size: 10pt; background-color: transparent;\">直接上级</span></strong></p></td></tr><tr style=\"word-wrap: break-word; margin: 0px; padding: 0px; outline: 0px; background-color: transparent;\"><td style=\"word-wrap: break-word; margin: 0px; padding: 0px; outline: 0px; font-size: 14px; background-color: transparent; list-style-type: none; width: 73pt; height: 24pt;\"><p style=\"word-wrap: break-word; margin: 0px; padding: 0px; outline: 0px; background-color: transparent; list-style-type: none; text-align: center;\"><span style=\"font-family:宋体;word-wrap: break-word; margin: 0px; padding: 0px; outline: 0px; background-color: transparent;\"><span style=\"font-size:16px;word-wrap: break-word; margin: 0px; padding: 0px; outline: 0px; background-color: transparent;\">丁伯超</span></span></p></td><td style=\"word-wrap: break-word; margin: 0px; padding: 0px; outline: 0px; font-size: 14px; background-color: transparent; list-style-type: none; width: 165pt; height: 24pt;\"><p style=\"word-wrap: break-word; margin: 0px; padding: 0px; outline: 0px; background-color: transparent; list-style-type: none; text-align: center;\"><span style=\"font-family:宋体;word-wrap: break-word; margin: 0px; padding: 0px; outline: 0px; background-color: transparent;\"><span style=\"font-size:16px;word-wrap: break-word; margin: 0px; padding: 0px; outline: 0px; background-color: transparent;\">创新应用研发本部</span></span></p></td><td style=\"word-wrap: break-word; margin: 0px; padding: 0px; outline: 0px; font-size: 14px; background-color: transparent; list-style-type: none; width: 110pt; height: 24pt;\"><p style=\"word-wrap: break-word; margin: 0px; padding: 0px; outline: 0px; background-color: transparent; list-style-type: none; text-align: center;\"><span style=\"font-family:宋体;word-wrap: break-word; margin: 0px; padding: 0px; outline: 0px; background-color: transparent;\"><span style=\"font-size:16px;word-wrap: break-word; margin: 0px; padding: 0px; outline: 0px; background-color: transparent;\">开发工具总监</span></span></p></td><td style=\"word-wrap: break-word; margin: 0px; padding: 0px; outline: 0px; font-size: 14px; background-color: transparent; list-style-type: none; width: 63pt; height: 24pt;\"><p style=\"word-wrap: break-word; margin: 0px; padding: 0px; outline: 0px; background-color: transparent; list-style-type: none; text-align: center;\"><span style=\"font-family:宋体;word-wrap: break-word; margin: 0px; padding: 0px; outline: 0px; background-color: transparent;\"><span style=\"font-size:16px;word-wrap: break-word; margin: 0px; padding: 0px; outline: 0px; background-color: transparent;\">4A</span></span></p></td><td style=\"word-wrap: break-word; margin: 0px; padding: 0px; outline: 0px; font-size: 14px; background-color: transparent; list-style-type: none; width: 75pt; height: 24pt;\"><p style=\"word-wrap: break-word; margin: 0px; padding: 0px; outline: 0px; background-color: transparent; list-style-type: none; text-align: center;\"><span style=\"font-family:宋体;word-wrap: break-word; margin: 0px; padding: 0px; outline: 0px; background-color: transparent;\"><span style=\"font-size:16px;word-wrap: break-word; margin: 0px; padding: 0px; outline: 0px; background-color: transparent;\">周昊</span></span></p></td></tr></tbody></table></div><p style=\"word-wrap: break-word; margin: 0px; padding: 0px; outline: 0px; font-size: 14px; list-style-type: none; color: rgb(118, 118, 118); font-family: arial, 宋体; line-height: 24px;\"><span style=\"font-family:宋体;word-wrap: break-word; margin: 0px; padding: 0px; outline: 0px; font-size: 12pt; background-color: transparent;\">&nbsp;</span></p><p style=\"word-wrap: break-word; margin: 0px; padding: 0px; outline: 0px; font-size: 14px; list-style-type: none; color: rgb(118, 118, 118); font-family: arial, 宋体; line-height: 24px;\"><strong style=\"word-wrap: break-word; margin: 0px; padding: 0px; outline: 0px; background-color: transparent;\"><span style=\"font-family:宋体;word-wrap: break-word; margin: 0px; padding: 0px; outline: 0px; font-size: 12pt; background-color: transparent;\">上述任期自发布之日起至2013年12月31日止。</span></strong></p><p style=\"word-wrap: break-word; margin: 0px; padding: 0px; outline: 0px; font-size: 14px; list-style-type: none; color: rgb(118, 118, 118); font-family: arial, 宋体; line-height: 24px;\"><strong style=\"word-wrap: break-word; margin: 0px; padding: 0px; outline: 0px; background-color: transparent;\"><span style=\"word-wrap: break-word; margin: 0px; padding: 0px; outline: 0px; font-size: 12pt; background-color: transparent;\"><span style=\"font-family:Calibri;word-wrap: break-word; margin: 0px; padding: 0px; outline: 0px; background-color: transparent;\">&nbsp;</span></span></strong></p><p style=\"word-wrap: break-word; margin: 0px; padding: 0px; outline: 0px; font-size: 14px; list-style-type: none; color: rgb(118, 118, 118); font-family: arial, 宋体; line-height: 24px;\"><strong style=\"word-wrap: break-word; margin: 0px; padding: 0px; outline: 0px; background-color: transparent;\"><span style=\"word-wrap: break-word; margin: 0px; padding: 0px; outline: 0px; font-size: 12pt; background-color: transparent;\"><span style=\"font-family:Calibri;word-wrap: break-word; margin: 0px; padding: 0px; outline: 0px; background-color: transparent;\">&nbsp;</span></span></strong></p><p style=\"word-wrap: break-word; margin: 0px; padding: 0px; outline: 0px; font-size: 14px; list-style-type: none; color: rgb(118, 118, 118); font-family: arial, 宋体; line-height: 24px;\"><strong style=\"word-wrap: break-word; margin: 0px; padding: 0px; outline: 0px; background-color: transparent;\"><span style=\"word-wrap: break-word; margin: 0px; padding: 0px; outline: 0px; font-size: 12pt; background-color: transparent;\"><span style=\"font-family:Calibri;word-wrap: break-word; margin: 0px; padding: 0px; outline: 0px; background-color: transparent;\">&nbsp;</span></span></strong></p><p style=\"word-wrap: break-word; margin: 0px; padding: 0px; outline: 0px; font-size: 14px; list-style-type: none; color: rgb(118, 118, 118); font-family: arial, 宋体; line-height: 24px;\"><strong style=\"word-wrap: break-word; margin: 0px; padding: 0px; outline: 0px; background-color: transparent;\"><span style=\"font-family:宋体;word-wrap: break-word; margin: 0px; padding: 0px; outline: 0px; font-size: 12pt; background-color: transparent;\">授权：全体</span></strong></p><p style=\"word-wrap: break-word; margin: 0px; padding: 0px; outline: 0px; font-size: 14px; list-style-type: none; color: rgb(118, 118, 118); font-family: arial, 宋体; line-height: 24px;\"><span style=\"font-family:宋体;word-wrap: break-word; margin: 0px; padding: 0px; outline: 0px; background-color: transparent;\"><span style=\"font-size:16px;word-wrap: break-word; margin: 0px; padding: 0px; outline: 0px; background-color: transparent;\">&nbsp;</span></span></p><hr style=\"word-wrap: break-word; margin: 1em 0px; padding: 0px; outline: 0px; font-size: 14px; height: 1px; border-right-width: 0px; border-bottom-width: 0px; border-left-width: 0px; border-top-style: solid; border-top-color: rgb(204, 204, 204); color: rgb(118, 118, 118); font-family: arial, 宋体; line-height: 24px;\" /><p style=\"word-wrap: break-word; margin: 0px; padding: 0px; outline: 0px; font-size: 14px; list-style-type: none; color: rgb(118, 118, 118); font-family: arial, 宋体; line-height: 24px;\"></p><p style=\"word-wrap: break-word; margin: 0px; padding: 0px; outline: 0px; font-size: 14px; list-style-type: none; color: rgb(118, 118, 118); font-family: arial, 宋体; line-height: 24px; text-align: center;\"><img class=\"wordImage\" src=\"http://esn.yonyou.com/js/lib/xheditor/xheditor_skin/blank.gif\" alt=\"\" style=\"word-wrap: break-word; margin: 725.25pt 0px 0px 205.5pt; padding: 0px; outline: 0px; background-color: transparent; border: 0px; vertical-align: top; max-width: 730px; z-index: -251658240; position: absolute; text-align: left; width: 161.75pt; height: 23.9pt; visibility: visible; left: 0px;\" /><img class=\"wordImage\" src=\"http://esn.yonyou.com/js/lib/xheditor/xheditor_skin/blank.gif\" alt=\"\" style=\"word-wrap: break-word; margin: 725.25pt 0px 0px 205.5pt; padding: 0px; outline: 0px; background-color: transparent; border: 0px; vertical-align: top; max-width: 730px; z-index: -251659264; position: absolute; text-align: left; width: 161.75pt; height: 23.9pt; visibility: visible; left: 0px;\" /><img src=\"http://esnimage.uu.com.cn/qz/201212/7/1354846265S852.jpg.thumb.jpg\" alt=\"\" style=\"word-wrap: break-word; margin: 0px; padding: 0px; outline: 0px; background-color: transparent; border: 0px; vertical-align: top; max-width: 730px;\" /></p>','人力资源部','2013-03-21 19:39:47','2013-03-21 19:39:47',1,0,0,0,0,'\0',0),(49,30,2,2,'干字（2013）第01号 2013年干部任命决定','<p style=\"word-wrap: break-word; margin: 0px; padding: 0px; outline: 0px; font-size: 14px; list-style-type: none; color: rgb(118, 118, 118); font-family: arial, 宋体; line-height: 24px; text-align: center;\"><span style=\"font-family:微软雅黑, sans-serif;word-wrap: break-word; margin: 0px; padding: 0px; outline: 0px; font-size: 12pt; background-color: transparent;\"><img src=\"http://esnimage.uu.com.cn/qz/201210/12/1350023486ghvJ.jpg\" alt=\"\" style=\"word-wrap: break-word; margin: 0px; padding: 0px; outline: 0px; background-color: transparent; border: 0px; vertical-align: top; max-width: 730px;\" /></span></p><p style=\"word-wrap: break-word; margin: 0px; padding: 0px; outline: 0px; font-size: 14px; list-style-type: none; color: rgb(118, 118, 118); font-family: arial, 宋体; line-height: 24px; text-align: center;\"><span style=\"font-family:微软雅黑, sans-serif;word-wrap: break-word; margin: 0px; padding: 0px; outline: 0px; font-size: 12pt; background-color: transparent;\">畅捷通&nbsp;<span style=\"color:red;word-wrap: break-word; margin: 0px; padding: 0px; outline: 0px; background-color: transparent;\">干字</span>（<span style=\"color:red;word-wrap: break-word; margin: 0px; padding: 0px; outline: 0px; background-color: transparent;\">2013</span>）第&nbsp;<span style=\"color:red;word-wrap: break-word; margin: 0px; padding: 0px; outline: 0px; background-color: transparent;\">05</span>号</span></p><div style=\"word-wrap: break-word; margin: 0px; padding: 0px; outline: 0px; font-size: 14px; list-style-type: none; color: rgb(118, 118, 118); font-family: arial, 宋体; line-height: 24px;\"><span style=\"font-family:宋体;word-wrap: break-word; margin: 0px; padding: 0px; outline: 0px; font-size: 12pt; background-color: transparent;\"></span><hr style=\"word-wrap: break-word; margin: 1em 0px; padding: 0px; outline: 0px; background-color: transparent; height: 1px; border-right-width: 0px; border-bottom-width: 0px; border-left-width: 0px; border-top-style: solid; border-top-color: rgb(204, 204, 204);\" /></div><p style=\"word-wrap: break-word; margin: 0px; padding: 0px; outline: 0px; font-size: 14px; list-style-type: none; color: rgb(118, 118, 118); font-family: arial, 宋体; line-height: 24px; text-align: center;\"><strong style=\"word-wrap: break-word; margin: 0px; padding: 0px; outline: 0px; background-color: transparent;\"><span style=\"font-family:宋体;word-wrap: break-word; margin: 0px; padding: 0px; outline: 0px; font-size: 16pt; background-color: transparent;\">干部任命决定</span></strong></p><p style=\"word-wrap: break-word; margin: 0px; padding: 0px; outline: 0px; font-size: 14px; list-style-type: none; color: rgb(118, 118, 118); font-family: arial, 宋体; line-height: 24px; text-align: right;\"><span style=\"font-family:宋体;word-wrap: break-word; margin: 0px; padding: 0px; outline: 0px; background-color: transparent;\"><span style=\"font-size:16px;word-wrap: break-word; margin: 0px; padding: 0px; outline: 0px; background-color: transparent;\">签发人：曾志勇</span></span></p><p style=\"word-wrap: break-word; margin: 0px; padding: 0px; outline: 0px; font-size: 14px; list-style-type: none; color: rgb(118, 118, 118); font-family: arial, 宋体; line-height: 24px; text-align: right;\"><span style=\"font-family:宋体;word-wrap: break-word; margin: 0px; padding: 0px; outline: 0px; background-color: transparent;\"><span style=\"font-size:16px;word-wrap: break-word; margin: 0px; padding: 0px; outline: 0px; background-color: transparent;\">签发时间：2013年3月18日</span></span></p><p style=\"word-wrap: break-word; margin: 0px; padding: 0px; outline: 0px; font-size: 14px; list-style-type: none; color: rgb(118, 118, 118); font-family: arial, 宋体; line-height: 24px;\"><span style=\"font-family:宋体;word-wrap: break-word; margin: 0px; padding: 0px; outline: 0px; background-color: transparent;\"><span style=\"font-size:16px;word-wrap: break-word; margin: 0px; padding: 0px; outline: 0px; background-color: transparent;\"></span></span>&nbsp;</p><p style=\"word-wrap: break-word; margin: 0px; padding: 0px; outline: 0px; font-size: 14px; list-style-type: none; color: rgb(118, 118, 118); font-family: arial, 宋体; line-height: 24px;\"><span style=\"font-family:宋体;word-wrap: break-word; margin: 0px; padding: 0px; outline: 0px; background-color: transparent;\"><span style=\"font-size:16px;word-wrap: break-word; margin: 0px; padding: 0px; outline: 0px; background-color: transparent;\">&nbsp;&nbsp;&nbsp; 根据畅捷通信息技术股份有限公司战略与业务发展需要，参照用友集团《干部管理制度》的规定，经公司总裁会批准，决定2013年度聘任信息如下：</span></span></p><div style=\"word-wrap: break-word; margin: 0px; padding: 0px; outline: 0px; font-size: 14px; list-style-type: none; color: rgb(118, 118, 118); font-family: arial, 宋体; line-height: 24px;\"><table border=\"0\" cellspacing=\"0\" cellpadding=\"0\" width=\"648\" style=\"word-wrap: break-word; margin: 0px auto; padding: 0px; outline: 0px; font-size: 14px; background-color: transparent; border-collapse: collapse; border-spacing: 0px;\"><tbody style=\"word-wrap: break-word; margin: 0px; padding: 0px; outline: 0px; background-color: transparent;\"><tr style=\"word-wrap: break-word; margin: 0px; padding: 0px; outline: 0px; background-color: transparent;\"><td style=\"word-wrap: break-word; margin: 0px; padding: 0px; outline: 0px; font-size: 14px; background-color: transparent; list-style-type: none; width: 73pt; height: 24pt;\"><p style=\"word-wrap: break-word; margin: 0px; padding: 0px; outline: 0px; background-color: transparent; list-style-type: none; text-align: center;\"><strong style=\"word-wrap: break-word; margin: 0px; padding: 0px; outline: 0px; background-color: transparent;\"><span style=\"font-family:宋体;word-wrap: break-word; margin: 0px; padding: 0px; outline: 0px; font-size: 10pt; background-color: transparent;\">姓名</span></strong></p></td><td style=\"word-wrap: break-word; margin: 0px; padding: 0px; outline: 0px; font-size: 14px; background-color: transparent; list-style-type: none; width: 165pt; height: 24pt;\"><p style=\"word-wrap: break-word; margin: 0px; padding: 0px; outline: 0px; background-color: transparent; list-style-type: none; text-align: center;\"><strong style=\"word-wrap: break-word; margin: 0px; padding: 0px; outline: 0px; background-color: transparent;\"><span style=\"font-family:宋体;word-wrap: break-word; margin: 0px; padding: 0px; outline: 0px; font-size: 10pt; background-color: transparent;\">机构（部门）</span></strong></p></td><td style=\"word-wrap: break-word; margin: 0px; padding: 0px; outline: 0px; font-size: 14px; background-color: transparent; list-style-type: none; width: 110pt; height: 24pt;\"><p style=\"word-wrap: break-word; margin: 0px; padding: 0px; outline: 0px; background-color: transparent; list-style-type: none; text-align: center;\"><strong style=\"word-wrap: break-word; margin: 0px; padding: 0px; outline: 0px; background-color: transparent;\"><span style=\"font-family:宋体;word-wrap: break-word; margin: 0px; padding: 0px; outline: 0px; font-size: 10pt; background-color: transparent;\">就任职位</span></strong></p></td><td style=\"word-wrap: break-word; margin: 0px; padding: 0px; outline: 0px; font-size: 14px; background-color: transparent; list-style-type: none; width: 63pt; height: 24pt;\"><p style=\"word-wrap: break-word; margin: 0px; padding: 0px; outline: 0px; background-color: transparent; list-style-type: none; text-align: center;\"><strong style=\"word-wrap: break-word; margin: 0px; padding: 0px; outline: 0px; background-color: transparent;\"><span style=\"font-family:宋体;word-wrap: break-word; margin: 0px; padding: 0px; outline: 0px; font-size: 10pt; background-color: transparent;\">职级</span></strong></p></td><td style=\"word-wrap: break-word; margin: 0px; padding: 0px; outline: 0px; font-size: 14px; background-color: transparent; list-style-type: none; width: 75pt; height: 24pt;\"><p style=\"word-wrap: break-word; margin: 0px; padding: 0px; outline: 0px; background-color: transparent; list-style-type: none; text-align: center;\"><strong style=\"word-wrap: break-word; margin: 0px; padding: 0px; outline: 0px; background-color: transparent;\"><span style=\"font-family:宋体;word-wrap: break-word; margin: 0px; padding: 0px; outline: 0px; font-size: 10pt; background-color: transparent;\">直接上级</span></strong></p></td></tr><tr style=\"word-wrap: break-word; margin: 0px; padding: 0px; outline: 0px; background-color: transparent;\"><td style=\"word-wrap: break-word; margin: 0px; padding: 0px; outline: 0px; font-size: 14px; background-color: transparent; list-style-type: none; width: 73pt; height: 24pt;\"><p style=\"word-wrap: break-word; margin: 0px; padding: 0px; outline: 0px; background-color: transparent; list-style-type: none; text-align: center;\"><span style=\"font-family:宋体;word-wrap: break-word; margin: 0px; padding: 0px; outline: 0px; background-color: transparent;\"><span style=\"font-size:16px;word-wrap: break-word; margin: 0px; padding: 0px; outline: 0px; background-color: transparent;\">丁伯超</span></span></p></td><td style=\"word-wrap: break-word; margin: 0px; padding: 0px; outline: 0px; font-size: 14px; background-color: transparent; list-style-type: none; width: 165pt; height: 24pt;\"><p style=\"word-wrap: break-word; margin: 0px; padding: 0px; outline: 0px; background-color: transparent; list-style-type: none; text-align: center;\"><span style=\"font-family:宋体;word-wrap: break-word; margin: 0px; padding: 0px; outline: 0px; background-color: transparent;\"><span style=\"font-size:16px;word-wrap: break-word; margin: 0px; padding: 0px; outline: 0px; background-color: transparent;\">创新应用研发本部</span></span></p></td><td style=\"word-wrap: break-word; margin: 0px; padding: 0px; outline: 0px; font-size: 14px; background-color: transparent; list-style-type: none; width: 110pt; height: 24pt;\"><p style=\"word-wrap: break-word; margin: 0px; padding: 0px; outline: 0px; background-color: transparent; list-style-type: none; text-align: center;\"><span style=\"font-family:宋体;word-wrap: break-word; margin: 0px; padding: 0px; outline: 0px; background-color: transparent;\"><span style=\"font-size:16px;word-wrap: break-word; margin: 0px; padding: 0px; outline: 0px; background-color: transparent;\">开发工具总监</span></span></p></td><td style=\"word-wrap: break-word; margin: 0px; padding: 0px; outline: 0px; font-size: 14px; background-color: transparent; list-style-type: none; width: 63pt; height: 24pt;\"><p style=\"word-wrap: break-word; margin: 0px; padding: 0px; outline: 0px; background-color: transparent; list-style-type: none; text-align: center;\"><span style=\"font-family:宋体;word-wrap: break-word; margin: 0px; padding: 0px; outline: 0px; background-color: transparent;\"><span style=\"font-size:16px;word-wrap: break-word; margin: 0px; padding: 0px; outline: 0px; background-color: transparent;\">4A</span></span></p></td><td style=\"word-wrap: break-word; margin: 0px; padding: 0px; outline: 0px; font-size: 14px; background-color: transparent; list-style-type: none; width: 75pt; height: 24pt;\"><p style=\"word-wrap: break-word; margin: 0px; padding: 0px; outline: 0px; background-color: transparent; list-style-type: none; text-align: center;\"><span style=\"font-family:宋体;word-wrap: break-word; margin: 0px; padding: 0px; outline: 0px; background-color: transparent;\"><span style=\"font-size:16px;word-wrap: break-word; margin: 0px; padding: 0px; outline: 0px; background-color: transparent;\">周昊</span></span></p></td></tr></tbody></table></div><p style=\"word-wrap: break-word; margin: 0px; padding: 0px; outline: 0px; font-size: 14px; list-style-type: none; color: rgb(118, 118, 118); font-family: arial, 宋体; line-height: 24px;\"><span style=\"font-family:宋体;word-wrap: break-word; margin: 0px; padding: 0px; outline: 0px; font-size: 12pt; background-color: transparent;\">&nbsp;</span></p><p style=\"word-wrap: break-word; margin: 0px; padding: 0px; outline: 0px; font-size: 14px; list-style-type: none; color: rgb(118, 118, 118); font-family: arial, 宋体; line-height: 24px;\"><strong style=\"word-wrap: break-word; margin: 0px; padding: 0px; outline: 0px; background-color: transparent;\"><span style=\"font-family:宋体;word-wrap: break-word; margin: 0px; padding: 0px; outline: 0px; font-size: 12pt; background-color: transparent;\">上述任期自发布之日起至2013年12月31日止。</span></strong></p><p style=\"word-wrap: break-word; margin: 0px; padding: 0px; outline: 0px; font-size: 14px; list-style-type: none; color: rgb(118, 118, 118); font-family: arial, 宋体; line-height: 24px;\"><strong style=\"word-wrap: break-word; margin: 0px; padding: 0px; outline: 0px; background-color: transparent;\"><span style=\"word-wrap: break-word; margin: 0px; padding: 0px; outline: 0px; font-size: 12pt; background-color: transparent;\"><span style=\"font-family:Calibri;word-wrap: break-word; margin: 0px; padding: 0px; outline: 0px; background-color: transparent;\">&nbsp;</span></span></strong></p><p style=\"word-wrap: break-word; margin: 0px; padding: 0px; outline: 0px; font-size: 14px; list-style-type: none; color: rgb(118, 118, 118); font-family: arial, 宋体; line-height: 24px;\"><strong style=\"word-wrap: break-word; margin: 0px; padding: 0px; outline: 0px; background-color: transparent;\"><span style=\"word-wrap: break-word; margin: 0px; padding: 0px; outline: 0px; font-size: 12pt; background-color: transparent;\"><span style=\"font-family:Calibri;word-wrap: break-word; margin: 0px; padding: 0px; outline: 0px; background-color: transparent;\">&nbsp;</span></span></strong></p><p style=\"word-wrap: break-word; margin: 0px; padding: 0px; outline: 0px; font-size: 14px; list-style-type: none; color: rgb(118, 118, 118); font-family: arial, 宋体; line-height: 24px;\"><strong style=\"word-wrap: break-word; margin: 0px; padding: 0px; outline: 0px; background-color: transparent;\"><span style=\"word-wrap: break-word; margin: 0px; padding: 0px; outline: 0px; font-size: 12pt; background-color: transparent;\"><span style=\"font-family:Calibri;word-wrap: break-word; margin: 0px; padding: 0px; outline: 0px; background-color: transparent;\">&nbsp;</span></span></strong></p><p style=\"word-wrap: break-word; margin: 0px; padding: 0px; outline: 0px; font-size: 14px; list-style-type: none; color: rgb(118, 118, 118); font-family: arial, 宋体; line-height: 24px;\"><strong style=\"word-wrap: break-word; margin: 0px; padding: 0px; outline: 0px; background-color: transparent;\"><span style=\"font-family:宋体;word-wrap: break-word; margin: 0px; padding: 0px; outline: 0px; font-size: 12pt; background-color: transparent;\">授权：全体</span></strong></p><p style=\"word-wrap: break-word; margin: 0px; padding: 0px; outline: 0px; font-size: 14px; list-style-type: none; color: rgb(118, 118, 118); font-family: arial, 宋体; line-height: 24px;\"><span style=\"font-family:宋体;word-wrap: break-word; margin: 0px; padding: 0px; outline: 0px; background-color: transparent;\"><span style=\"font-size:16px;word-wrap: break-word; margin: 0px; padding: 0px; outline: 0px; background-color: transparent;\">&nbsp;</span></span></p><hr style=\"word-wrap: break-word; margin: 1em 0px; padding: 0px; outline: 0px; font-size: 14px; height: 1px; border-right-width: 0px; border-bottom-width: 0px; border-left-width: 0px; border-top-style: solid; border-top-color: rgb(204, 204, 204); color: rgb(118, 118, 118); font-family: arial, 宋体; line-height: 24px;\" /><p style=\"word-wrap: break-word; margin: 0px; padding: 0px; outline: 0px; font-size: 14px; list-style-type: none; color: rgb(118, 118, 118); font-family: arial, 宋体; line-height: 24px;\"></p><p style=\"word-wrap: break-word; margin: 0px; padding: 0px; outline: 0px; font-size: 14px; list-style-type: none; color: rgb(118, 118, 118); font-family: arial, 宋体; line-height: 24px; text-align: center;\"><img class=\"wordImage\" src=\"http://esn.yonyou.com/js/lib/xheditor/xheditor_skin/blank.gif\" alt=\"\" style=\"word-wrap: break-word; margin: 725.25pt 0px 0px 205.5pt; padding: 0px; outline: 0px; background-color: transparent; border: 0px; vertical-align: top; max-width: 730px; z-index: -251658240; position: absolute; text-align: left; width: 161.75pt; height: 23.9pt; visibility: visible; left: 0px;\" /><img class=\"wordImage\" src=\"http://esn.yonyou.com/js/lib/xheditor/xheditor_skin/blank.gif\" alt=\"\" style=\"word-wrap: break-word; margin: 725.25pt 0px 0px 205.5pt; padding: 0px; outline: 0px; background-color: transparent; border: 0px; vertical-align: top; max-width: 730px; z-index: -251659264; position: absolute; text-align: left; width: 161.75pt; height: 23.9pt; visibility: visible; left: 0px;\" /><img src=\"http://esnimage.uu.com.cn/qz/201212/7/1354846265S852.jpg.thumb.jpg\" alt=\"\" style=\"word-wrap: break-word; margin: 0px; padding: 0px; outline: 0px; background-color: transparent; border: 0px; vertical-align: top; max-width: 730px;\" /></p>','人力资源部','2013-03-26 18:54:11','2013-03-26 18:54:11',1,0,0,0,1,'\0',0),(50,2,2,2,'干字（2013）第02号 2013年组织机构调整决定','<p style=\"word-wrap: break-word; margin: 0px; padding: 0px; outline: 0px; font-size: 14px; list-style-type: none; color: rgb(118, 118, 118); font-family: arial, 宋体; line-height: 24px; text-align: center;\"><span style=\"font-family:微软雅黑, sans-serif;word-wrap: break-word; margin: 0px; padding: 0px; outline: 0px; font-size: 12pt; background-color: transparent;\"><img src=\"http://esnimage.uu.com.cn/qz/201210/12/1350023486ghvJ.jpg\" alt=\"\" style=\"word-wrap: break-word; margin: 0px; padding: 0px; outline: 0px; background-color: transparent; border: 0px; vertical-align: top; max-width: 730px;\" /></span></p><p style=\"word-wrap: break-word; margin: 0px; padding: 0px; outline: 0px; font-size: 14px; list-style-type: none; color: rgb(118, 118, 118); font-family: arial, 宋体; line-height: 24px; text-align: center;\"><span style=\"font-family:微软雅黑, sans-serif;word-wrap: break-word; margin: 0px; padding: 0px; outline: 0px; font-size: 12pt; background-color: transparent;\">畅捷通&nbsp;<span style=\"color:red;word-wrap: break-word; margin: 0px; padding: 0px; outline: 0px; background-color: transparent;\">干字</span>（<span style=\"color:red;word-wrap: break-word; margin: 0px; padding: 0px; outline: 0px; background-color: transparent;\">2013</span>）第&nbsp;<span style=\"color:red;word-wrap: break-word; margin: 0px; padding: 0px; outline: 0px; background-color: transparent;\">05</span>号</span></p><div style=\"word-wrap: break-word; margin: 0px; padding: 0px; outline: 0px; font-size: 14px; list-style-type: none; color: rgb(118, 118, 118); font-family: arial, 宋体; line-height: 24px;\"><span style=\"font-family:宋体;word-wrap: break-word; margin: 0px; padding: 0px; outline: 0px; font-size: 12pt; background-color: transparent;\"></span><hr style=\"word-wrap: break-word; margin: 1em 0px; padding: 0px; outline: 0px; background-color: transparent; height: 1px; border-right-width: 0px; border-bottom-width: 0px; border-left-width: 0px; border-top-style: solid; border-top-color: rgb(204, 204, 204);\" /></div><p style=\"word-wrap: break-word; margin: 0px; padding: 0px; outline: 0px; font-size: 14px; list-style-type: none; color: rgb(118, 118, 118); font-family: arial, 宋体; line-height: 24px; text-align: center;\"><strong style=\"word-wrap: break-word; margin: 0px; padding: 0px; outline: 0px; background-color: transparent;\"><span style=\"font-family:宋体;word-wrap: break-word; margin: 0px; padding: 0px; outline: 0px; font-size: 16pt; background-color: transparent;\">干部任命决定</span></strong></p><p style=\"word-wrap: break-word; margin: 0px; padding: 0px; outline: 0px; font-size: 14px; list-style-type: none; color: rgb(118, 118, 118); font-family: arial, 宋体; line-height: 24px; text-align: right;\"><span style=\"font-family:宋体;word-wrap: break-word; margin: 0px; padding: 0px; outline: 0px; background-color: transparent;\"><span style=\"font-size:16px;word-wrap: break-word; margin: 0px; padding: 0px; outline: 0px; background-color: transparent;\">签发人：曾志勇</span></span></p><p style=\"word-wrap: break-word; margin: 0px; padding: 0px; outline: 0px; font-size: 14px; list-style-type: none; color: rgb(118, 118, 118); font-family: arial, 宋体; line-height: 24px; text-align: right;\"><span style=\"font-family:宋体;word-wrap: break-word; margin: 0px; padding: 0px; outline: 0px; background-color: transparent;\"><span style=\"font-size:16px;word-wrap: break-word; margin: 0px; padding: 0px; outline: 0px; background-color: transparent;\">签发时间：2013年3月18日</span></span></p><p style=\"word-wrap: break-word; margin: 0px; padding: 0px; outline: 0px; font-size: 14px; list-style-type: none; color: rgb(118, 118, 118); font-family: arial, 宋体; line-height: 24px;\"><span style=\"font-family:宋体;word-wrap: break-word; margin: 0px; padding: 0px; outline: 0px; background-color: transparent;\"><span style=\"font-size:16px;word-wrap: break-word; margin: 0px; padding: 0px; outline: 0px; background-color: transparent;\"></span></span>&nbsp;</p><p style=\"word-wrap: break-word; margin: 0px; padding: 0px; outline: 0px; font-size: 14px; list-style-type: none; color: rgb(118, 118, 118); font-family: arial, 宋体; line-height: 24px;\"><span style=\"font-family:宋体;word-wrap: break-word; margin: 0px; padding: 0px; outline: 0px; background-color: transparent;\"><span style=\"font-size:16px;word-wrap: break-word; margin: 0px; padding: 0px; outline: 0px; background-color: transparent;\">&nbsp;&nbsp;&nbsp; 根据畅捷通信息技术股份有限公司战略与业务发展需要，参照用友集团《干部管理制度》的规定，经公司总裁会批准，决定2013年度聘任信息如下：</span></span></p><div style=\"word-wrap: break-word; margin: 0px; padding: 0px; outline: 0px; font-size: 14px; list-style-type: none; color: rgb(118, 118, 118); font-family: arial, 宋体; line-height: 24px;\"><table border=\"0\" cellspacing=\"0\" cellpadding=\"0\" width=\"648\" style=\"word-wrap: break-word; margin: 0px auto; padding: 0px; outline: 0px; font-size: 14px; background-color: transparent; border-collapse: collapse; border-spacing: 0px;\"><tbody style=\"word-wrap: break-word; margin: 0px; padding: 0px; outline: 0px; background-color: transparent;\"><tr style=\"word-wrap: break-word; margin: 0px; padding: 0px; outline: 0px; background-color: transparent;\"><td style=\"word-wrap: break-word; margin: 0px; padding: 0px; outline: 0px; font-size: 14px; background-color: transparent; list-style-type: none; width: 73pt; height: 24pt;\"><p style=\"word-wrap: break-word; margin: 0px; padding: 0px; outline: 0px; background-color: transparent; list-style-type: none; text-align: center;\"><strong style=\"word-wrap: break-word; margin: 0px; padding: 0px; outline: 0px; background-color: transparent;\"><span style=\"font-family:宋体;word-wrap: break-word; margin: 0px; padding: 0px; outline: 0px; font-size: 10pt; background-color: transparent;\">姓名</span></strong></p></td><td style=\"word-wrap: break-word; margin: 0px; padding: 0px; outline: 0px; font-size: 14px; background-color: transparent; list-style-type: none; width: 165pt; height: 24pt;\"><p style=\"word-wrap: break-word; margin: 0px; padding: 0px; outline: 0px; background-color: transparent; list-style-type: none; text-align: center;\"><strong style=\"word-wrap: break-word; margin: 0px; padding: 0px; outline: 0px; background-color: transparent;\"><span style=\"font-family:宋体;word-wrap: break-word; margin: 0px; padding: 0px; outline: 0px; font-size: 10pt; background-color: transparent;\">机构（部门）</span></strong></p></td><td style=\"word-wrap: break-word; margin: 0px; padding: 0px; outline: 0px; font-size: 14px; background-color: transparent; list-style-type: none; width: 110pt; height: 24pt;\"><p style=\"word-wrap: break-word; margin: 0px; padding: 0px; outline: 0px; background-color: transparent; list-style-type: none; text-align: center;\"><strong style=\"word-wrap: break-word; margin: 0px; padding: 0px; outline: 0px; background-color: transparent;\"><span style=\"font-family:宋体;word-wrap: break-word; margin: 0px; padding: 0px; outline: 0px; font-size: 10pt; background-color: transparent;\">就任职位</span></strong></p></td><td style=\"word-wrap: break-word; margin: 0px; padding: 0px; outline: 0px; font-size: 14px; background-color: transparent; list-style-type: none; width: 63pt; height: 24pt;\"><p style=\"word-wrap: break-word; margin: 0px; padding: 0px; outline: 0px; background-color: transparent; list-style-type: none; text-align: center;\"><strong style=\"word-wrap: break-word; margin: 0px; padding: 0px; outline: 0px; background-color: transparent;\"><span style=\"font-family:宋体;word-wrap: break-word; margin: 0px; padding: 0px; outline: 0px; font-size: 10pt; background-color: transparent;\">职级</span></strong></p></td><td style=\"word-wrap: break-word; margin: 0px; padding: 0px; outline: 0px; font-size: 14px; background-color: transparent; list-style-type: none; width: 75pt; height: 24pt;\"><p style=\"word-wrap: break-word; margin: 0px; padding: 0px; outline: 0px; background-color: transparent; list-style-type: none; text-align: center;\"><strong style=\"word-wrap: break-word; margin: 0px; padding: 0px; outline: 0px; background-color: transparent;\"><span style=\"font-family:宋体;word-wrap: break-word; margin: 0px; padding: 0px; outline: 0px; font-size: 10pt; background-color: transparent;\">直接上级</span></strong></p></td></tr><tr style=\"word-wrap: break-word; margin: 0px; padding: 0px; outline: 0px; background-color: transparent;\"><td style=\"word-wrap: break-word; margin: 0px; padding: 0px; outline: 0px; font-size: 14px; background-color: transparent; list-style-type: none; width: 73pt; height: 24pt;\"><p style=\"word-wrap: break-word; margin: 0px; padding: 0px; outline: 0px; background-color: transparent; list-style-type: none; text-align: center;\"><span style=\"font-family:宋体;word-wrap: break-word; margin: 0px; padding: 0px; outline: 0px; background-color: transparent;\"><span style=\"font-size:16px;word-wrap: break-word; margin: 0px; padding: 0px; outline: 0px; background-color: transparent;\">丁伯超</span></span></p></td><td style=\"word-wrap: break-word; margin: 0px; padding: 0px; outline: 0px; font-size: 14px; background-color: transparent; list-style-type: none; width: 165pt; height: 24pt;\"><p style=\"word-wrap: break-word; margin: 0px; padding: 0px; outline: 0px; background-color: transparent; list-style-type: none; text-align: center;\"><span style=\"font-family:宋体;word-wrap: break-word; margin: 0px; padding: 0px; outline: 0px; background-color: transparent;\"><span style=\"font-size:16px;word-wrap: break-word; margin: 0px; padding: 0px; outline: 0px; background-color: transparent;\">创新应用研发本部</span></span></p></td><td style=\"word-wrap: break-word; margin: 0px; padding: 0px; outline: 0px; font-size: 14px; background-color: transparent; list-style-type: none; width: 110pt; height: 24pt;\"><p style=\"word-wrap: break-word; margin: 0px; padding: 0px; outline: 0px; background-color: transparent; list-style-type: none; text-align: center;\"><span style=\"font-family:宋体;word-wrap: break-word; margin: 0px; padding: 0px; outline: 0px; background-color: transparent;\"><span style=\"font-size:16px;word-wrap: break-word; margin: 0px; padding: 0px; outline: 0px; background-color: transparent;\">开发工具总监</span></span></p></td><td style=\"word-wrap: break-word; margin: 0px; padding: 0px; outline: 0px; font-size: 14px; background-color: transparent; list-style-type: none; width: 63pt; height: 24pt;\"><p style=\"word-wrap: break-word; margin: 0px; padding: 0px; outline: 0px; background-color: transparent; list-style-type: none; text-align: center;\"><span style=\"font-family:宋体;word-wrap: break-word; margin: 0px; padding: 0px; outline: 0px; background-color: transparent;\"><span style=\"font-size:16px;word-wrap: break-word; margin: 0px; padding: 0px; outline: 0px; background-color: transparent;\">4A</span></span></p></td><td style=\"word-wrap: break-word; margin: 0px; padding: 0px; outline: 0px; font-size: 14px; background-color: transparent; list-style-type: none; width: 75pt; height: 24pt;\"><p style=\"word-wrap: break-word; margin: 0px; padding: 0px; outline: 0px; background-color: transparent; list-style-type: none; text-align: center;\"><span style=\"font-family:宋体;word-wrap: break-word; margin: 0px; padding: 0px; outline: 0px; background-color: transparent;\"><span style=\"font-size:16px;word-wrap: break-word; margin: 0px; padding: 0px; outline: 0px; background-color: transparent;\">周昊</span></span></p></td></tr></tbody></table></div><p style=\"word-wrap: break-word; margin: 0px; padding: 0px; outline: 0px; font-size: 14px; list-style-type: none; color: rgb(118, 118, 118); font-family: arial, 宋体; line-height: 24px;\"><span style=\"font-family:宋体;word-wrap: break-word; margin: 0px; padding: 0px; outline: 0px; font-size: 12pt; background-color: transparent;\">&nbsp;</span></p><p style=\"word-wrap: break-word; margin: 0px; padding: 0px; outline: 0px; font-size: 14px; list-style-type: none; color: rgb(118, 118, 118); font-family: arial, 宋体; line-height: 24px;\"><strong style=\"word-wrap: break-word; margin: 0px; padding: 0px; outline: 0px; background-color: transparent;\"><span style=\"font-family:宋体;word-wrap: break-word; margin: 0px; padding: 0px; outline: 0px; font-size: 12pt; background-color: transparent;\">上述任期自发布之日起至2013年12月31日止。</span></strong></p><p style=\"word-wrap: break-word; margin: 0px; padding: 0px; outline: 0px; font-size: 14px; list-style-type: none; color: rgb(118, 118, 118); font-family: arial, 宋体; line-height: 24px;\"><strong style=\"word-wrap: break-word; margin: 0px; padding: 0px; outline: 0px; background-color: transparent;\"><span style=\"word-wrap: break-word; margin: 0px; padding: 0px; outline: 0px; font-size: 12pt; background-color: transparent;\"><span style=\"font-family:Calibri;word-wrap: break-word; margin: 0px; padding: 0px; outline: 0px; background-color: transparent;\">&nbsp;</span></span></strong></p><p style=\"word-wrap: break-word; margin: 0px; padding: 0px; outline: 0px; font-size: 14px; list-style-type: none; color: rgb(118, 118, 118); font-family: arial, 宋体; line-height: 24px;\"><strong style=\"word-wrap: break-word; margin: 0px; padding: 0px; outline: 0px; background-color: transparent;\"><span style=\"word-wrap: break-word; margin: 0px; padding: 0px; outline: 0px; font-size: 12pt; background-color: transparent;\"><span style=\"font-family:Calibri;word-wrap: break-word; margin: 0px; padding: 0px; outline: 0px; background-color: transparent;\">&nbsp;</span></span></strong></p><p style=\"word-wrap: break-word; margin: 0px; padding: 0px; outline: 0px; font-size: 14px; list-style-type: none; color: rgb(118, 118, 118); font-family: arial, 宋体; line-height: 24px;\"><strong style=\"word-wrap: break-word; margin: 0px; padding: 0px; outline: 0px; background-color: transparent;\"><span style=\"word-wrap: break-word; margin: 0px; padding: 0px; outline: 0px; font-size: 12pt; background-color: transparent;\"><span style=\"font-family:Calibri;word-wrap: break-word; margin: 0px; padding: 0px; outline: 0px; background-color: transparent;\">&nbsp;</span></span></strong></p><p style=\"word-wrap: break-word; margin: 0px; padding: 0px; outline: 0px; font-size: 14px; list-style-type: none; color: rgb(118, 118, 118); font-family: arial, 宋体; line-height: 24px;\"><strong style=\"word-wrap: break-word; margin: 0px; padding: 0px; outline: 0px; background-color: transparent;\"><span style=\"font-family:宋体;word-wrap: break-word; margin: 0px; padding: 0px; outline: 0px; font-size: 12pt; background-color: transparent;\">授权：全体</span></strong></p><p style=\"word-wrap: break-word; margin: 0px; padding: 0px; outline: 0px; font-size: 14px; list-style-type: none; color: rgb(118, 118, 118); font-family: arial, 宋体; line-height: 24px;\"><span style=\"font-family:宋体;word-wrap: break-word; margin: 0px; padding: 0px; outline: 0px; background-color: transparent;\"><span style=\"font-size:16px;word-wrap: break-word; margin: 0px; padding: 0px; outline: 0px; background-color: transparent;\">&nbsp;</span></span></p><hr style=\"word-wrap: break-word; margin: 1em 0px; padding: 0px; outline: 0px; font-size: 14px; height: 1px; border-right-width: 0px; border-bottom-width: 0px; border-left-width: 0px; border-top-style: solid; border-top-color: rgb(204, 204, 204); color: rgb(118, 118, 118); font-family: arial, 宋体; line-height: 24px;\" /><p style=\"word-wrap: break-word; margin: 0px; padding: 0px; outline: 0px; font-size: 14px; list-style-type: none; color: rgb(118, 118, 118); font-family: arial, 宋体; line-height: 24px;\"></p><p style=\"word-wrap: break-word; margin: 0px; padding: 0px; outline: 0px; font-size: 14px; list-style-type: none; color: rgb(118, 118, 118); font-family: arial, 宋体; line-height: 24px; text-align: center;\"><img class=\"wordImage\" src=\"http://esn.yonyou.com/js/lib/xheditor/xheditor_skin/blank.gif\" alt=\"\" style=\"word-wrap: break-word; margin: 725.25pt 0px 0px 205.5pt; padding: 0px; outline: 0px; background-color: transparent; border: 0px; vertical-align: top; max-width: 730px; z-index: -251658240; position: absolute; text-align: left; width: 161.75pt; height: 23.9pt; visibility: visible; left: 0px;\" /><img class=\"wordImage\" src=\"http://esn.yonyou.com/js/lib/xheditor/xheditor_skin/blank.gif\" alt=\"\" style=\"word-wrap: break-word; margin: 725.25pt 0px 0px 205.5pt; padding: 0px; outline: 0px; background-color: transparent; border: 0px; vertical-align: top; max-width: 730px; z-index: -251659264; position: absolute; text-align: left; width: 161.75pt; height: 23.9pt; visibility: visible; left: 0px;\" /><img src=\"http://esnimage.uu.com.cn/qz/201212/7/1354846265S852.jpg.thumb.jpg\" alt=\"\" style=\"word-wrap: break-word; margin: 0px; padding: 0px; outline: 0px; background-color: transparent; border: 0px; vertical-align: top; max-width: 730px;\" /></p>','人力资源部','2013-03-26 18:54:22','2013-03-26 18:54:22',1,0,0,0,1,'\0',0),(51,2,2,4,'干字（2013）第03号 2013年干部任命决定','<p style=\"word-wrap: break-word; margin: 0px; padding: 0px; outline: 0px; font-size: 14px; list-style-type: none; color: rgb(118, 118, 118); font-family: arial, 宋体; line-height: 24px; text-align: center;\"><span style=\"font-family:微软雅黑, sans-serif;word-wrap: break-word; margin: 0px; padding: 0px; outline: 0px; font-size: 12pt; background-color: transparent;\"><img src=\"http://esnimage.uu.com.cn/qz/201210/12/1350023486ghvJ.jpg\" alt=\"\" style=\"word-wrap: break-word; margin: 0px; padding: 0px; outline: 0px; background-color: transparent; border: 0px; vertical-align: top; max-width: 730px;\" /></span></p><p style=\"word-wrap: break-word; margin: 0px; padding: 0px; outline: 0px; font-size: 14px; list-style-type: none; color: rgb(118, 118, 118); font-family: arial, 宋体; line-height: 24px; text-align: center;\"><span style=\"font-family:微软雅黑, sans-serif;word-wrap: break-word; margin: 0px; padding: 0px; outline: 0px; font-size: 12pt; background-color: transparent;\">畅捷通&nbsp;<span style=\"color:red;word-wrap: break-word; margin: 0px; padding: 0px; outline: 0px; background-color: transparent;\">干字</span>（<span style=\"color:red;word-wrap: break-word; margin: 0px; padding: 0px; outline: 0px; background-color: transparent;\">2013</span>）第&nbsp;<span style=\"color:red;word-wrap: break-word; margin: 0px; padding: 0px; outline: 0px; background-color: transparent;\">05</span>号</span></p><div style=\"word-wrap: break-word; margin: 0px; padding: 0px; outline: 0px; font-size: 14px; list-style-type: none; color: rgb(118, 118, 118); font-family: arial, 宋体; line-height: 24px;\"><span style=\"font-family:宋体;word-wrap: break-word; margin: 0px; padding: 0px; outline: 0px; font-size: 12pt; background-color: transparent;\"></span><hr style=\"word-wrap: break-word; margin: 1em 0px; padding: 0px; outline: 0px; background-color: transparent; height: 1px; border-right-width: 0px; border-bottom-width: 0px; border-left-width: 0px; border-top-style: solid; border-top-color: rgb(204, 204, 204);\" /></div><p style=\"word-wrap: break-word; margin: 0px; padding: 0px; outline: 0px; font-size: 14px; list-style-type: none; color: rgb(118, 118, 118); font-family: arial, 宋体; line-height: 24px; text-align: center;\"><strong style=\"word-wrap: break-word; margin: 0px; padding: 0px; outline: 0px; background-color: transparent;\"><span style=\"font-family:宋体;word-wrap: break-word; margin: 0px; padding: 0px; outline: 0px; font-size: 16pt; background-color: transparent;\">干部任命决定</span></strong></p><p style=\"word-wrap: break-word; margin: 0px; padding: 0px; outline: 0px; font-size: 14px; list-style-type: none; color: rgb(118, 118, 118); font-family: arial, 宋体; line-height: 24px; text-align: right;\"><span style=\"font-family:宋体;word-wrap: break-word; margin: 0px; padding: 0px; outline: 0px; background-color: transparent;\"><span style=\"font-size:16px;word-wrap: break-word; margin: 0px; padding: 0px; outline: 0px; background-color: transparent;\">签发人：曾志勇</span></span></p><p style=\"word-wrap: break-word; margin: 0px; padding: 0px; outline: 0px; font-size: 14px; list-style-type: none; color: rgb(118, 118, 118); font-family: arial, 宋体; line-height: 24px; text-align: right;\"><span style=\"font-family:宋体;word-wrap: break-word; margin: 0px; padding: 0px; outline: 0px; background-color: transparent;\"><span style=\"font-size:16px;word-wrap: break-word; margin: 0px; padding: 0px; outline: 0px; background-color: transparent;\">签发时间：2013年3月18日</span></span></p><p style=\"word-wrap: break-word; margin: 0px; padding: 0px; outline: 0px; font-size: 14px; list-style-type: none; color: rgb(118, 118, 118); font-family: arial, 宋体; line-height: 24px;\"><span style=\"font-family:宋体;word-wrap: break-word; margin: 0px; padding: 0px; outline: 0px; background-color: transparent;\"><span style=\"font-size:16px;word-wrap: break-word; margin: 0px; padding: 0px; outline: 0px; background-color: transparent;\"></span></span>&nbsp;</p><p style=\"word-wrap: break-word; margin: 0px; padding: 0px; outline: 0px; font-size: 14px; list-style-type: none; color: rgb(118, 118, 118); font-family: arial, 宋体; line-height: 24px;\"><span style=\"font-family:宋体;word-wrap: break-word; margin: 0px; padding: 0px; outline: 0px; background-color: transparent;\"><span style=\"font-size:16px;word-wrap: break-word; margin: 0px; padding: 0px; outline: 0px; background-color: transparent;\">&nbsp;&nbsp;&nbsp; 根据畅捷通信息技术股份有限公司战略与业务发展需要，参照用友集团《干部管理制度》的规定，经公司总裁会批准，决定2013年度聘任信息如下：</span></span></p><div style=\"word-wrap: break-word; margin: 0px; padding: 0px; outline: 0px; font-size: 14px; list-style-type: none; color: rgb(118, 118, 118); font-family: arial, 宋体; line-height: 24px;\"><table border=\"0\" cellspacing=\"0\" cellpadding=\"0\" width=\"648\" style=\"word-wrap: break-word; margin: 0px auto; padding: 0px; outline: 0px; font-size: 14px; background-color: transparent; border-collapse: collapse; border-spacing: 0px;\"><tbody style=\"word-wrap: break-word; margin: 0px; padding: 0px; outline: 0px; background-color: transparent;\"><tr style=\"word-wrap: break-word; margin: 0px; padding: 0px; outline: 0px; background-color: transparent;\"><td style=\"word-wrap: break-word; margin: 0px; padding: 0px; outline: 0px; font-size: 14px; background-color: transparent; list-style-type: none; width: 73pt; height: 24pt;\"><p style=\"word-wrap: break-word; margin: 0px; padding: 0px; outline: 0px; background-color: transparent; list-style-type: none; text-align: center;\"><strong style=\"word-wrap: break-word; margin: 0px; padding: 0px; outline: 0px; background-color: transparent;\"><span style=\"font-family:宋体;word-wrap: break-word; margin: 0px; padding: 0px; outline: 0px; font-size: 10pt; background-color: transparent;\">姓名</span></strong></p></td><td style=\"word-wrap: break-word; margin: 0px; padding: 0px; outline: 0px; font-size: 14px; background-color: transparent; list-style-type: none; width: 165pt; height: 24pt;\"><p style=\"word-wrap: break-word; margin: 0px; padding: 0px; outline: 0px; background-color: transparent; list-style-type: none; text-align: center;\"><strong style=\"word-wrap: break-word; margin: 0px; padding: 0px; outline: 0px; background-color: transparent;\"><span style=\"font-family:宋体;word-wrap: break-word; margin: 0px; padding: 0px; outline: 0px; font-size: 10pt; background-color: transparent;\">机构（部门）</span></strong></p></td><td style=\"word-wrap: break-word; margin: 0px; padding: 0px; outline: 0px; font-size: 14px; background-color: transparent; list-style-type: none; width: 110pt; height: 24pt;\"><p style=\"word-wrap: break-word; margin: 0px; padding: 0px; outline: 0px; background-color: transparent; list-style-type: none; text-align: center;\"><strong style=\"word-wrap: break-word; margin: 0px; padding: 0px; outline: 0px; background-color: transparent;\"><span style=\"font-family:宋体;word-wrap: break-word; margin: 0px; padding: 0px; outline: 0px; font-size: 10pt; background-color: transparent;\">就任职位</span></strong></p></td><td style=\"word-wrap: break-word; margin: 0px; padding: 0px; outline: 0px; font-size: 14px; background-color: transparent; list-style-type: none; width: 63pt; height: 24pt;\"><p style=\"word-wrap: break-word; margin: 0px; padding: 0px; outline: 0px; background-color: transparent; list-style-type: none; text-align: center;\"><strong style=\"word-wrap: break-word; margin: 0px; padding: 0px; outline: 0px; background-color: transparent;\"><span style=\"font-family:宋体;word-wrap: break-word; margin: 0px; padding: 0px; outline: 0px; font-size: 10pt; background-color: transparent;\">职级</span></strong></p></td><td style=\"word-wrap: break-word; margin: 0px; padding: 0px; outline: 0px; font-size: 14px; background-color: transparent; list-style-type: none; width: 75pt; height: 24pt;\"><p style=\"word-wrap: break-word; margin: 0px; padding: 0px; outline: 0px; background-color: transparent; list-style-type: none; text-align: center;\"><strong style=\"word-wrap: break-word; margin: 0px; padding: 0px; outline: 0px; background-color: transparent;\"><span style=\"font-family:宋体;word-wrap: break-word; margin: 0px; padding: 0px; outline: 0px; font-size: 10pt; background-color: transparent;\">直接上级</span></strong></p></td></tr><tr style=\"word-wrap: break-word; margin: 0px; padding: 0px; outline: 0px; background-color: transparent;\"><td style=\"word-wrap: break-word; margin: 0px; padding: 0px; outline: 0px; font-size: 14px; background-color: transparent; list-style-type: none; width: 73pt; height: 24pt;\"><p style=\"word-wrap: break-word; margin: 0px; padding: 0px; outline: 0px; background-color: transparent; list-style-type: none; text-align: center;\"><span style=\"font-family:宋体;word-wrap: break-word; margin: 0px; padding: 0px; outline: 0px; background-color: transparent;\"><span style=\"font-size:16px;word-wrap: break-word; margin: 0px; padding: 0px; outline: 0px; background-color: transparent;\">丁伯超</span></span></p></td><td style=\"word-wrap: break-word; margin: 0px; padding: 0px; outline: 0px; font-size: 14px; background-color: transparent; list-style-type: none; width: 165pt; height: 24pt;\"><p style=\"word-wrap: break-word; margin: 0px; padding: 0px; outline: 0px; background-color: transparent; list-style-type: none; text-align: center;\"><span style=\"font-family:宋体;word-wrap: break-word; margin: 0px; padding: 0px; outline: 0px; background-color: transparent;\"><span style=\"font-size:16px;word-wrap: break-word; margin: 0px; padding: 0px; outline: 0px; background-color: transparent;\">创新应用研发本部</span></span></p></td><td style=\"word-wrap: break-word; margin: 0px; padding: 0px; outline: 0px; font-size: 14px; background-color: transparent; list-style-type: none; width: 110pt; height: 24pt;\"><p style=\"word-wrap: break-word; margin: 0px; padding: 0px; outline: 0px; background-color: transparent; list-style-type: none; text-align: center;\"><span style=\"font-family:宋体;word-wrap: break-word; margin: 0px; padding: 0px; outline: 0px; background-color: transparent;\"><span style=\"font-size:16px;word-wrap: break-word; margin: 0px; padding: 0px; outline: 0px; background-color: transparent;\">开发工具总监</span></span></p></td><td style=\"word-wrap: break-word; margin: 0px; padding: 0px; outline: 0px; font-size: 14px; background-color: transparent; list-style-type: none; width: 63pt; height: 24pt;\"><p style=\"word-wrap: break-word; margin: 0px; padding: 0px; outline: 0px; background-color: transparent; list-style-type: none; text-align: center;\"><span style=\"font-family:宋体;word-wrap: break-word; margin: 0px; padding: 0px; outline: 0px; background-color: transparent;\"><span style=\"font-size:16px;word-wrap: break-word; margin: 0px; padding: 0px; outline: 0px; background-color: transparent;\">4A</span></span></p></td><td style=\"word-wrap: break-word; margin: 0px; padding: 0px; outline: 0px; font-size: 14px; background-color: transparent; list-style-type: none; width: 75pt; height: 24pt;\"><p style=\"word-wrap: break-word; margin: 0px; padding: 0px; outline: 0px; background-color: transparent; list-style-type: none; text-align: center;\"><span style=\"font-family:宋体;word-wrap: break-word; margin: 0px; padding: 0px; outline: 0px; background-color: transparent;\"><span style=\"font-size:16px;word-wrap: break-word; margin: 0px; padding: 0px; outline: 0px; background-color: transparent;\">周昊</span></span></p></td></tr></tbody></table></div><p style=\"word-wrap: break-word; margin: 0px; padding: 0px; outline: 0px; font-size: 14px; list-style-type: none; color: rgb(118, 118, 118); font-family: arial, 宋体; line-height: 24px;\"><span style=\"font-family:宋体;word-wrap: break-word; margin: 0px; padding: 0px; outline: 0px; font-size: 12pt; background-color: transparent;\">&nbsp;</span></p><p style=\"word-wrap: break-word; margin: 0px; padding: 0px; outline: 0px; font-size: 14px; list-style-type: none; color: rgb(118, 118, 118); font-family: arial, 宋体; line-height: 24px;\"><strong style=\"word-wrap: break-word; margin: 0px; padding: 0px; outline: 0px; background-color: transparent;\"><span style=\"font-family:宋体;word-wrap: break-word; margin: 0px; padding: 0px; outline: 0px; font-size: 12pt; background-color: transparent;\">上述任期自发布之日起至2013年12月31日止。</span></strong></p><p style=\"word-wrap: break-word; margin: 0px; padding: 0px; outline: 0px; font-size: 14px; list-style-type: none; color: rgb(118, 118, 118); font-family: arial, 宋体; line-height: 24px;\"><strong style=\"word-wrap: break-word; margin: 0px; padding: 0px; outline: 0px; background-color: transparent;\"><span style=\"word-wrap: break-word; margin: 0px; padding: 0px; outline: 0px; font-size: 12pt; background-color: transparent;\"><span style=\"font-family:Calibri;word-wrap: break-word; margin: 0px; padding: 0px; outline: 0px; background-color: transparent;\">&nbsp;</span></span></strong></p><p style=\"word-wrap: break-word; margin: 0px; padding: 0px; outline: 0px; font-size: 14px; list-style-type: none; color: rgb(118, 118, 118); font-family: arial, 宋体; line-height: 24px;\"><strong style=\"word-wrap: break-word; margin: 0px; padding: 0px; outline: 0px; background-color: transparent;\"><span style=\"word-wrap: break-word; margin: 0px; padding: 0px; outline: 0px; font-size: 12pt; background-color: transparent;\"><span style=\"font-family:Calibri;word-wrap: break-word; margin: 0px; padding: 0px; outline: 0px; background-color: transparent;\">&nbsp;</span></span></strong></p><p style=\"word-wrap: break-word; margin: 0px; padding: 0px; outline: 0px; font-size: 14px; list-style-type: none; color: rgb(118, 118, 118); font-family: arial, 宋体; line-height: 24px;\"><strong style=\"word-wrap: break-word; margin: 0px; padding: 0px; outline: 0px; background-color: transparent;\"><span style=\"word-wrap: break-word; margin: 0px; padding: 0px; outline: 0px; font-size: 12pt; background-color: transparent;\"><span style=\"font-family:Calibri;word-wrap: break-word; margin: 0px; padding: 0px; outline: 0px; background-color: transparent;\">&nbsp;</span></span></strong></p><p style=\"word-wrap: break-word; margin: 0px; padding: 0px; outline: 0px; font-size: 14px; list-style-type: none; color: rgb(118, 118, 118); font-family: arial, 宋体; line-height: 24px;\"><strong style=\"word-wrap: break-word; margin: 0px; padding: 0px; outline: 0px; background-color: transparent;\"><span style=\"font-family:宋体;word-wrap: break-word; margin: 0px; padding: 0px; outline: 0px; font-size: 12pt; background-color: transparent;\">授权：全体</span></strong></p><p style=\"word-wrap: break-word; margin: 0px; padding: 0px; outline: 0px; font-size: 14px; list-style-type: none; color: rgb(118, 118, 118); font-family: arial, 宋体; line-height: 24px;\"><span style=\"font-family:宋体;word-wrap: break-word; margin: 0px; padding: 0px; outline: 0px; background-color: transparent;\"><span style=\"font-size:16px;word-wrap: break-word; margin: 0px; padding: 0px; outline: 0px; background-color: transparent;\">&nbsp;</span></span></p><hr style=\"word-wrap: break-word; margin: 1em 0px; padding: 0px; outline: 0px; font-size: 14px; height: 1px; border-right-width: 0px; border-bottom-width: 0px; border-left-width: 0px; border-top-style: solid; border-top-color: rgb(204, 204, 204); color: rgb(118, 118, 118); font-family: arial, 宋体; line-height: 24px;\" /><p style=\"word-wrap: break-word; margin: 0px; padding: 0px; outline: 0px; font-size: 14px; list-style-type: none; color: rgb(118, 118, 118); font-family: arial, 宋体; line-height: 24px;\"></p><p style=\"word-wrap: break-word; margin: 0px; padding: 0px; outline: 0px; font-size: 14px; list-style-type: none; color: rgb(118, 118, 118); font-family: arial, 宋体; line-height: 24px; text-align: center;\"><img class=\"wordImage\" src=\"http://esn.yonyou.com/js/lib/xheditor/xheditor_skin/blank.gif\" alt=\"\" style=\"word-wrap: break-word; margin: 725.25pt 0px 0px 205.5pt; padding: 0px; outline: 0px; background-color: transparent; border: 0px; vertical-align: top; max-width: 730px; z-index: -251658240; position: absolute; text-align: left; width: 161.75pt; height: 23.9pt; visibility: visible; left: 0px;\" /><img class=\"wordImage\" src=\"http://esn.yonyou.com/js/lib/xheditor/xheditor_skin/blank.gif\" alt=\"\" style=\"word-wrap: break-word; margin: 725.25pt 0px 0px 205.5pt; padding: 0px; outline: 0px; background-color: transparent; border: 0px; vertical-align: top; max-width: 730px; z-index: -251659264; position: absolute; text-align: left; width: 161.75pt; height: 23.9pt; visibility: visible; left: 0px;\" /><img src=\"http://esnimage.uu.com.cn/qz/201212/7/1354846265S852.jpg.thumb.jpg\" alt=\"\" style=\"word-wrap: break-word; margin: 0px; padding: 0px; outline: 0px; background-color: transparent; border: 0px; vertical-align: top; max-width: 730px;\" /></p>','人力资源部','2013-03-26 18:54:30','2013-03-26 18:54:30',1,0,0,0,1,'\0',0),(52,2,2,2,'干字（2013）第05号 2013年组织机构调整决定','<p style=\"word-wrap: break-word; margin: 0px; padding: 0px; outline: 0px; font-size: 14px; list-style-type: none; color: rgb(118, 118, 118); font-family: arial, 宋体; line-height: 24px; text-align: center;\"><span style=\"font-family:微软雅黑, sans-serif;word-wrap: break-word; margin: 0px; padding: 0px; outline: 0px; font-size: 12pt; background-color: transparent;\"><img src=\"http://esnimage.uu.com.cn/qz/201210/12/1350023486ghvJ.jpg\" alt=\"\" style=\"word-wrap: break-word; margin: 0px; padding: 0px; outline: 0px; background-color: transparent; border: 0px; vertical-align: top; max-width: 730px;\" /></span></p><p style=\"word-wrap: break-word; margin: 0px; padding: 0px; outline: 0px; font-size: 14px; list-style-type: none; color: rgb(118, 118, 118); font-family: arial, 宋体; line-height: 24px; text-align: center;\"><span style=\"font-family:微软雅黑, sans-serif;word-wrap: break-word; margin: 0px; padding: 0px; outline: 0px; font-size: 12pt; background-color: transparent;\">畅捷通&nbsp;<span style=\"color:red;word-wrap: break-word; margin: 0px; padding: 0px; outline: 0px; background-color: transparent;\">干字</span>（<span style=\"color:red;word-wrap: break-word; margin: 0px; padding: 0px; outline: 0px; background-color: transparent;\">2013</span>）第&nbsp;<span style=\"color:red;word-wrap: break-word; margin: 0px; padding: 0px; outline: 0px; background-color: transparent;\">05</span>号</span></p><div style=\"word-wrap: break-word; margin: 0px; padding: 0px; outline: 0px; font-size: 14px; list-style-type: none; color: rgb(118, 118, 118); font-family: arial, 宋体; line-height: 24px;\"><span style=\"font-family:宋体;word-wrap: break-word; margin: 0px; padding: 0px; outline: 0px; font-size: 12pt; background-color: transparent;\"></span><hr style=\"word-wrap: break-word; margin: 1em 0px; padding: 0px; outline: 0px; background-color: transparent; height: 1px; border-right-width: 0px; border-bottom-width: 0px; border-left-width: 0px; border-top-style: solid; border-top-color: rgb(204, 204, 204);\" /></div><p style=\"word-wrap: break-word; margin: 0px; padding: 0px; outline: 0px; font-size: 14px; list-style-type: none; color: rgb(118, 118, 118); font-family: arial, 宋体; line-height: 24px; text-align: center;\"><strong style=\"word-wrap: break-word; margin: 0px; padding: 0px; outline: 0px; background-color: transparent;\"><span style=\"font-family:宋体;word-wrap: break-word; margin: 0px; padding: 0px; outline: 0px; font-size: 16pt; background-color: transparent;\">干部任命决定</span></strong></p><p style=\"word-wrap: break-word; margin: 0px; padding: 0px; outline: 0px; font-size: 14px; list-style-type: none; color: rgb(118, 118, 118); font-family: arial, 宋体; line-height: 24px; text-align: right;\"><span style=\"font-family:宋体;word-wrap: break-word; margin: 0px; padding: 0px; outline: 0px; background-color: transparent;\"><span style=\"font-size:16px;word-wrap: break-word; margin: 0px; padding: 0px; outline: 0px; background-color: transparent;\">签发人：曾志勇</span></span></p><p style=\"word-wrap: break-word; margin: 0px; padding: 0px; outline: 0px; font-size: 14px; list-style-type: none; color: rgb(118, 118, 118); font-family: arial, 宋体; line-height: 24px; text-align: right;\"><span style=\"font-family:宋体;word-wrap: break-word; margin: 0px; padding: 0px; outline: 0px; background-color: transparent;\"><span style=\"font-size:16px;word-wrap: break-word; margin: 0px; padding: 0px; outline: 0px; background-color: transparent;\">签发时间：2013年3月18日</span></span></p><p style=\"word-wrap: break-word; margin: 0px; padding: 0px; outline: 0px; font-size: 14px; list-style-type: none; color: rgb(118, 118, 118); font-family: arial, 宋体; line-height: 24px;\"><span style=\"font-family:宋体;word-wrap: break-word; margin: 0px; padding: 0px; outline: 0px; background-color: transparent;\"><span style=\"font-size:16px;word-wrap: break-word; margin: 0px; padding: 0px; outline: 0px; background-color: transparent;\"></span></span>&nbsp;</p><p style=\"word-wrap: break-word; margin: 0px; padding: 0px; outline: 0px; font-size: 14px; list-style-type: none; color: rgb(118, 118, 118); font-family: arial, 宋体; line-height: 24px;\"><span style=\"font-family:宋体;word-wrap: break-word; margin: 0px; padding: 0px; outline: 0px; background-color: transparent;\"><span style=\"font-size:16px;word-wrap: break-word; margin: 0px; padding: 0px; outline: 0px; background-color: transparent;\">&nbsp;&nbsp;&nbsp; 根据畅捷通信息技术股份有限公司战略与业务发展需要，参照用友集团《干部管理制度》的规定，经公司总裁会批准，决定2013年度聘任信息如下：</span></span></p><div style=\"word-wrap: break-word; margin: 0px; padding: 0px; outline: 0px; font-size: 14px; list-style-type: none; color: rgb(118, 118, 118); font-family: arial, 宋体; line-height: 24px;\"><table border=\"0\" cellspacing=\"0\" cellpadding=\"0\" width=\"648\" style=\"word-wrap: break-word; margin: 0px auto; padding: 0px; outline: 0px; font-size: 14px; background-color: transparent; border-collapse: collapse; border-spacing: 0px;\"><tbody style=\"word-wrap: break-word; margin: 0px; padding: 0px; outline: 0px; background-color: transparent;\"><tr style=\"word-wrap: break-word; margin: 0px; padding: 0px; outline: 0px; background-color: transparent;\"><td style=\"word-wrap: break-word; margin: 0px; padding: 0px; outline: 0px; font-size: 14px; background-color: transparent; list-style-type: none; width: 73pt; height: 24pt;\"><p style=\"word-wrap: break-word; margin: 0px; padding: 0px; outline: 0px; background-color: transparent; list-style-type: none; text-align: center;\"><strong style=\"word-wrap: break-word; margin: 0px; padding: 0px; outline: 0px; background-color: transparent;\"><span style=\"font-family:宋体;word-wrap: break-word; margin: 0px; padding: 0px; outline: 0px; font-size: 10pt; background-color: transparent;\">姓名</span></strong></p></td><td style=\"word-wrap: break-word; margin: 0px; padding: 0px; outline: 0px; font-size: 14px; background-color: transparent; list-style-type: none; width: 165pt; height: 24pt;\"><p style=\"word-wrap: break-word; margin: 0px; padding: 0px; outline: 0px; background-color: transparent; list-style-type: none; text-align: center;\"><strong style=\"word-wrap: break-word; margin: 0px; padding: 0px; outline: 0px; background-color: transparent;\"><span style=\"font-family:宋体;word-wrap: break-word; margin: 0px; padding: 0px; outline: 0px; font-size: 10pt; background-color: transparent;\">机构（部门）</span></strong></p></td><td style=\"word-wrap: break-word; margin: 0px; padding: 0px; outline: 0px; font-size: 14px; background-color: transparent; list-style-type: none; width: 110pt; height: 24pt;\"><p style=\"word-wrap: break-word; margin: 0px; padding: 0px; outline: 0px; background-color: transparent; list-style-type: none; text-align: center;\"><strong style=\"word-wrap: break-word; margin: 0px; padding: 0px; outline: 0px; background-color: transparent;\"><span style=\"font-family:宋体;word-wrap: break-word; margin: 0px; padding: 0px; outline: 0px; font-size: 10pt; background-color: transparent;\">就任职位</span></strong></p></td><td style=\"word-wrap: break-word; margin: 0px; padding: 0px; outline: 0px; font-size: 14px; background-color: transparent; list-style-type: none; width: 63pt; height: 24pt;\"><p style=\"word-wrap: break-word; margin: 0px; padding: 0px; outline: 0px; background-color: transparent; list-style-type: none; text-align: center;\"><strong style=\"word-wrap: break-word; margin: 0px; padding: 0px; outline: 0px; background-color: transparent;\"><span style=\"font-family:宋体;word-wrap: break-word; margin: 0px; padding: 0px; outline: 0px; font-size: 10pt; background-color: transparent;\">职级</span></strong></p></td><td style=\"word-wrap: break-word; margin: 0px; padding: 0px; outline: 0px; font-size: 14px; background-color: transparent; list-style-type: none; width: 75pt; height: 24pt;\"><p style=\"word-wrap: break-word; margin: 0px; padding: 0px; outline: 0px; background-color: transparent; list-style-type: none; text-align: center;\"><strong style=\"word-wrap: break-word; margin: 0px; padding: 0px; outline: 0px; background-color: transparent;\"><span style=\"font-family:宋体;word-wrap: break-word; margin: 0px; padding: 0px; outline: 0px; font-size: 10pt; background-color: transparent;\">直接上级</span></strong></p></td></tr><tr style=\"word-wrap: break-word; margin: 0px; padding: 0px; outline: 0px; background-color: transparent;\"><td style=\"word-wrap: break-word; margin: 0px; padding: 0px; outline: 0px; font-size: 14px; background-color: transparent; list-style-type: none; width: 73pt; height: 24pt;\"><p style=\"word-wrap: break-word; margin: 0px; padding: 0px; outline: 0px; background-color: transparent; list-style-type: none; text-align: center;\"><span style=\"font-family:宋体;word-wrap: break-word; margin: 0px; padding: 0px; outline: 0px; background-color: transparent;\"><span style=\"font-size:16px;word-wrap: break-word; margin: 0px; padding: 0px; outline: 0px; background-color: transparent;\">丁伯超</span></span></p></td><td style=\"word-wrap: break-word; margin: 0px; padding: 0px; outline: 0px; font-size: 14px; background-color: transparent; list-style-type: none; width: 165pt; height: 24pt;\"><p style=\"word-wrap: break-word; margin: 0px; padding: 0px; outline: 0px; background-color: transparent; list-style-type: none; text-align: center;\"><span style=\"font-family:宋体;word-wrap: break-word; margin: 0px; padding: 0px; outline: 0px; background-color: transparent;\"><span style=\"font-size:16px;word-wrap: break-word; margin: 0px; padding: 0px; outline: 0px; background-color: transparent;\">创新应用研发本部</span></span></p></td><td style=\"word-wrap: break-word; margin: 0px; padding: 0px; outline: 0px; font-size: 14px; background-color: transparent; list-style-type: none; width: 110pt; height: 24pt;\"><p style=\"word-wrap: break-word; margin: 0px; padding: 0px; outline: 0px; background-color: transparent; list-style-type: none; text-align: center;\"><span style=\"font-family:宋体;word-wrap: break-word; margin: 0px; padding: 0px; outline: 0px; background-color: transparent;\"><span style=\"font-size:16px;word-wrap: break-word; margin: 0px; padding: 0px; outline: 0px; background-color: transparent;\">开发工具总监</span></span></p></td><td style=\"word-wrap: break-word; margin: 0px; padding: 0px; outline: 0px; font-size: 14px; background-color: transparent; list-style-type: none; width: 63pt; height: 24pt;\"><p style=\"word-wrap: break-word; margin: 0px; padding: 0px; outline: 0px; background-color: transparent; list-style-type: none; text-align: center;\"><span style=\"font-family:宋体;word-wrap: break-word; margin: 0px; padding: 0px; outline: 0px; background-color: transparent;\"><span style=\"font-size:16px;word-wrap: break-word; margin: 0px; padding: 0px; outline: 0px; background-color: transparent;\">4A</span></span></p></td><td style=\"word-wrap: break-word; margin: 0px; padding: 0px; outline: 0px; font-size: 14px; background-color: transparent; list-style-type: none; width: 75pt; height: 24pt;\"><p style=\"word-wrap: break-word; margin: 0px; padding: 0px; outline: 0px; background-color: transparent; list-style-type: none; text-align: center;\"><span style=\"font-family:宋体;word-wrap: break-word; margin: 0px; padding: 0px; outline: 0px; background-color: transparent;\"><span style=\"font-size:16px;word-wrap: break-word; margin: 0px; padding: 0px; outline: 0px; background-color: transparent;\">周昊</span></span></p></td></tr></tbody></table></div><p style=\"word-wrap: break-word; margin: 0px; padding: 0px; outline: 0px; font-size: 14px; list-style-type: none; color: rgb(118, 118, 118); font-family: arial, 宋体; line-height: 24px;\"><span style=\"font-family:宋体;word-wrap: break-word; margin: 0px; padding: 0px; outline: 0px; font-size: 12pt; background-color: transparent;\">&nbsp;</span></p><p style=\"word-wrap: break-word; margin: 0px; padding: 0px; outline: 0px; font-size: 14px; list-style-type: none; color: rgb(118, 118, 118); font-family: arial, 宋体; line-height: 24px;\"><strong style=\"word-wrap: break-word; margin: 0px; padding: 0px; outline: 0px; background-color: transparent;\"><span style=\"font-family:宋体;word-wrap: break-word; margin: 0px; padding: 0px; outline: 0px; font-size: 12pt; background-color: transparent;\">上述任期自发布之日起至2013年12月31日止。</span></strong></p><p style=\"word-wrap: break-word; margin: 0px; padding: 0px; outline: 0px; font-size: 14px; list-style-type: none; color: rgb(118, 118, 118); font-family: arial, 宋体; line-height: 24px;\"><strong style=\"word-wrap: break-word; margin: 0px; padding: 0px; outline: 0px; background-color: transparent;\"><span style=\"word-wrap: break-word; margin: 0px; padding: 0px; outline: 0px; font-size: 12pt; background-color: transparent;\"><span style=\"font-family:Calibri;word-wrap: break-word; margin: 0px; padding: 0px; outline: 0px; background-color: transparent;\">&nbsp;</span></span></strong></p><p style=\"word-wrap: break-word; margin: 0px; padding: 0px; outline: 0px; font-size: 14px; list-style-type: none; color: rgb(118, 118, 118); font-family: arial, 宋体; line-height: 24px;\"><strong style=\"word-wrap: break-word; margin: 0px; padding: 0px; outline: 0px; background-color: transparent;\"><span style=\"word-wrap: break-word; margin: 0px; padding: 0px; outline: 0px; font-size: 12pt; background-color: transparent;\"><span style=\"font-family:Calibri;word-wrap: break-word; margin: 0px; padding: 0px; outline: 0px; background-color: transparent;\">&nbsp;</span></span></strong></p><p style=\"word-wrap: break-word; margin: 0px; padding: 0px; outline: 0px; font-size: 14px; list-style-type: none; color: rgb(118, 118, 118); font-family: arial, 宋体; line-height: 24px;\"><strong style=\"word-wrap: break-word; margin: 0px; padding: 0px; outline: 0px; background-color: transparent;\"><span style=\"word-wrap: break-word; margin: 0px; padding: 0px; outline: 0px; font-size: 12pt; background-color: transparent;\"><span style=\"font-family:Calibri;word-wrap: break-word; margin: 0px; padding: 0px; outline: 0px; background-color: transparent;\">&nbsp;</span></span></strong></p><p style=\"word-wrap: break-word; margin: 0px; padding: 0px; outline: 0px; font-size: 14px; list-style-type: none; color: rgb(118, 118, 118); font-family: arial, 宋体; line-height: 24px;\"><strong style=\"word-wrap: break-word; margin: 0px; padding: 0px; outline: 0px; background-color: transparent;\"><span style=\"font-family:宋体;word-wrap: break-word; margin: 0px; padding: 0px; outline: 0px; font-size: 12pt; background-color: transparent;\">授权：全体</span></strong></p><p style=\"word-wrap: break-word; margin: 0px; padding: 0px; outline: 0px; font-size: 14px; list-style-type: none; color: rgb(118, 118, 118); font-family: arial, 宋体; line-height: 24px;\"><span style=\"font-family:宋体;word-wrap: break-word; margin: 0px; padding: 0px; outline: 0px; background-color: transparent;\"><span style=\"font-size:16px;word-wrap: break-word; margin: 0px; padding: 0px; outline: 0px; background-color: transparent;\">&nbsp;</span></span></p><hr style=\"word-wrap: break-word; margin: 1em 0px; padding: 0px; outline: 0px; font-size: 14px; height: 1px; border-right-width: 0px; border-bottom-width: 0px; border-left-width: 0px; border-top-style: solid; border-top-color: rgb(204, 204, 204); color: rgb(118, 118, 118); font-family: arial, 宋体; line-height: 24px;\" /><p style=\"word-wrap: break-word; margin: 0px; padding: 0px; outline: 0px; font-size: 14px; list-style-type: none; color: rgb(118, 118, 118); font-family: arial, 宋体; line-height: 24px;\"></p><p style=\"word-wrap: break-word; margin: 0px; padding: 0px; outline: 0px; font-size: 14px; list-style-type: none; color: rgb(118, 118, 118); font-family: arial, 宋体; line-height: 24px; text-align: center;\"><img class=\"wordImage\" src=\"http://esn.yonyou.com/js/lib/xheditor/xheditor_skin/blank.gif\" alt=\"\" style=\"word-wrap: break-word; margin: 725.25pt 0px 0px 205.5pt; padding: 0px; outline: 0px; background-color: transparent; border: 0px; vertical-align: top; max-width: 730px; z-index: -251658240; position: absolute; text-align: left; width: 161.75pt; height: 23.9pt; visibility: visible; left: 0px;\" /><img class=\"wordImage\" src=\"http://esn.yonyou.com/js/lib/xheditor/xheditor_skin/blank.gif\" alt=\"\" style=\"word-wrap: break-word; margin: 725.25pt 0px 0px 205.5pt; padding: 0px; outline: 0px; background-color: transparent; border: 0px; vertical-align: top; max-width: 730px; z-index: -251659264; position: absolute; text-align: left; width: 161.75pt; height: 23.9pt; visibility: visible; left: 0px;\" /><img src=\"http://esnimage.uu.com.cn/qz/201212/7/1354846265S852.jpg.thumb.jpg\" alt=\"\" style=\"word-wrap: break-word; margin: 0px; padding: 0px; outline: 0px; background-color: transparent; border: 0px; vertical-align: top; max-width: 730px;\" /></p>','人力资源部','2013-03-26 18:54:41','2013-03-26 18:54:41',1,0,0,0,1,'\0',0),(53,2,2,2,'干字（2013）第04号 2013年干部任命决定','<p style=\"word-wrap: break-word; margin: 0px; padding: 0px; outline: 0px; font-size: 14px; list-style-type: none; color: rgb(118, 118, 118); font-family: arial, 宋体; line-height: 24px; text-align: center;\"><span style=\"font-family:微软雅黑, sans-serif;word-wrap: break-word; margin: 0px; padding: 0px; outline: 0px; font-size: 12pt; background-color: transparent;\"><img src=\"http://esnimage.uu.com.cn/qz/201210/12/1350023486ghvJ.jpg\" alt=\"\" style=\"word-wrap: break-word; margin: 0px; padding: 0px; outline: 0px; background-color: transparent; border: 0px; vertical-align: top; max-width: 730px;\" /></span></p><p style=\"word-wrap: break-word; margin: 0px; padding: 0px; outline: 0px; font-size: 14px; list-style-type: none; color: rgb(118, 118, 118); font-family: arial, 宋体; line-height: 24px; text-align: center;\"><span style=\"font-family:微软雅黑, sans-serif;word-wrap: break-word; margin: 0px; padding: 0px; outline: 0px; font-size: 12pt; background-color: transparent;\">畅捷通&nbsp;<span style=\"color:red;word-wrap: break-word; margin: 0px; padding: 0px; outline: 0px; background-color: transparent;\">干字</span>（<span style=\"color:red;word-wrap: break-word; margin: 0px; padding: 0px; outline: 0px; background-color: transparent;\">2013</span>）第&nbsp;<span style=\"color:red;word-wrap: break-word; margin: 0px; padding: 0px; outline: 0px; background-color: transparent;\">05</span>号</span></p><div style=\"word-wrap: break-word; margin: 0px; padding: 0px; outline: 0px; font-size: 14px; list-style-type: none; color: rgb(118, 118, 118); font-family: arial, 宋体; line-height: 24px;\"><span style=\"font-family:宋体;word-wrap: break-word; margin: 0px; padding: 0px; outline: 0px; font-size: 12pt; background-color: transparent;\"></span><hr style=\"word-wrap: break-word; margin: 1em 0px; padding: 0px; outline: 0px; background-color: transparent; height: 1px; border-right-width: 0px; border-bottom-width: 0px; border-left-width: 0px; border-top-style: solid; border-top-color: rgb(204, 204, 204);\" /></div><p style=\"word-wrap: break-word; margin: 0px; padding: 0px; outline: 0px; font-size: 14px; list-style-type: none; color: rgb(118, 118, 118); font-family: arial, 宋体; line-height: 24px; text-align: center;\"><strong style=\"word-wrap: break-word; margin: 0px; padding: 0px; outline: 0px; background-color: transparent;\"><span style=\"font-family:宋体;word-wrap: break-word; margin: 0px; padding: 0px; outline: 0px; font-size: 16pt; background-color: transparent;\">干部任命决定</span></strong></p><p style=\"word-wrap: break-word; margin: 0px; padding: 0px; outline: 0px; font-size: 14px; list-style-type: none; color: rgb(118, 118, 118); font-family: arial, 宋体; line-height: 24px; text-align: right;\"><span style=\"font-family:宋体;word-wrap: break-word; margin: 0px; padding: 0px; outline: 0px; background-color: transparent;\"><span style=\"font-size:16px;word-wrap: break-word; margin: 0px; padding: 0px; outline: 0px; background-color: transparent;\">签发人：曾志勇</span></span></p><p style=\"word-wrap: break-word; margin: 0px; padding: 0px; outline: 0px; font-size: 14px; list-style-type: none; color: rgb(118, 118, 118); font-family: arial, 宋体; line-height: 24px; text-align: right;\"><span style=\"font-family:宋体;word-wrap: break-word; margin: 0px; padding: 0px; outline: 0px; background-color: transparent;\"><span style=\"font-size:16px;word-wrap: break-word; margin: 0px; padding: 0px; outline: 0px; background-color: transparent;\">签发时间：2013年3月18日</span></span></p><p style=\"word-wrap: break-word; margin: 0px; padding: 0px; outline: 0px; font-size: 14px; list-style-type: none; color: rgb(118, 118, 118); font-family: arial, 宋体; line-height: 24px;\"><span style=\"font-family:宋体;word-wrap: break-word; margin: 0px; padding: 0px; outline: 0px; background-color: transparent;\"><span style=\"font-size:16px;word-wrap: break-word; margin: 0px; padding: 0px; outline: 0px; background-color: transparent;\"></span></span>&nbsp;</p><p style=\"word-wrap: break-word; margin: 0px; padding: 0px; outline: 0px; font-size: 14px; list-style-type: none; color: rgb(118, 118, 118); font-family: arial, 宋体; line-height: 24px;\"><span style=\"font-family:宋体;word-wrap: break-word; margin: 0px; padding: 0px; outline: 0px; background-color: transparent;\"><span style=\"font-size:16px;word-wrap: break-word; margin: 0px; padding: 0px; outline: 0px; background-color: transparent;\">&nbsp;&nbsp;&nbsp; 根据畅捷通信息技术股份有限公司战略与业务发展需要，参照用友集团《干部管理制度》的规定，经公司总裁会批准，决定2013年度聘任信息如下：</span></span></p><div style=\"word-wrap: break-word; margin: 0px; padding: 0px; outline: 0px; font-size: 14px; list-style-type: none; color: rgb(118, 118, 118); font-family: arial, 宋体; line-height: 24px;\"><table border=\"0\" cellspacing=\"0\" cellpadding=\"0\" width=\"648\" style=\"word-wrap: break-word; margin: 0px auto; padding: 0px; outline: 0px; font-size: 14px; background-color: transparent; border-collapse: collapse; border-spacing: 0px;\"><tbody style=\"word-wrap: break-word; margin: 0px; padding: 0px; outline: 0px; background-color: transparent;\"><tr style=\"word-wrap: break-word; margin: 0px; padding: 0px; outline: 0px; background-color: transparent;\"><td style=\"word-wrap: break-word; margin: 0px; padding: 0px; outline: 0px; font-size: 14px; background-color: transparent; list-style-type: none; width: 73pt; height: 24pt;\"><p style=\"word-wrap: break-word; margin: 0px; padding: 0px; outline: 0px; background-color: transparent; list-style-type: none; text-align: center;\"><strong style=\"word-wrap: break-word; margin: 0px; padding: 0px; outline: 0px; background-color: transparent;\"><span style=\"font-family:宋体;word-wrap: break-word; margin: 0px; padding: 0px; outline: 0px; font-size: 10pt; background-color: transparent;\">姓名</span></strong></p></td><td style=\"word-wrap: break-word; margin: 0px; padding: 0px; outline: 0px; font-size: 14px; background-color: transparent; list-style-type: none; width: 165pt; height: 24pt;\"><p style=\"word-wrap: break-word; margin: 0px; padding: 0px; outline: 0px; background-color: transparent; list-style-type: none; text-align: center;\"><strong style=\"word-wrap: break-word; margin: 0px; padding: 0px; outline: 0px; background-color: transparent;\"><span style=\"font-family:宋体;word-wrap: break-word; margin: 0px; padding: 0px; outline: 0px; font-size: 10pt; background-color: transparent;\">机构（部门）</span></strong></p></td><td style=\"word-wrap: break-word; margin: 0px; padding: 0px; outline: 0px; font-size: 14px; background-color: transparent; list-style-type: none; width: 110pt; height: 24pt;\"><p style=\"word-wrap: break-word; margin: 0px; padding: 0px; outline: 0px; background-color: transparent; list-style-type: none; text-align: center;\"><strong style=\"word-wrap: break-word; margin: 0px; padding: 0px; outline: 0px; background-color: transparent;\"><span style=\"font-family:宋体;word-wrap: break-word; margin: 0px; padding: 0px; outline: 0px; font-size: 10pt; background-color: transparent;\">就任职位</span></strong></p></td><td style=\"word-wrap: break-word; margin: 0px; padding: 0px; outline: 0px; font-size: 14px; background-color: transparent; list-style-type: none; width: 63pt; height: 24pt;\"><p style=\"word-wrap: break-word; margin: 0px; padding: 0px; outline: 0px; background-color: transparent; list-style-type: none; text-align: center;\"><strong style=\"word-wrap: break-word; margin: 0px; padding: 0px; outline: 0px; background-color: transparent;\"><span style=\"font-family:宋体;word-wrap: break-word; margin: 0px; padding: 0px; outline: 0px; font-size: 10pt; background-color: transparent;\">职级</span></strong></p></td><td style=\"word-wrap: break-word; margin: 0px; padding: 0px; outline: 0px; font-size: 14px; background-color: transparent; list-style-type: none; width: 75pt; height: 24pt;\"><p style=\"word-wrap: break-word; margin: 0px; padding: 0px; outline: 0px; background-color: transparent; list-style-type: none; text-align: center;\"><strong style=\"word-wrap: break-word; margin: 0px; padding: 0px; outline: 0px; background-color: transparent;\"><span style=\"font-family:宋体;word-wrap: break-word; margin: 0px; padding: 0px; outline: 0px; font-size: 10pt; background-color: transparent;\">直接上级</span></strong></p></td></tr><tr style=\"word-wrap: break-word; margin: 0px; padding: 0px; outline: 0px; background-color: transparent;\"><td style=\"word-wrap: break-word; margin: 0px; padding: 0px; outline: 0px; font-size: 14px; background-color: transparent; list-style-type: none; width: 73pt; height: 24pt;\"><p style=\"word-wrap: break-word; margin: 0px; padding: 0px; outline: 0px; background-color: transparent; list-style-type: none; text-align: center;\"><span style=\"font-family:宋体;word-wrap: break-word; margin: 0px; padding: 0px; outline: 0px; background-color: transparent;\"><span style=\"font-size:16px;word-wrap: break-word; margin: 0px; padding: 0px; outline: 0px; background-color: transparent;\">丁伯超</span></span></p></td><td style=\"word-wrap: break-word; margin: 0px; padding: 0px; outline: 0px; font-size: 14px; background-color: transparent; list-style-type: none; width: 165pt; height: 24pt;\"><p style=\"word-wrap: break-word; margin: 0px; padding: 0px; outline: 0px; background-color: transparent; list-style-type: none; text-align: center;\"><span style=\"font-family:宋体;word-wrap: break-word; margin: 0px; padding: 0px; outline: 0px; background-color: transparent;\"><span style=\"font-size:16px;word-wrap: break-word; margin: 0px; padding: 0px; outline: 0px; background-color: transparent;\">创新应用研发本部</span></span></p></td><td style=\"word-wrap: break-word; margin: 0px; padding: 0px; outline: 0px; font-size: 14px; background-color: transparent; list-style-type: none; width: 110pt; height: 24pt;\"><p style=\"word-wrap: break-word; margin: 0px; padding: 0px; outline: 0px; background-color: transparent; list-style-type: none; text-align: center;\"><span style=\"font-family:宋体;word-wrap: break-word; margin: 0px; padding: 0px; outline: 0px; background-color: transparent;\"><span style=\"font-size:16px;word-wrap: break-word; margin: 0px; padding: 0px; outline: 0px; background-color: transparent;\">开发工具总监</span></span></p></td><td style=\"word-wrap: break-word; margin: 0px; padding: 0px; outline: 0px; font-size: 14px; background-color: transparent; list-style-type: none; width: 63pt; height: 24pt;\"><p style=\"word-wrap: break-word; margin: 0px; padding: 0px; outline: 0px; background-color: transparent; list-style-type: none; text-align: center;\"><span style=\"font-family:宋体;word-wrap: break-word; margin: 0px; padding: 0px; outline: 0px; background-color: transparent;\"><span style=\"font-size:16px;word-wrap: break-word; margin: 0px; padding: 0px; outline: 0px; background-color: transparent;\">4A</span></span></p></td><td style=\"word-wrap: break-word; margin: 0px; padding: 0px; outline: 0px; font-size: 14px; background-color: transparent; list-style-type: none; width: 75pt; height: 24pt;\"><p style=\"word-wrap: break-word; margin: 0px; padding: 0px; outline: 0px; background-color: transparent; list-style-type: none; text-align: center;\"><span style=\"font-family:宋体;word-wrap: break-word; margin: 0px; padding: 0px; outline: 0px; background-color: transparent;\"><span style=\"font-size:16px;word-wrap: break-word; margin: 0px; padding: 0px; outline: 0px; background-color: transparent;\">周昊</span></span></p></td></tr></tbody></table></div><p style=\"word-wrap: break-word; margin: 0px; padding: 0px; outline: 0px; font-size: 14px; list-style-type: none; color: rgb(118, 118, 118); font-family: arial, 宋体; line-height: 24px;\"><span style=\"font-family:宋体;word-wrap: break-word; margin: 0px; padding: 0px; outline: 0px; font-size: 12pt; background-color: transparent;\">&nbsp;</span></p><p style=\"word-wrap: break-word; margin: 0px; padding: 0px; outline: 0px; font-size: 14px; list-style-type: none; color: rgb(118, 118, 118); font-family: arial, 宋体; line-height: 24px;\"><strong style=\"word-wrap: break-word; margin: 0px; padding: 0px; outline: 0px; background-color: transparent;\"><span style=\"font-family:宋体;word-wrap: break-word; margin: 0px; padding: 0px; outline: 0px; font-size: 12pt; background-color: transparent;\">上述任期自发布之日起至2013年12月31日止。</span></strong></p><p style=\"word-wrap: break-word; margin: 0px; padding: 0px; outline: 0px; font-size: 14px; list-style-type: none; color: rgb(118, 118, 118); font-family: arial, 宋体; line-height: 24px;\"><strong style=\"word-wrap: break-word; margin: 0px; padding: 0px; outline: 0px; background-color: transparent;\"><span style=\"word-wrap: break-word; margin: 0px; padding: 0px; outline: 0px; font-size: 12pt; background-color: transparent;\"><span style=\"font-family:Calibri;word-wrap: break-word; margin: 0px; padding: 0px; outline: 0px; background-color: transparent;\">&nbsp;</span></span></strong></p><p style=\"word-wrap: break-word; margin: 0px; padding: 0px; outline: 0px; font-size: 14px; list-style-type: none; color: rgb(118, 118, 118); font-family: arial, 宋体; line-height: 24px;\"><strong style=\"word-wrap: break-word; margin: 0px; padding: 0px; outline: 0px; background-color: transparent;\"><span style=\"word-wrap: break-word; margin: 0px; padding: 0px; outline: 0px; font-size: 12pt; background-color: transparent;\"><span style=\"font-family:Calibri;word-wrap: break-word; margin: 0px; padding: 0px; outline: 0px; background-color: transparent;\">&nbsp;</span></span></strong></p><p style=\"word-wrap: break-word; margin: 0px; padding: 0px; outline: 0px; font-size: 14px; list-style-type: none; color: rgb(118, 118, 118); font-family: arial, 宋体; line-height: 24px;\"><strong style=\"word-wrap: break-word; margin: 0px; padding: 0px; outline: 0px; background-color: transparent;\"><span style=\"word-wrap: break-word; margin: 0px; padding: 0px; outline: 0px; font-size: 12pt; background-color: transparent;\"><span style=\"font-family:Calibri;word-wrap: break-word; margin: 0px; padding: 0px; outline: 0px; background-color: transparent;\">&nbsp;</span></span></strong></p><p style=\"word-wrap: break-word; margin: 0px; padding: 0px; outline: 0px; font-size: 14px; list-style-type: none; color: rgb(118, 118, 118); font-family: arial, 宋体; line-height: 24px;\"><strong style=\"word-wrap: break-word; margin: 0px; padding: 0px; outline: 0px; background-color: transparent;\"><span style=\"font-family:宋体;word-wrap: break-word; margin: 0px; padding: 0px; outline: 0px; font-size: 12pt; background-color: transparent;\">授权：全体</span></strong></p><p style=\"word-wrap: break-word; margin: 0px; padding: 0px; outline: 0px; font-size: 14px; list-style-type: none; color: rgb(118, 118, 118); font-family: arial, 宋体; line-height: 24px;\"><span style=\"font-family:宋体;word-wrap: break-word; margin: 0px; padding: 0px; outline: 0px; background-color: transparent;\"><span style=\"font-size:16px;word-wrap: break-word; margin: 0px; padding: 0px; outline: 0px; background-color: transparent;\">&nbsp;</span></span></p><hr style=\"word-wrap: break-word; margin: 1em 0px; padding: 0px; outline: 0px; font-size: 14px; height: 1px; border-right-width: 0px; border-bottom-width: 0px; border-left-width: 0px; border-top-style: solid; border-top-color: rgb(204, 204, 204); color: rgb(118, 118, 118); font-family: arial, 宋体; line-height: 24px;\" /><p style=\"word-wrap: break-word; margin: 0px; padding: 0px; outline: 0px; font-size: 14px; list-style-type: none; color: rgb(118, 118, 118); font-family: arial, 宋体; line-height: 24px;\"></p><p style=\"word-wrap: break-word; margin: 0px; padding: 0px; outline: 0px; font-size: 14px; list-style-type: none; color: rgb(118, 118, 118); font-family: arial, 宋体; line-height: 24px; text-align: center;\"><img class=\"wordImage\" src=\"http://esn.yonyou.com/js/lib/xheditor/xheditor_skin/blank.gif\" alt=\"\" style=\"word-wrap: break-word; margin: 725.25pt 0px 0px 205.5pt; padding: 0px; outline: 0px; background-color: transparent; border: 0px; vertical-align: top; max-width: 730px; z-index: -251658240; position: absolute; text-align: left; width: 161.75pt; height: 23.9pt; visibility: visible; left: 0px;\" /><img class=\"wordImage\" src=\"http://esn.yonyou.com/js/lib/xheditor/xheditor_skin/blank.gif\" alt=\"\" style=\"word-wrap: break-word; margin: 725.25pt 0px 0px 205.5pt; padding: 0px; outline: 0px; background-color: transparent; border: 0px; vertical-align: top; max-width: 730px; z-index: -251659264; position: absolute; text-align: left; width: 161.75pt; height: 23.9pt; visibility: visible; left: 0px;\" /><img src=\"http://esnimage.uu.com.cn/qz/201212/7/1354846265S852.jpg.thumb.jpg\" alt=\"\" style=\"word-wrap: break-word; margin: 0px; padding: 0px; outline: 0px; background-color: transparent; border: 0px; vertical-align: top; max-width: 730px;\" /></p>','人力资源部','2013-03-26 18:54:50','2013-03-26 18:54:50',1,0,0,0,1,'\0',0),(54,2,2,2,'干字（2013）第08号 2013年组织机构调整决定','<p style=\"word-wrap: break-word; margin: 0px; padding: 0px; outline: 0px; font-size: 14px; list-style-type: none; color: rgb(118, 118, 118); font-family: arial, 宋体; line-height: 24px; text-align: center;\"><span style=\"font-family:微软雅黑, sans-serif;word-wrap: break-word; margin: 0px; padding: 0px; outline: 0px; font-size: 12pt; background-color: transparent;\"><img src=\"http://esnimage.uu.com.cn/qz/201210/12/1350023486ghvJ.jpg\" alt=\"\" style=\"word-wrap: break-word; margin: 0px; padding: 0px; outline: 0px; background-color: transparent; border: 0px; vertical-align: top; max-width: 730px;\" /></span></p><p style=\"word-wrap: break-word; margin: 0px; padding: 0px; outline: 0px; font-size: 14px; list-style-type: none; color: rgb(118, 118, 118); font-family: arial, 宋体; line-height: 24px; text-align: center;\"><span style=\"font-family:微软雅黑, sans-serif;word-wrap: break-word; margin: 0px; padding: 0px; outline: 0px; font-size: 12pt; background-color: transparent;\">畅捷通&nbsp;<span style=\"color:red;word-wrap: break-word; margin: 0px; padding: 0px; outline: 0px; background-color: transparent;\">干字</span>（<span style=\"color:red;word-wrap: break-word; margin: 0px; padding: 0px; outline: 0px; background-color: transparent;\">2013</span>）第&nbsp;<span style=\"color:red;word-wrap: break-word; margin: 0px; padding: 0px; outline: 0px; background-color: transparent;\">05</span>号</span></p><div style=\"word-wrap: break-word; margin: 0px; padding: 0px; outline: 0px; font-size: 14px; list-style-type: none; color: rgb(118, 118, 118); font-family: arial, 宋体; line-height: 24px;\"><span style=\"font-family:宋体;word-wrap: break-word; margin: 0px; padding: 0px; outline: 0px; font-size: 12pt; background-color: transparent;\"></span><hr style=\"word-wrap: break-word; margin: 1em 0px; padding: 0px; outline: 0px; background-color: transparent; height: 1px; border-right-width: 0px; border-bottom-width: 0px; border-left-width: 0px; border-top-style: solid; border-top-color: rgb(204, 204, 204);\" /></div><p style=\"word-wrap: break-word; margin: 0px; padding: 0px; outline: 0px; font-size: 14px; list-style-type: none; color: rgb(118, 118, 118); font-family: arial, 宋体; line-height: 24px; text-align: center;\"><strong style=\"word-wrap: break-word; margin: 0px; padding: 0px; outline: 0px; background-color: transparent;\"><span style=\"font-family:宋体;word-wrap: break-word; margin: 0px; padding: 0px; outline: 0px; font-size: 16pt; background-color: transparent;\">干部任命决定</span></strong></p><p style=\"word-wrap: break-word; margin: 0px; padding: 0px; outline: 0px; font-size: 14px; list-style-type: none; color: rgb(118, 118, 118); font-family: arial, 宋体; line-height: 24px; text-align: right;\"><span style=\"font-family:宋体;word-wrap: break-word; margin: 0px; padding: 0px; outline: 0px; background-color: transparent;\"><span style=\"font-size:16px;word-wrap: break-word; margin: 0px; padding: 0px; outline: 0px; background-color: transparent;\">签发人：曾志勇</span></span></p><p style=\"word-wrap: break-word; margin: 0px; padding: 0px; outline: 0px; font-size: 14px; list-style-type: none; color: rgb(118, 118, 118); font-family: arial, 宋体; line-height: 24px; text-align: right;\"><span style=\"font-family:宋体;word-wrap: break-word; margin: 0px; padding: 0px; outline: 0px; background-color: transparent;\"><span style=\"font-size:16px;word-wrap: break-word; margin: 0px; padding: 0px; outline: 0px; background-color: transparent;\">签发时间：2013年3月18日</span></span></p><p style=\"word-wrap: break-word; margin: 0px; padding: 0px; outline: 0px; font-size: 14px; list-style-type: none; color: rgb(118, 118, 118); font-family: arial, 宋体; line-height: 24px;\"><span style=\"font-family:宋体;word-wrap: break-word; margin: 0px; padding: 0px; outline: 0px; background-color: transparent;\"><span style=\"font-size:16px;word-wrap: break-word; margin: 0px; padding: 0px; outline: 0px; background-color: transparent;\"></span></span>&nbsp;</p><p style=\"word-wrap: break-word; margin: 0px; padding: 0px; outline: 0px; font-size: 14px; list-style-type: none; color: rgb(118, 118, 118); font-family: arial, 宋体; line-height: 24px;\"><span style=\"font-family:宋体;word-wrap: break-word; margin: 0px; padding: 0px; outline: 0px; background-color: transparent;\"><span style=\"font-size:16px;word-wrap: break-word; margin: 0px; padding: 0px; outline: 0px; background-color: transparent;\">&nbsp;&nbsp;&nbsp; 根据畅捷通信息技术股份有限公司战略与业务发展需要，参照用友集团《干部管理制度》的规定，经公司总裁会批准，决定2013年度聘任信息如下：</span></span></p><div style=\"word-wrap: break-word; margin: 0px; padding: 0px; outline: 0px; font-size: 14px; list-style-type: none; color: rgb(118, 118, 118); font-family: arial, 宋体; line-height: 24px;\"><table border=\"0\" cellspacing=\"0\" cellpadding=\"0\" width=\"648\" style=\"word-wrap: break-word; margin: 0px auto; padding: 0px; outline: 0px; font-size: 14px; background-color: transparent; border-collapse: collapse; border-spacing: 0px;\"><tbody style=\"word-wrap: break-word; margin: 0px; padding: 0px; outline: 0px; background-color: transparent;\"><tr style=\"word-wrap: break-word; margin: 0px; padding: 0px; outline: 0px; background-color: transparent;\"><td style=\"word-wrap: break-word; margin: 0px; padding: 0px; outline: 0px; font-size: 14px; background-color: transparent; list-style-type: none; width: 73pt; height: 24pt;\"><p style=\"word-wrap: break-word; margin: 0px; padding: 0px; outline: 0px; background-color: transparent; list-style-type: none; text-align: center;\"><strong style=\"word-wrap: break-word; margin: 0px; padding: 0px; outline: 0px; background-color: transparent;\"><span style=\"font-family:宋体;word-wrap: break-word; margin: 0px; padding: 0px; outline: 0px; font-size: 10pt; background-color: transparent;\">姓名</span></strong></p></td><td style=\"word-wrap: break-word; margin: 0px; padding: 0px; outline: 0px; font-size: 14px; background-color: transparent; list-style-type: none; width: 165pt; height: 24pt;\"><p style=\"word-wrap: break-word; margin: 0px; padding: 0px; outline: 0px; background-color: transparent; list-style-type: none; text-align: center;\"><strong style=\"word-wrap: break-word; margin: 0px; padding: 0px; outline: 0px; background-color: transparent;\"><span style=\"font-family:宋体;word-wrap: break-word; margin: 0px; padding: 0px; outline: 0px; font-size: 10pt; background-color: transparent;\">机构（部门）</span></strong></p></td><td style=\"word-wrap: break-word; margin: 0px; padding: 0px; outline: 0px; font-size: 14px; background-color: transparent; list-style-type: none; width: 110pt; height: 24pt;\"><p style=\"word-wrap: break-word; margin: 0px; padding: 0px; outline: 0px; background-color: transparent; list-style-type: none; text-align: center;\"><strong style=\"word-wrap: break-word; margin: 0px; padding: 0px; outline: 0px; background-color: transparent;\"><span style=\"font-family:宋体;word-wrap: break-word; margin: 0px; padding: 0px; outline: 0px; font-size: 10pt; background-color: transparent;\">就任职位</span></strong></p></td><td style=\"word-wrap: break-word; margin: 0px; padding: 0px; outline: 0px; font-size: 14px; background-color: transparent; list-style-type: none; width: 63pt; height: 24pt;\"><p style=\"word-wrap: break-word; margin: 0px; padding: 0px; outline: 0px; background-color: transparent; list-style-type: none; text-align: center;\"><strong style=\"word-wrap: break-word; margin: 0px; padding: 0px; outline: 0px; background-color: transparent;\"><span style=\"font-family:宋体;word-wrap: break-word; margin: 0px; padding: 0px; outline: 0px; font-size: 10pt; background-color: transparent;\">职级</span></strong></p></td><td style=\"word-wrap: break-word; margin: 0px; padding: 0px; outline: 0px; font-size: 14px; background-color: transparent; list-style-type: none; width: 75pt; height: 24pt;\"><p style=\"word-wrap: break-word; margin: 0px; padding: 0px; outline: 0px; background-color: transparent; list-style-type: none; text-align: center;\"><strong style=\"word-wrap: break-word; margin: 0px; padding: 0px; outline: 0px; background-color: transparent;\"><span style=\"font-family:宋体;word-wrap: break-word; margin: 0px; padding: 0px; outline: 0px; font-size: 10pt; background-color: transparent;\">直接上级</span></strong></p></td></tr><tr style=\"word-wrap: break-word; margin: 0px; padding: 0px; outline: 0px; background-color: transparent;\"><td style=\"word-wrap: break-word; margin: 0px; padding: 0px; outline: 0px; font-size: 14px; background-color: transparent; list-style-type: none; width: 73pt; height: 24pt;\"><p style=\"word-wrap: break-word; margin: 0px; padding: 0px; outline: 0px; background-color: transparent; list-style-type: none; text-align: center;\"><span style=\"font-family:宋体;word-wrap: break-word; margin: 0px; padding: 0px; outline: 0px; background-color: transparent;\"><span style=\"font-size:16px;word-wrap: break-word; margin: 0px; padding: 0px; outline: 0px; background-color: transparent;\">丁伯超</span></span></p></td><td style=\"word-wrap: break-word; margin: 0px; padding: 0px; outline: 0px; font-size: 14px; background-color: transparent; list-style-type: none; width: 165pt; height: 24pt;\"><p style=\"word-wrap: break-word; margin: 0px; padding: 0px; outline: 0px; background-color: transparent; list-style-type: none; text-align: center;\"><span style=\"font-family:宋体;word-wrap: break-word; margin: 0px; padding: 0px; outline: 0px; background-color: transparent;\"><span style=\"font-size:16px;word-wrap: break-word; margin: 0px; padding: 0px; outline: 0px; background-color: transparent;\">创新应用研发本部</span></span></p></td><td style=\"word-wrap: break-word; margin: 0px; padding: 0px; outline: 0px; font-size: 14px; background-color: transparent; list-style-type: none; width: 110pt; height: 24pt;\"><p style=\"word-wrap: break-word; margin: 0px; padding: 0px; outline: 0px; background-color: transparent; list-style-type: none; text-align: center;\"><span style=\"font-family:宋体;word-wrap: break-word; margin: 0px; padding: 0px; outline: 0px; background-color: transparent;\"><span style=\"font-size:16px;word-wrap: break-word; margin: 0px; padding: 0px; outline: 0px; background-color: transparent;\">开发工具总监</span></span></p></td><td style=\"word-wrap: break-word; margin: 0px; padding: 0px; outline: 0px; font-size: 14px; background-color: transparent; list-style-type: none; width: 63pt; height: 24pt;\"><p style=\"word-wrap: break-word; margin: 0px; padding: 0px; outline: 0px; background-color: transparent; list-style-type: none; text-align: center;\"><span style=\"font-family:宋体;word-wrap: break-word; margin: 0px; padding: 0px; outline: 0px; background-color: transparent;\"><span style=\"font-size:16px;word-wrap: break-word; margin: 0px; padding: 0px; outline: 0px; background-color: transparent;\">4A</span></span></p></td><td style=\"word-wrap: break-word; margin: 0px; padding: 0px; outline: 0px; font-size: 14px; background-color: transparent; list-style-type: none; width: 75pt; height: 24pt;\"><p style=\"word-wrap: break-word; margin: 0px; padding: 0px; outline: 0px; background-color: transparent; list-style-type: none; text-align: center;\"><span style=\"font-family:宋体;word-wrap: break-word; margin: 0px; padding: 0px; outline: 0px; background-color: transparent;\"><span style=\"font-size:16px;word-wrap: break-word; margin: 0px; padding: 0px; outline: 0px; background-color: transparent;\">周昊</span></span></p></td></tr></tbody></table></div><p style=\"word-wrap: break-word; margin: 0px; padding: 0px; outline: 0px; font-size: 14px; list-style-type: none; color: rgb(118, 118, 118); font-family: arial, 宋体; line-height: 24px;\"><span style=\"font-family:宋体;word-wrap: break-word; margin: 0px; padding: 0px; outline: 0px; font-size: 12pt; background-color: transparent;\">&nbsp;</span></p><p style=\"word-wrap: break-word; margin: 0px; padding: 0px; outline: 0px; font-size: 14px; list-style-type: none; color: rgb(118, 118, 118); font-family: arial, 宋体; line-height: 24px;\"><strong style=\"word-wrap: break-word; margin: 0px; padding: 0px; outline: 0px; background-color: transparent;\"><span style=\"font-family:宋体;word-wrap: break-word; margin: 0px; padding: 0px; outline: 0px; font-size: 12pt; background-color: transparent;\">上述任期自发布之日起至2013年12月31日止。</span></strong></p><p style=\"word-wrap: break-word; margin: 0px; padding: 0px; outline: 0px; font-size: 14px; list-style-type: none; color: rgb(118, 118, 118); font-family: arial, 宋体; line-height: 24px;\"><strong style=\"word-wrap: break-word; margin: 0px; padding: 0px; outline: 0px; background-color: transparent;\"><span style=\"word-wrap: break-word; margin: 0px; padding: 0px; outline: 0px; font-size: 12pt; background-color: transparent;\"><span style=\"font-family:Calibri;word-wrap: break-word; margin: 0px; padding: 0px; outline: 0px; background-color: transparent;\">&nbsp;</span></span></strong></p><p style=\"word-wrap: break-word; margin: 0px; padding: 0px; outline: 0px; font-size: 14px; list-style-type: none; color: rgb(118, 118, 118); font-family: arial, 宋体; line-height: 24px;\"><strong style=\"word-wrap: break-word; margin: 0px; padding: 0px; outline: 0px; background-color: transparent;\"><span style=\"word-wrap: break-word; margin: 0px; padding: 0px; outline: 0px; font-size: 12pt; background-color: transparent;\"><span style=\"font-family:Calibri;word-wrap: break-word; margin: 0px; padding: 0px; outline: 0px; background-color: transparent;\">&nbsp;</span></span></strong></p><p style=\"word-wrap: break-word; margin: 0px; padding: 0px; outline: 0px; font-size: 14px; list-style-type: none; color: rgb(118, 118, 118); font-family: arial, 宋体; line-height: 24px;\"><strong style=\"word-wrap: break-word; margin: 0px; padding: 0px; outline: 0px; background-color: transparent;\"><span style=\"word-wrap: break-word; margin: 0px; padding: 0px; outline: 0px; font-size: 12pt; background-color: transparent;\"><span style=\"font-family:Calibri;word-wrap: break-word; margin: 0px; padding: 0px; outline: 0px; background-color: transparent;\">&nbsp;</span></span></strong></p><p style=\"word-wrap: break-word; margin: 0px; padding: 0px; outline: 0px; font-size: 14px; list-style-type: none; color: rgb(118, 118, 118); font-family: arial, 宋体; line-height: 24px;\"><strong style=\"word-wrap: break-word; margin: 0px; padding: 0px; outline: 0px; background-color: transparent;\"><span style=\"font-family:宋体;word-wrap: break-word; margin: 0px; padding: 0px; outline: 0px; font-size: 12pt; background-color: transparent;\">授权：全体</span></strong></p><p style=\"word-wrap: break-word; margin: 0px; padding: 0px; outline: 0px; font-size: 14px; list-style-type: none; color: rgb(118, 118, 118); font-family: arial, 宋体; line-height: 24px;\"><span style=\"font-family:宋体;word-wrap: break-word; margin: 0px; padding: 0px; outline: 0px; background-color: transparent;\"><span style=\"font-size:16px;word-wrap: break-word; margin: 0px; padding: 0px; outline: 0px; background-color: transparent;\">&nbsp;</span></span></p><hr style=\"word-wrap: break-word; margin: 1em 0px; padding: 0px; outline: 0px; font-size: 14px; height: 1px; border-right-width: 0px; border-bottom-width: 0px; border-left-width: 0px; border-top-style: solid; border-top-color: rgb(204, 204, 204); color: rgb(118, 118, 118); font-family: arial, 宋体; line-height: 24px;\" /><p style=\"word-wrap: break-word; margin: 0px; padding: 0px; outline: 0px; font-size: 14px; list-style-type: none; color: rgb(118, 118, 118); font-family: arial, 宋体; line-height: 24px;\"></p><p style=\"word-wrap: break-word; margin: 0px; padding: 0px; outline: 0px; font-size: 14px; list-style-type: none; color: rgb(118, 118, 118); font-family: arial, 宋体; line-height: 24px; text-align: center;\"><img class=\"wordImage\" src=\"http://esn.yonyou.com/js/lib/xheditor/xheditor_skin/blank.gif\" alt=\"\" style=\"word-wrap: break-word; margin: 725.25pt 0px 0px 205.5pt; padding: 0px; outline: 0px; background-color: transparent; border: 0px; vertical-align: top; max-width: 730px; z-index: -251658240; position: absolute; text-align: left; width: 161.75pt; height: 23.9pt; visibility: visible; left: 0px;\" /><img class=\"wordImage\" src=\"http://esn.yonyou.com/js/lib/xheditor/xheditor_skin/blank.gif\" alt=\"\" style=\"word-wrap: break-word; margin: 725.25pt 0px 0px 205.5pt; padding: 0px; outline: 0px; background-color: transparent; border: 0px; vertical-align: top; max-width: 730px; z-index: -251659264; position: absolute; text-align: left; width: 161.75pt; height: 23.9pt; visibility: visible; left: 0px;\" /><img src=\"http://esnimage.uu.com.cn/qz/201212/7/1354846265S852.jpg.thumb.jpg\" alt=\"\" style=\"word-wrap: break-word; margin: 0px; padding: 0px; outline: 0px; background-color: transparent; border: 0px; vertical-align: top; max-width: 730px;\" /></p>','人力资源部','2013-03-26 18:54:57','2013-03-26 18:54:57',1,0,0,0,1,'\0',0),(55,2,2,2,'干字（2013）第09号 2013年干部任命决定','<p style=\"word-wrap: break-word; margin: 0px; padding: 0px; outline: 0px; font-size: 14px; list-style-type: none; color: rgb(118, 118, 118); font-family: arial, 宋体; line-height: 24px; text-align: center;\"><span style=\"font-family:微软雅黑, sans-serif;word-wrap: break-word; margin: 0px; padding: 0px; outline: 0px; font-size: 12pt; background-color: transparent;\"><img src=\"http://esnimage.uu.com.cn/qz/201210/12/1350023486ghvJ.jpg\" alt=\"\" style=\"word-wrap: break-word; margin: 0px; padding: 0px; outline: 0px; background-color: transparent; border: 0px; vertical-align: top; max-width: 730px;\" /></span></p><p style=\"word-wrap: break-word; margin: 0px; padding: 0px; outline: 0px; font-size: 14px; list-style-type: none; color: rgb(118, 118, 118); font-family: arial, 宋体; line-height: 24px; text-align: center;\"><span style=\"font-family:微软雅黑, sans-serif;word-wrap: break-word; margin: 0px; padding: 0px; outline: 0px; font-size: 12pt; background-color: transparent;\">畅捷通&nbsp;<span style=\"color:red;word-wrap: break-word; margin: 0px; padding: 0px; outline: 0px; background-color: transparent;\">干字</span>（<span style=\"color:red;word-wrap: break-word; margin: 0px; padding: 0px; outline: 0px; background-color: transparent;\">2013</span>）第&nbsp;<span style=\"color:red;word-wrap: break-word; margin: 0px; padding: 0px; outline: 0px; background-color: transparent;\">05</span>号</span></p><div style=\"word-wrap: break-word; margin: 0px; padding: 0px; outline: 0px; font-size: 14px; list-style-type: none; color: rgb(118, 118, 118); font-family: arial, 宋体; line-height: 24px;\"><span style=\"font-family:宋体;word-wrap: break-word; margin: 0px; padding: 0px; outline: 0px; font-size: 12pt; background-color: transparent;\"></span><hr style=\"word-wrap: break-word; margin: 1em 0px; padding: 0px; outline: 0px; background-color: transparent; height: 1px; border-right-width: 0px; border-bottom-width: 0px; border-left-width: 0px; border-top-style: solid; border-top-color: rgb(204, 204, 204);\" /></div><p style=\"word-wrap: break-word; margin: 0px; padding: 0px; outline: 0px; font-size: 14px; list-style-type: none; color: rgb(118, 118, 118); font-family: arial, 宋体; line-height: 24px; text-align: center;\"><strong style=\"word-wrap: break-word; margin: 0px; padding: 0px; outline: 0px; background-color: transparent;\"><span style=\"font-family:宋体;word-wrap: break-word; margin: 0px; padding: 0px; outline: 0px; font-size: 16pt; background-color: transparent;\">干部任命决定</span></strong></p><p style=\"word-wrap: break-word; margin: 0px; padding: 0px; outline: 0px; font-size: 14px; list-style-type: none; color: rgb(118, 118, 118); font-family: arial, 宋体; line-height: 24px; text-align: right;\"><span style=\"font-family:宋体;word-wrap: break-word; margin: 0px; padding: 0px; outline: 0px; background-color: transparent;\"><span style=\"font-size:16px;word-wrap: break-word; margin: 0px; padding: 0px; outline: 0px; background-color: transparent;\">签发人：曾志勇</span></span></p><p style=\"word-wrap: break-word; margin: 0px; padding: 0px; outline: 0px; font-size: 14px; list-style-type: none; color: rgb(118, 118, 118); font-family: arial, 宋体; line-height: 24px; text-align: right;\"><span style=\"font-family:宋体;word-wrap: break-word; margin: 0px; padding: 0px; outline: 0px; background-color: transparent;\"><span style=\"font-size:16px;word-wrap: break-word; margin: 0px; padding: 0px; outline: 0px; background-color: transparent;\">签发时间：2013年3月18日</span></span></p><p style=\"word-wrap: break-word; margin: 0px; padding: 0px; outline: 0px; font-size: 14px; list-style-type: none; color: rgb(118, 118, 118); font-family: arial, 宋体; line-height: 24px;\"><span style=\"font-family:宋体;word-wrap: break-word; margin: 0px; padding: 0px; outline: 0px; background-color: transparent;\"><span style=\"font-size:16px;word-wrap: break-word; margin: 0px; padding: 0px; outline: 0px; background-color: transparent;\"></span></span>&nbsp;</p><p style=\"word-wrap: break-word; margin: 0px; padding: 0px; outline: 0px; font-size: 14px; list-style-type: none; color: rgb(118, 118, 118); font-family: arial, 宋体; line-height: 24px;\"><span style=\"font-family:宋体;word-wrap: break-word; margin: 0px; padding: 0px; outline: 0px; background-color: transparent;\"><span style=\"font-size:16px;word-wrap: break-word; margin: 0px; padding: 0px; outline: 0px; background-color: transparent;\">&nbsp;&nbsp;&nbsp; 根据畅捷通信息技术股份有限公司战略与业务发展需要，参照用友集团《干部管理制度》的规定，经公司总裁会批准，决定2013年度聘任信息如下：</span></span></p><div style=\"word-wrap: break-word; margin: 0px; padding: 0px; outline: 0px; font-size: 14px; list-style-type: none; color: rgb(118, 118, 118); font-family: arial, 宋体; line-height: 24px;\"><table border=\"0\" cellspacing=\"0\" cellpadding=\"0\" width=\"648\" style=\"word-wrap: break-word; margin: 0px auto; padding: 0px; outline: 0px; font-size: 14px; background-color: transparent; border-collapse: collapse; border-spacing: 0px;\"><tbody style=\"word-wrap: break-word; margin: 0px; padding: 0px; outline: 0px; background-color: transparent;\"><tr style=\"word-wrap: break-word; margin: 0px; padding: 0px; outline: 0px; background-color: transparent;\"><td style=\"word-wrap: break-word; margin: 0px; padding: 0px; outline: 0px; font-size: 14px; background-color: transparent; list-style-type: none; width: 73pt; height: 24pt;\"><p style=\"word-wrap: break-word; margin: 0px; padding: 0px; outline: 0px; background-color: transparent; list-style-type: none; text-align: center;\"><strong style=\"word-wrap: break-word; margin: 0px; padding: 0px; outline: 0px; background-color: transparent;\"><span style=\"font-family:宋体;word-wrap: break-word; margin: 0px; padding: 0px; outline: 0px; font-size: 10pt; background-color: transparent;\">姓名</span></strong></p></td><td style=\"word-wrap: break-word; margin: 0px; padding: 0px; outline: 0px; font-size: 14px; background-color: transparent; list-style-type: none; width: 165pt; height: 24pt;\"><p style=\"word-wrap: break-word; margin: 0px; padding: 0px; outline: 0px; background-color: transparent; list-style-type: none; text-align: center;\"><strong style=\"word-wrap: break-word; margin: 0px; padding: 0px; outline: 0px; background-color: transparent;\"><span style=\"font-family:宋体;word-wrap: break-word; margin: 0px; padding: 0px; outline: 0px; font-size: 10pt; background-color: transparent;\">机构（部门）</span></strong></p></td><td style=\"word-wrap: break-word; margin: 0px; padding: 0px; outline: 0px; font-size: 14px; background-color: transparent; list-style-type: none; width: 110pt; height: 24pt;\"><p style=\"word-wrap: break-word; margin: 0px; padding: 0px; outline: 0px; background-color: transparent; list-style-type: none; text-align: center;\"><strong style=\"word-wrap: break-word; margin: 0px; padding: 0px; outline: 0px; background-color: transparent;\"><span style=\"font-family:宋体;word-wrap: break-word; margin: 0px; padding: 0px; outline: 0px; font-size: 10pt; background-color: transparent;\">就任职位</span></strong></p></td><td style=\"word-wrap: break-word; margin: 0px; padding: 0px; outline: 0px; font-size: 14px; background-color: transparent; list-style-type: none; width: 63pt; height: 24pt;\"><p style=\"word-wrap: break-word; margin: 0px; padding: 0px; outline: 0px; background-color: transparent; list-style-type: none; text-align: center;\"><strong style=\"word-wrap: break-word; margin: 0px; padding: 0px; outline: 0px; background-color: transparent;\"><span style=\"font-family:宋体;word-wrap: break-word; margin: 0px; padding: 0px; outline: 0px; font-size: 10pt; background-color: transparent;\">职级</span></strong></p></td><td style=\"word-wrap: break-word; margin: 0px; padding: 0px; outline: 0px; font-size: 14px; background-color: transparent; list-style-type: none; width: 75pt; height: 24pt;\"><p style=\"word-wrap: break-word; margin: 0px; padding: 0px; outline: 0px; background-color: transparent; list-style-type: none; text-align: center;\"><strong style=\"word-wrap: break-word; margin: 0px; padding: 0px; outline: 0px; background-color: transparent;\"><span style=\"font-family:宋体;word-wrap: break-word; margin: 0px; padding: 0px; outline: 0px; font-size: 10pt; background-color: transparent;\">直接上级</span></strong></p></td></tr><tr style=\"word-wrap: break-word; margin: 0px; padding: 0px; outline: 0px; background-color: transparent;\"><td style=\"word-wrap: break-word; margin: 0px; padding: 0px; outline: 0px; font-size: 14px; background-color: transparent; list-style-type: none; width: 73pt; height: 24pt;\"><p style=\"word-wrap: break-word; margin: 0px; padding: 0px; outline: 0px; background-color: transparent; list-style-type: none; text-align: center;\"><span style=\"font-family:宋体;word-wrap: break-word; margin: 0px; padding: 0px; outline: 0px; background-color: transparent;\"><span style=\"font-size:16px;word-wrap: break-word; margin: 0px; padding: 0px; outline: 0px; background-color: transparent;\">丁伯超</span></span></p></td><td style=\"word-wrap: break-word; margin: 0px; padding: 0px; outline: 0px; font-size: 14px; background-color: transparent; list-style-type: none; width: 165pt; height: 24pt;\"><p style=\"word-wrap: break-word; margin: 0px; padding: 0px; outline: 0px; background-color: transparent; list-style-type: none; text-align: center;\"><span style=\"font-family:宋体;word-wrap: break-word; margin: 0px; padding: 0px; outline: 0px; background-color: transparent;\"><span style=\"font-size:16px;word-wrap: break-word; margin: 0px; padding: 0px; outline: 0px; background-color: transparent;\">创新应用研发本部</span></span></p></td><td style=\"word-wrap: break-word; margin: 0px; padding: 0px; outline: 0px; font-size: 14px; background-color: transparent; list-style-type: none; width: 110pt; height: 24pt;\"><p style=\"word-wrap: break-word; margin: 0px; padding: 0px; outline: 0px; background-color: transparent; list-style-type: none; text-align: center;\"><span style=\"font-family:宋体;word-wrap: break-word; margin: 0px; padding: 0px; outline: 0px; background-color: transparent;\"><span style=\"font-size:16px;word-wrap: break-word; margin: 0px; padding: 0px; outline: 0px; background-color: transparent;\">开发工具总监</span></span></p></td><td style=\"word-wrap: break-word; margin: 0px; padding: 0px; outline: 0px; font-size: 14px; background-color: transparent; list-style-type: none; width: 63pt; height: 24pt;\"><p style=\"word-wrap: break-word; margin: 0px; padding: 0px; outline: 0px; background-color: transparent; list-style-type: none; text-align: center;\"><span style=\"font-family:宋体;word-wrap: break-word; margin: 0px; padding: 0px; outline: 0px; background-color: transparent;\"><span style=\"font-size:16px;word-wrap: break-word; margin: 0px; padding: 0px; outline: 0px; background-color: transparent;\">4A</span></span></p></td><td style=\"word-wrap: break-word; margin: 0px; padding: 0px; outline: 0px; font-size: 14px; background-color: transparent; list-style-type: none; width: 75pt; height: 24pt;\"><p style=\"word-wrap: break-word; margin: 0px; padding: 0px; outline: 0px; background-color: transparent; list-style-type: none; text-align: center;\"><span style=\"font-family:宋体;word-wrap: break-word; margin: 0px; padding: 0px; outline: 0px; background-color: transparent;\"><span style=\"font-size:16px;word-wrap: break-word; margin: 0px; padding: 0px; outline: 0px; background-color: transparent;\">周昊</span></span></p></td></tr></tbody></table></div><p style=\"word-wrap: break-word; margin: 0px; padding: 0px; outline: 0px; font-size: 14px; list-style-type: none; color: rgb(118, 118, 118); font-family: arial, 宋体; line-height: 24px;\"><span style=\"font-family:宋体;word-wrap: break-word; margin: 0px; padding: 0px; outline: 0px; font-size: 12pt; background-color: transparent;\">&nbsp;</span></p><p style=\"word-wrap: break-word; margin: 0px; padding: 0px; outline: 0px; font-size: 14px; list-style-type: none; color: rgb(118, 118, 118); font-family: arial, 宋体; line-height: 24px;\"><strong style=\"word-wrap: break-word; margin: 0px; padding: 0px; outline: 0px; background-color: transparent;\"><span style=\"font-family:宋体;word-wrap: break-word; margin: 0px; padding: 0px; outline: 0px; font-size: 12pt; background-color: transparent;\">上述任期自发布之日起至2013年12月31日止。</span></strong></p><p style=\"word-wrap: break-word; margin: 0px; padding: 0px; outline: 0px; font-size: 14px; list-style-type: none; color: rgb(118, 118, 118); font-family: arial, 宋体; line-height: 24px;\"><strong style=\"word-wrap: break-word; margin: 0px; padding: 0px; outline: 0px; background-color: transparent;\"><span style=\"word-wrap: break-word; margin: 0px; padding: 0px; outline: 0px; font-size: 12pt; background-color: transparent;\"><span style=\"font-family:Calibri;word-wrap: break-word; margin: 0px; padding: 0px; outline: 0px; background-color: transparent;\">&nbsp;</span></span></strong></p><p style=\"word-wrap: break-word; margin: 0px; padding: 0px; outline: 0px; font-size: 14px; list-style-type: none; color: rgb(118, 118, 118); font-family: arial, 宋体; line-height: 24px;\"><strong style=\"word-wrap: break-word; margin: 0px; padding: 0px; outline: 0px; background-color: transparent;\"><span style=\"word-wrap: break-word; margin: 0px; padding: 0px; outline: 0px; font-size: 12pt; background-color: transparent;\"><span style=\"font-family:Calibri;word-wrap: break-word; margin: 0px; padding: 0px; outline: 0px; background-color: transparent;\">&nbsp;</span></span></strong></p><p style=\"word-wrap: break-word; margin: 0px; padding: 0px; outline: 0px; font-size: 14px; list-style-type: none; color: rgb(118, 118, 118); font-family: arial, 宋体; line-height: 24px;\"><strong style=\"word-wrap: break-word; margin: 0px; padding: 0px; outline: 0px; background-color: transparent;\"><span style=\"word-wrap: break-word; margin: 0px; padding: 0px; outline: 0px; font-size: 12pt; background-color: transparent;\"><span style=\"font-family:Calibri;word-wrap: break-word; margin: 0px; padding: 0px; outline: 0px; background-color: transparent;\">&nbsp;</span></span></strong></p><p style=\"word-wrap: break-word; margin: 0px; padding: 0px; outline: 0px; font-size: 14px; list-style-type: none; color: rgb(118, 118, 118); font-family: arial, 宋体; line-height: 24px;\"><strong style=\"word-wrap: break-word; margin: 0px; padding: 0px; outline: 0px; background-color: transparent;\"><span style=\"font-family:宋体;word-wrap: break-word; margin: 0px; padding: 0px; outline: 0px; font-size: 12pt; background-color: transparent;\">授权：全体</span></strong></p><p style=\"word-wrap: break-word; margin: 0px; padding: 0px; outline: 0px; font-size: 14px; list-style-type: none; color: rgb(118, 118, 118); font-family: arial, 宋体; line-height: 24px;\"><span style=\"font-family:宋体;word-wrap: break-word; margin: 0px; padding: 0px; outline: 0px; background-color: transparent;\"><span style=\"font-size:16px;word-wrap: break-word; margin: 0px; padding: 0px; outline: 0px; background-color: transparent;\">&nbsp;</span></span></p><hr style=\"word-wrap: break-word; margin: 1em 0px; padding: 0px; outline: 0px; font-size: 14px; height: 1px; border-right-width: 0px; border-bottom-width: 0px; border-left-width: 0px; border-top-style: solid; border-top-color: rgb(204, 204, 204); color: rgb(118, 118, 118); font-family: arial, 宋体; line-height: 24px;\" /><p style=\"word-wrap: break-word; margin: 0px; padding: 0px; outline: 0px; font-size: 14px; list-style-type: none; color: rgb(118, 118, 118); font-family: arial, 宋体; line-height: 24px;\"></p><p style=\"word-wrap: break-word; margin: 0px; padding: 0px; outline: 0px; font-size: 14px; list-style-type: none; color: rgb(118, 118, 118); font-family: arial, 宋体; line-height: 24px; text-align: center;\"><img class=\"wordImage\" src=\"http://esn.yonyou.com/js/lib/xheditor/xheditor_skin/blank.gif\" alt=\"\" style=\"word-wrap: break-word; margin: 725.25pt 0px 0px 205.5pt; padding: 0px; outline: 0px; background-color: transparent; border: 0px; vertical-align: top; max-width: 730px; z-index: -251658240; position: absolute; text-align: left; width: 161.75pt; height: 23.9pt; visibility: visible; left: 0px;\" /><img class=\"wordImage\" src=\"http://esn.yonyou.com/js/lib/xheditor/xheditor_skin/blank.gif\" alt=\"\" style=\"word-wrap: break-word; margin: 725.25pt 0px 0px 205.5pt; padding: 0px; outline: 0px; background-color: transparent; border: 0px; vertical-align: top; max-width: 730px; z-index: -251659264; position: absolute; text-align: left; width: 161.75pt; height: 23.9pt; visibility: visible; left: 0px;\" /><img src=\"http://esnimage.uu.com.cn/qz/201212/7/1354846265S852.jpg.thumb.jpg\" alt=\"\" style=\"word-wrap: break-word; margin: 0px; padding: 0px; outline: 0px; background-color: transparent; border: 0px; vertical-align: top; max-width: 730px;\" /></p>','人力资源部','2013-03-26 18:55:06','2013-03-26 18:55:06',1,0,0,0,1,'\0',0),(56,2,2,3,'干字（2013）第15号 2013年组织机构调整决定','<p style=\"word-wrap: break-word; margin: 0px; padding: 0px; outline: 0px; font-size: 14px; list-style-type: none; color: rgb(118, 118, 118); font-family: arial, 宋体; line-height: 24px; text-align: center;\"><span style=\"font-family:微软雅黑, sans-serif;word-wrap: break-word; margin: 0px; padding: 0px; outline: 0px; font-size: 12pt; background-color: transparent;\"><img src=\"http://esnimage.uu.com.cn/qz/201210/12/1350023486ghvJ.jpg\" alt=\"\" style=\"word-wrap: break-word; margin: 0px; padding: 0px; outline: 0px; background-color: transparent; border: 0px; vertical-align: top; max-width: 730px;\" /></span></p><p style=\"word-wrap: break-word; margin: 0px; padding: 0px; outline: 0px; font-size: 14px; list-style-type: none; color: rgb(118, 118, 118); font-family: arial, 宋体; line-height: 24px; text-align: center;\"><span style=\"font-family:微软雅黑, sans-serif;word-wrap: break-word; margin: 0px; padding: 0px; outline: 0px; font-size: 12pt; background-color: transparent;\">畅捷通&nbsp;<span style=\"color:red;word-wrap: break-word; margin: 0px; padding: 0px; outline: 0px; background-color: transparent;\">干字</span>（<span style=\"color:red;word-wrap: break-word; margin: 0px; padding: 0px; outline: 0px; background-color: transparent;\">2013</span>）第&nbsp;<span style=\"color:red;word-wrap: break-word; margin: 0px; padding: 0px; outline: 0px; background-color: transparent;\">05</span>号</span></p><div style=\"word-wrap: break-word; margin: 0px; padding: 0px; outline: 0px; font-size: 14px; list-style-type: none; color: rgb(118, 118, 118); font-family: arial, 宋体; line-height: 24px;\"><span style=\"font-family:宋体;word-wrap: break-word; margin: 0px; padding: 0px; outline: 0px; font-size: 12pt; background-color: transparent;\"></span><hr style=\"word-wrap: break-word; margin: 1em 0px; padding: 0px; outline: 0px; background-color: transparent; height: 1px; border-right-width: 0px; border-bottom-width: 0px; border-left-width: 0px; border-top-style: solid; border-top-color: rgb(204, 204, 204);\" /></div><p style=\"word-wrap: break-word; margin: 0px; padding: 0px; outline: 0px; font-size: 14px; list-style-type: none; color: rgb(118, 118, 118); font-family: arial, 宋体; line-height: 24px; text-align: center;\"><strong style=\"word-wrap: break-word; margin: 0px; padding: 0px; outline: 0px; background-color: transparent;\"><span style=\"font-family:宋体;word-wrap: break-word; margin: 0px; padding: 0px; outline: 0px; font-size: 16pt; background-color: transparent;\">干部任命决定</span></strong></p><p style=\"word-wrap: break-word; margin: 0px; padding: 0px; outline: 0px; font-size: 14px; list-style-type: none; color: rgb(118, 118, 118); font-family: arial, 宋体; line-height: 24px; text-align: right;\"><span style=\"font-family:宋体;word-wrap: break-word; margin: 0px; padding: 0px; outline: 0px; background-color: transparent;\"><span style=\"font-size:16px;word-wrap: break-word; margin: 0px; padding: 0px; outline: 0px; background-color: transparent;\">签发人：曾志勇</span></span></p><p style=\"word-wrap: break-word; margin: 0px; padding: 0px; outline: 0px; font-size: 14px; list-style-type: none; color: rgb(118, 118, 118); font-family: arial, 宋体; line-height: 24px; text-align: right;\"><span style=\"font-family:宋体;word-wrap: break-word; margin: 0px; padding: 0px; outline: 0px; background-color: transparent;\"><span style=\"font-size:16px;word-wrap: break-word; margin: 0px; padding: 0px; outline: 0px; background-color: transparent;\">签发时间：2013年3月18日</span></span></p><p style=\"word-wrap: break-word; margin: 0px; padding: 0px; outline: 0px; font-size: 14px; list-style-type: none; color: rgb(118, 118, 118); font-family: arial, 宋体; line-height: 24px;\"><span style=\"font-family:宋体;word-wrap: break-word; margin: 0px; padding: 0px; outline: 0px; background-color: transparent;\"><span style=\"font-size:16px;word-wrap: break-word; margin: 0px; padding: 0px; outline: 0px; background-color: transparent;\"></span></span>&nbsp;</p><p style=\"word-wrap: break-word; margin: 0px; padding: 0px; outline: 0px; font-size: 14px; list-style-type: none; color: rgb(118, 118, 118); font-family: arial, 宋体; line-height: 24px;\"><span style=\"font-family:宋体;word-wrap: break-word; margin: 0px; padding: 0px; outline: 0px; background-color: transparent;\"><span style=\"font-size:16px;word-wrap: break-word; margin: 0px; padding: 0px; outline: 0px; background-color: transparent;\">&nbsp;&nbsp;&nbsp; 根据畅捷通信息技术股份有限公司战略与业务发展需要，参照用友集团《干部管理制度》的规定，经公司总裁会批准，决定2013年度聘任信息如下：</span></span></p><div style=\"word-wrap: break-word; margin: 0px; padding: 0px; outline: 0px; font-size: 14px; list-style-type: none; color: rgb(118, 118, 118); font-family: arial, 宋体; line-height: 24px;\"><table border=\"0\" cellspacing=\"0\" cellpadding=\"0\" width=\"648\" style=\"word-wrap: break-word; margin: 0px auto; padding: 0px; outline: 0px; font-size: 14px; background-color: transparent; border-collapse: collapse; border-spacing: 0px;\"><tbody style=\"word-wrap: break-word; margin: 0px; padding: 0px; outline: 0px; background-color: transparent;\"><tr style=\"word-wrap: break-word; margin: 0px; padding: 0px; outline: 0px; background-color: transparent;\"><td style=\"word-wrap: break-word; margin: 0px; padding: 0px; outline: 0px; font-size: 14px; background-color: transparent; list-style-type: none; width: 73pt; height: 24pt;\"><p style=\"word-wrap: break-word; margin: 0px; padding: 0px; outline: 0px; background-color: transparent; list-style-type: none; text-align: center;\"><strong style=\"word-wrap: break-word; margin: 0px; padding: 0px; outline: 0px; background-color: transparent;\"><span style=\"font-family:宋体;word-wrap: break-word; margin: 0px; padding: 0px; outline: 0px; font-size: 10pt; background-color: transparent;\">姓名</span></strong></p></td><td style=\"word-wrap: break-word; margin: 0px; padding: 0px; outline: 0px; font-size: 14px; background-color: transparent; list-style-type: none; width: 165pt; height: 24pt;\"><p style=\"word-wrap: break-word; margin: 0px; padding: 0px; outline: 0px; background-color: transparent; list-style-type: none; text-align: center;\"><strong style=\"word-wrap: break-word; margin: 0px; padding: 0px; outline: 0px; background-color: transparent;\"><span style=\"font-family:宋体;word-wrap: break-word; margin: 0px; padding: 0px; outline: 0px; font-size: 10pt; background-color: transparent;\">机构（部门）</span></strong></p></td><td style=\"word-wrap: break-word; margin: 0px; padding: 0px; outline: 0px; font-size: 14px; background-color: transparent; list-style-type: none; width: 110pt; height: 24pt;\"><p style=\"word-wrap: break-word; margin: 0px; padding: 0px; outline: 0px; background-color: transparent; list-style-type: none; text-align: center;\"><strong style=\"word-wrap: break-word; margin: 0px; padding: 0px; outline: 0px; background-color: transparent;\"><span style=\"font-family:宋体;word-wrap: break-word; margin: 0px; padding: 0px; outline: 0px; font-size: 10pt; background-color: transparent;\">就任职位</span></strong></p></td><td style=\"word-wrap: break-word; margin: 0px; padding: 0px; outline: 0px; font-size: 14px; background-color: transparent; list-style-type: none; width: 63pt; height: 24pt;\"><p style=\"word-wrap: break-word; margin: 0px; padding: 0px; outline: 0px; background-color: transparent; list-style-type: none; text-align: center;\"><strong style=\"word-wrap: break-word; margin: 0px; padding: 0px; outline: 0px; background-color: transparent;\"><span style=\"font-family:宋体;word-wrap: break-word; margin: 0px; padding: 0px; outline: 0px; font-size: 10pt; background-color: transparent;\">职级</span></strong></p></td><td style=\"word-wrap: break-word; margin: 0px; padding: 0px; outline: 0px; font-size: 14px; background-color: transparent; list-style-type: none; width: 75pt; height: 24pt;\"><p style=\"word-wrap: break-word; margin: 0px; padding: 0px; outline: 0px; background-color: transparent; list-style-type: none; text-align: center;\"><strong style=\"word-wrap: break-word; margin: 0px; padding: 0px; outline: 0px; background-color: transparent;\"><span style=\"font-family:宋体;word-wrap: break-word; margin: 0px; padding: 0px; outline: 0px; font-size: 10pt; background-color: transparent;\">直接上级</span></strong></p></td></tr><tr style=\"word-wrap: break-word; margin: 0px; padding: 0px; outline: 0px; background-color: transparent;\"><td style=\"word-wrap: break-word; margin: 0px; padding: 0px; outline: 0px; font-size: 14px; background-color: transparent; list-style-type: none; width: 73pt; height: 24pt;\"><p style=\"word-wrap: break-word; margin: 0px; padding: 0px; outline: 0px; background-color: transparent; list-style-type: none; text-align: center;\"><span style=\"font-family:宋体;word-wrap: break-word; margin: 0px; padding: 0px; outline: 0px; background-color: transparent;\"><span style=\"font-size:16px;word-wrap: break-word; margin: 0px; padding: 0px; outline: 0px; background-color: transparent;\">丁伯超</span></span></p></td><td style=\"word-wrap: break-word; margin: 0px; padding: 0px; outline: 0px; font-size: 14px; background-color: transparent; list-style-type: none; width: 165pt; height: 24pt;\"><p style=\"word-wrap: break-word; margin: 0px; padding: 0px; outline: 0px; background-color: transparent; list-style-type: none; text-align: center;\"><span style=\"font-family:宋体;word-wrap: break-word; margin: 0px; padding: 0px; outline: 0px; background-color: transparent;\"><span style=\"font-size:16px;word-wrap: break-word; margin: 0px; padding: 0px; outline: 0px; background-color: transparent;\">创新应用研发本部</span></span></p></td><td style=\"word-wrap: break-word; margin: 0px; padding: 0px; outline: 0px; font-size: 14px; background-color: transparent; list-style-type: none; width: 110pt; height: 24pt;\"><p style=\"word-wrap: break-word; margin: 0px; padding: 0px; outline: 0px; background-color: transparent; list-style-type: none; text-align: center;\"><span style=\"font-family:宋体;word-wrap: break-word; margin: 0px; padding: 0px; outline: 0px; background-color: transparent;\"><span style=\"font-size:16px;word-wrap: break-word; margin: 0px; padding: 0px; outline: 0px; background-color: transparent;\">开发工具总监</span></span></p></td><td style=\"word-wrap: break-word; margin: 0px; padding: 0px; outline: 0px; font-size: 14px; background-color: transparent; list-style-type: none; width: 63pt; height: 24pt;\"><p style=\"word-wrap: break-word; margin: 0px; padding: 0px; outline: 0px; background-color: transparent; list-style-type: none; text-align: center;\"><span style=\"font-family:宋体;word-wrap: break-word; margin: 0px; padding: 0px; outline: 0px; background-color: transparent;\"><span style=\"font-size:16px;word-wrap: break-word; margin: 0px; padding: 0px; outline: 0px; background-color: transparent;\">4A</span></span></p></td><td style=\"word-wrap: break-word; margin: 0px; padding: 0px; outline: 0px; font-size: 14px; background-color: transparent; list-style-type: none; width: 75pt; height: 24pt;\"><p style=\"word-wrap: break-word; margin: 0px; padding: 0px; outline: 0px; background-color: transparent; list-style-type: none; text-align: center;\"><span style=\"font-family:宋体;word-wrap: break-word; margin: 0px; padding: 0px; outline: 0px; background-color: transparent;\"><span style=\"font-size:16px;word-wrap: break-word; margin: 0px; padding: 0px; outline: 0px; background-color: transparent;\">周昊</span></span></p></td></tr></tbody></table></div><p style=\"word-wrap: break-word; margin: 0px; padding: 0px; outline: 0px; font-size: 14px; list-style-type: none; color: rgb(118, 118, 118); font-family: arial, 宋体; line-height: 24px;\"><span style=\"font-family:宋体;word-wrap: break-word; margin: 0px; padding: 0px; outline: 0px; font-size: 12pt; background-color: transparent;\">&nbsp;</span></p><p style=\"word-wrap: break-word; margin: 0px; padding: 0px; outline: 0px; font-size: 14px; list-style-type: none; color: rgb(118, 118, 118); font-family: arial, 宋体; line-height: 24px;\"><strong style=\"word-wrap: break-word; margin: 0px; padding: 0px; outline: 0px; background-color: transparent;\"><span style=\"font-family:宋体;word-wrap: break-word; margin: 0px; padding: 0px; outline: 0px; font-size: 12pt; background-color: transparent;\">上述任期自发布之日起至2013年12月31日止。</span></strong></p><p style=\"word-wrap: break-word; margin: 0px; padding: 0px; outline: 0px; font-size: 14px; list-style-type: none; color: rgb(118, 118, 118); font-family: arial, 宋体; line-height: 24px;\"><strong style=\"word-wrap: break-word; margin: 0px; padding: 0px; outline: 0px; background-color: transparent;\"><span style=\"word-wrap: break-word; margin: 0px; padding: 0px; outline: 0px; font-size: 12pt; background-color: transparent;\"><span style=\"font-family:Calibri;word-wrap: break-word; margin: 0px; padding: 0px; outline: 0px; background-color: transparent;\">&nbsp;</span></span></strong></p><p style=\"word-wrap: break-word; margin: 0px; padding: 0px; outline: 0px; font-size: 14px; list-style-type: none; color: rgb(118, 118, 118); font-family: arial, 宋体; line-height: 24px;\"><strong style=\"word-wrap: break-word; margin: 0px; padding: 0px; outline: 0px; background-color: transparent;\"><span style=\"word-wrap: break-word; margin: 0px; padding: 0px; outline: 0px; font-size: 12pt; background-color: transparent;\"><span style=\"font-family:Calibri;word-wrap: break-word; margin: 0px; padding: 0px; outline: 0px; background-color: transparent;\">&nbsp;</span></span></strong></p><p style=\"word-wrap: break-word; margin: 0px; padding: 0px; outline: 0px; font-size: 14px; list-style-type: none; color: rgb(118, 118, 118); font-family: arial, 宋体; line-height: 24px;\"><strong style=\"word-wrap: break-word; margin: 0px; padding: 0px; outline: 0px; background-color: transparent;\"><span style=\"word-wrap: break-word; margin: 0px; padding: 0px; outline: 0px; font-size: 12pt; background-color: transparent;\"><span style=\"font-family:Calibri;word-wrap: break-word; margin: 0px; padding: 0px; outline: 0px; background-color: transparent;\">&nbsp;</span></span></strong></p><p style=\"word-wrap: break-word; margin: 0px; padding: 0px; outline: 0px; font-size: 14px; list-style-type: none; color: rgb(118, 118, 118); font-family: arial, 宋体; line-height: 24px;\"><strong style=\"word-wrap: break-word; margin: 0px; padding: 0px; outline: 0px; background-color: transparent;\"><span style=\"font-family:宋体;word-wrap: break-word; margin: 0px; padding: 0px; outline: 0px; font-size: 12pt; background-color: transparent;\">授权：全体</span></strong></p><p style=\"word-wrap: break-word; margin: 0px; padding: 0px; outline: 0px; font-size: 14px; list-style-type: none; color: rgb(118, 118, 118); font-family: arial, 宋体; line-height: 24px;\"><span style=\"font-family:宋体;word-wrap: break-word; margin: 0px; padding: 0px; outline: 0px; background-color: transparent;\"><span style=\"font-size:16px;word-wrap: break-word; margin: 0px; padding: 0px; outline: 0px; background-color: transparent;\">&nbsp;</span></span></p><hr style=\"word-wrap: break-word; margin: 1em 0px; padding: 0px; outline: 0px; font-size: 14px; height: 1px; border-right-width: 0px; border-bottom-width: 0px; border-left-width: 0px; border-top-style: solid; border-top-color: rgb(204, 204, 204); color: rgb(118, 118, 118); font-family: arial, 宋体; line-height: 24px;\" /><p style=\"word-wrap: break-word; margin: 0px; padding: 0px; outline: 0px; font-size: 14px; list-style-type: none; color: rgb(118, 118, 118); font-family: arial, 宋体; line-height: 24px;\"></p><p style=\"word-wrap: break-word; margin: 0px; padding: 0px; outline: 0px; font-size: 14px; list-style-type: none; color: rgb(118, 118, 118); font-family: arial, 宋体; line-height: 24px; text-align: center;\"><img class=\"wordImage\" src=\"http://esn.yonyou.com/js/lib/xheditor/xheditor_skin/blank.gif\" alt=\"\" style=\"word-wrap: break-word; margin: 725.25pt 0px 0px 205.5pt; padding: 0px; outline: 0px; background-color: transparent; border: 0px; vertical-align: top; max-width: 730px; z-index: -251658240; position: absolute; text-align: left; width: 161.75pt; height: 23.9pt; visibility: visible; left: 0px;\" /><img class=\"wordImage\" src=\"http://esn.yonyou.com/js/lib/xheditor/xheditor_skin/blank.gif\" alt=\"\" style=\"word-wrap: break-word; margin: 725.25pt 0px 0px 205.5pt; padding: 0px; outline: 0px; background-color: transparent; border: 0px; vertical-align: top; max-width: 730px; z-index: -251659264; position: absolute; text-align: left; width: 161.75pt; height: 23.9pt; visibility: visible; left: 0px;\" /><img src=\"http://esnimage.uu.com.cn/qz/201212/7/1354846265S852.jpg.thumb.jpg\" alt=\"\" style=\"word-wrap: break-word; margin: 0px; padding: 0px; outline: 0px; background-color: transparent; border: 0px; vertical-align: top; max-width: 730px;\" /></p>','人力资源部','2013-03-26 18:55:14','2013-03-26 18:55:14',1,0,0,0,1,'\0',0),(57,2,2,2,'干字（2013）第10号 2013年组织机构调整决定','<p style=\"word-wrap: break-word; margin: 0px; padding: 0px; outline: 0px; font-size: 14px; list-style-type: none; color: rgb(118, 118, 118); font-family: arial, 宋体; line-height: 24px; text-align: center;\"><span style=\"font-family:微软雅黑, sans-serif;word-wrap: break-word; margin: 0px; padding: 0px; outline: 0px; font-size: 12pt; background-color: transparent;\"><img src=\"http://esnimage.uu.com.cn/qz/201210/12/1350023486ghvJ.jpg\" alt=\"\" style=\"word-wrap: break-word; margin: 0px; padding: 0px; outline: 0px; background-color: transparent; border: 0px; vertical-align: top; max-width: 730px;\" /></span></p><p style=\"word-wrap: break-word; margin: 0px; padding: 0px; outline: 0px; font-size: 14px; list-style-type: none; color: rgb(118, 118, 118); font-family: arial, 宋体; line-height: 24px; text-align: center;\"><span style=\"font-family:微软雅黑, sans-serif;word-wrap: break-word; margin: 0px; padding: 0px; outline: 0px; font-size: 12pt; background-color: transparent;\">畅捷通&nbsp;<span style=\"color:red;word-wrap: break-word; margin: 0px; padding: 0px; outline: 0px; background-color: transparent;\">干字</span>（<span style=\"color:red;word-wrap: break-word; margin: 0px; padding: 0px; outline: 0px; background-color: transparent;\">2013</span>）第&nbsp;<span style=\"color:red;word-wrap: break-word; margin: 0px; padding: 0px; outline: 0px; background-color: transparent;\">05</span>号</span></p><div style=\"word-wrap: break-word; margin: 0px; padding: 0px; outline: 0px; font-size: 14px; list-style-type: none; color: rgb(118, 118, 118); font-family: arial, 宋体; line-height: 24px;\"><span style=\"font-family:宋体;word-wrap: break-word; margin: 0px; padding: 0px; outline: 0px; font-size: 12pt; background-color: transparent;\"></span><hr style=\"word-wrap: break-word; margin: 1em 0px; padding: 0px; outline: 0px; background-color: transparent; height: 1px; border-right-width: 0px; border-bottom-width: 0px; border-left-width: 0px; border-top-style: solid; border-top-color: rgb(204, 204, 204);\" /></div><p style=\"word-wrap: break-word; margin: 0px; padding: 0px; outline: 0px; font-size: 14px; list-style-type: none; color: rgb(118, 118, 118); font-family: arial, 宋体; line-height: 24px; text-align: center;\"><strong style=\"word-wrap: break-word; margin: 0px; padding: 0px; outline: 0px; background-color: transparent;\"><span style=\"font-family:宋体;word-wrap: break-word; margin: 0px; padding: 0px; outline: 0px; font-size: 16pt; background-color: transparent;\">干部任命决定</span></strong></p><p style=\"word-wrap: break-word; margin: 0px; padding: 0px; outline: 0px; font-size: 14px; list-style-type: none; color: rgb(118, 118, 118); font-family: arial, 宋体; line-height: 24px; text-align: right;\"><span style=\"font-family:宋体;word-wrap: break-word; margin: 0px; padding: 0px; outline: 0px; background-color: transparent;\"><span style=\"font-size:16px;word-wrap: break-word; margin: 0px; padding: 0px; outline: 0px; background-color: transparent;\">签发人：曾志勇</span></span></p><p style=\"word-wrap: break-word; margin: 0px; padding: 0px; outline: 0px; font-size: 14px; list-style-type: none; color: rgb(118, 118, 118); font-family: arial, 宋体; line-height: 24px; text-align: right;\"><span style=\"font-family:宋体;word-wrap: break-word; margin: 0px; padding: 0px; outline: 0px; background-color: transparent;\"><span style=\"font-size:16px;word-wrap: break-word; margin: 0px; padding: 0px; outline: 0px; background-color: transparent;\">签发时间：2013年3月18日</span></span></p><p style=\"word-wrap: break-word; margin: 0px; padding: 0px; outline: 0px; font-size: 14px; list-style-type: none; color: rgb(118, 118, 118); font-family: arial, 宋体; line-height: 24px;\"><span style=\"font-family:宋体;word-wrap: break-word; margin: 0px; padding: 0px; outline: 0px; background-color: transparent;\"><span style=\"font-size:16px;word-wrap: break-word; margin: 0px; padding: 0px; outline: 0px; background-color: transparent;\"></span></span>&nbsp;</p><p style=\"word-wrap: break-word; margin: 0px; padding: 0px; outline: 0px; font-size: 14px; list-style-type: none; color: rgb(118, 118, 118); font-family: arial, 宋体; line-height: 24px;\"><span style=\"font-family:宋体;word-wrap: break-word; margin: 0px; padding: 0px; outline: 0px; background-color: transparent;\"><span style=\"font-size:16px;word-wrap: break-word; margin: 0px; padding: 0px; outline: 0px; background-color: transparent;\">&nbsp;&nbsp;&nbsp; 根据畅捷通信息技术股份有限公司战略与业务发展需要，参照用友集团《干部管理制度》的规定，经公司总裁会批准，决定2013年度聘任信息如下：</span></span></p><div style=\"word-wrap: break-word; margin: 0px; padding: 0px; outline: 0px; font-size: 14px; list-style-type: none; color: rgb(118, 118, 118); font-family: arial, 宋体; line-height: 24px;\"><table border=\"0\" cellspacing=\"0\" cellpadding=\"0\" width=\"648\" style=\"word-wrap: break-word; margin: 0px auto; padding: 0px; outline: 0px; font-size: 14px; background-color: transparent; border-collapse: collapse; border-spacing: 0px;\"><tbody style=\"word-wrap: break-word; margin: 0px; padding: 0px; outline: 0px; background-color: transparent;\"><tr style=\"word-wrap: break-word; margin: 0px; padding: 0px; outline: 0px; background-color: transparent;\"><td style=\"word-wrap: break-word; margin: 0px; padding: 0px; outline: 0px; font-size: 14px; background-color: transparent; list-style-type: none; width: 73pt; height: 24pt;\"><p style=\"word-wrap: break-word; margin: 0px; padding: 0px; outline: 0px; background-color: transparent; list-style-type: none; text-align: center;\"><strong style=\"word-wrap: break-word; margin: 0px; padding: 0px; outline: 0px; background-color: transparent;\"><span style=\"font-family:宋体;word-wrap: break-word; margin: 0px; padding: 0px; outline: 0px; font-size: 10pt; background-color: transparent;\">姓名</span></strong></p></td><td style=\"word-wrap: break-word; margin: 0px; padding: 0px; outline: 0px; font-size: 14px; background-color: transparent; list-style-type: none; width: 165pt; height: 24pt;\"><p style=\"word-wrap: break-word; margin: 0px; padding: 0px; outline: 0px; background-color: transparent; list-style-type: none; text-align: center;\"><strong style=\"word-wrap: break-word; margin: 0px; padding: 0px; outline: 0px; background-color: transparent;\"><span style=\"font-family:宋体;word-wrap: break-word; margin: 0px; padding: 0px; outline: 0px; font-size: 10pt; background-color: transparent;\">机构（部门）</span></strong></p></td><td style=\"word-wrap: break-word; margin: 0px; padding: 0px; outline: 0px; font-size: 14px; background-color: transparent; list-style-type: none; width: 110pt; height: 24pt;\"><p style=\"word-wrap: break-word; margin: 0px; padding: 0px; outline: 0px; background-color: transparent; list-style-type: none; text-align: center;\"><strong style=\"word-wrap: break-word; margin: 0px; padding: 0px; outline: 0px; background-color: transparent;\"><span style=\"font-family:宋体;word-wrap: break-word; margin: 0px; padding: 0px; outline: 0px; font-size: 10pt; background-color: transparent;\">就任职位</span></strong></p></td><td style=\"word-wrap: break-word; margin: 0px; padding: 0px; outline: 0px; font-size: 14px; background-color: transparent; list-style-type: none; width: 63pt; height: 24pt;\"><p style=\"word-wrap: break-word; margin: 0px; padding: 0px; outline: 0px; background-color: transparent; list-style-type: none; text-align: center;\"><strong style=\"word-wrap: break-word; margin: 0px; padding: 0px; outline: 0px; background-color: transparent;\"><span style=\"font-family:宋体;word-wrap: break-word; margin: 0px; padding: 0px; outline: 0px; font-size: 10pt; background-color: transparent;\">职级</span></strong></p></td><td style=\"word-wrap: break-word; margin: 0px; padding: 0px; outline: 0px; font-size: 14px; background-color: transparent; list-style-type: none; width: 75pt; height: 24pt;\"><p style=\"word-wrap: break-word; margin: 0px; padding: 0px; outline: 0px; background-color: transparent; list-style-type: none; text-align: center;\"><strong style=\"word-wrap: break-word; margin: 0px; padding: 0px; outline: 0px; background-color: transparent;\"><span style=\"font-family:宋体;word-wrap: break-word; margin: 0px; padding: 0px; outline: 0px; font-size: 10pt; background-color: transparent;\">直接上级</span></strong></p></td></tr><tr style=\"word-wrap: break-word; margin: 0px; padding: 0px; outline: 0px; background-color: transparent;\"><td style=\"word-wrap: break-word; margin: 0px; padding: 0px; outline: 0px; font-size: 14px; background-color: transparent; list-style-type: none; width: 73pt; height: 24pt;\"><p style=\"word-wrap: break-word; margin: 0px; padding: 0px; outline: 0px; background-color: transparent; list-style-type: none; text-align: center;\"><span style=\"font-family:宋体;word-wrap: break-word; margin: 0px; padding: 0px; outline: 0px; background-color: transparent;\"><span style=\"font-size:16px;word-wrap: break-word; margin: 0px; padding: 0px; outline: 0px; background-color: transparent;\">丁伯超</span></span></p></td><td style=\"word-wrap: break-word; margin: 0px; padding: 0px; outline: 0px; font-size: 14px; background-color: transparent; list-style-type: none; width: 165pt; height: 24pt;\"><p style=\"word-wrap: break-word; margin: 0px; padding: 0px; outline: 0px; background-color: transparent; list-style-type: none; text-align: center;\"><span style=\"font-family:宋体;word-wrap: break-word; margin: 0px; padding: 0px; outline: 0px; background-color: transparent;\"><span style=\"font-size:16px;word-wrap: break-word; margin: 0px; padding: 0px; outline: 0px; background-color: transparent;\">创新应用研发本部</span></span></p></td><td style=\"word-wrap: break-word; margin: 0px; padding: 0px; outline: 0px; font-size: 14px; background-color: transparent; list-style-type: none; width: 110pt; height: 24pt;\"><p style=\"word-wrap: break-word; margin: 0px; padding: 0px; outline: 0px; background-color: transparent; list-style-type: none; text-align: center;\"><span style=\"font-family:宋体;word-wrap: break-word; margin: 0px; padding: 0px; outline: 0px; background-color: transparent;\"><span style=\"font-size:16px;word-wrap: break-word; margin: 0px; padding: 0px; outline: 0px; background-color: transparent;\">开发工具总监</span></span></p></td><td style=\"word-wrap: break-word; margin: 0px; padding: 0px; outline: 0px; font-size: 14px; background-color: transparent; list-style-type: none; width: 63pt; height: 24pt;\"><p style=\"word-wrap: break-word; margin: 0px; padding: 0px; outline: 0px; background-color: transparent; list-style-type: none; text-align: center;\"><span style=\"font-family:宋体;word-wrap: break-word; margin: 0px; padding: 0px; outline: 0px; background-color: transparent;\"><span style=\"font-size:16px;word-wrap: break-word; margin: 0px; padding: 0px; outline: 0px; background-color: transparent;\">4A</span></span></p></td><td style=\"word-wrap: break-word; margin: 0px; padding: 0px; outline: 0px; font-size: 14px; background-color: transparent; list-style-type: none; width: 75pt; height: 24pt;\"><p style=\"word-wrap: break-word; margin: 0px; padding: 0px; outline: 0px; background-color: transparent; list-style-type: none; text-align: center;\"><span style=\"font-family:宋体;word-wrap: break-word; margin: 0px; padding: 0px; outline: 0px; background-color: transparent;\"><span style=\"font-size:16px;word-wrap: break-word; margin: 0px; padding: 0px; outline: 0px; background-color: transparent;\">周昊</span></span></p></td></tr></tbody></table></div><p style=\"word-wrap: break-word; margin: 0px; padding: 0px; outline: 0px; font-size: 14px; list-style-type: none; color: rgb(118, 118, 118); font-family: arial, 宋体; line-height: 24px;\"><span style=\"font-family:宋体;word-wrap: break-word; margin: 0px; padding: 0px; outline: 0px; font-size: 12pt; background-color: transparent;\">&nbsp;</span></p><p style=\"word-wrap: break-word; margin: 0px; padding: 0px; outline: 0px; font-size: 14px; list-style-type: none; color: rgb(118, 118, 118); font-family: arial, 宋体; line-height: 24px;\"><strong style=\"word-wrap: break-word; margin: 0px; padding: 0px; outline: 0px; background-color: transparent;\"><span style=\"font-family:宋体;word-wrap: break-word; margin: 0px; padding: 0px; outline: 0px; font-size: 12pt; background-color: transparent;\">上述任期自发布之日起至2013年12月31日止。</span></strong></p><p style=\"word-wrap: break-word; margin: 0px; padding: 0px; outline: 0px; font-size: 14px; list-style-type: none; color: rgb(118, 118, 118); font-family: arial, 宋体; line-height: 24px;\"><strong style=\"word-wrap: break-word; margin: 0px; padding: 0px; outline: 0px; background-color: transparent;\"><span style=\"word-wrap: break-word; margin: 0px; padding: 0px; outline: 0px; font-size: 12pt; background-color: transparent;\"><span style=\"font-family:Calibri;word-wrap: break-word; margin: 0px; padding: 0px; outline: 0px; background-color: transparent;\">&nbsp;</span></span></strong></p><p style=\"word-wrap: break-word; margin: 0px; padding: 0px; outline: 0px; font-size: 14px; list-style-type: none; color: rgb(118, 118, 118); font-family: arial, 宋体; line-height: 24px;\"><strong style=\"word-wrap: break-word; margin: 0px; padding: 0px; outline: 0px; background-color: transparent;\"><span style=\"word-wrap: break-word; margin: 0px; padding: 0px; outline: 0px; font-size: 12pt; background-color: transparent;\"><span style=\"font-family:Calibri;word-wrap: break-word; margin: 0px; padding: 0px; outline: 0px; background-color: transparent;\">&nbsp;</span></span></strong></p><p style=\"word-wrap: break-word; margin: 0px; padding: 0px; outline: 0px; font-size: 14px; list-style-type: none; color: rgb(118, 118, 118); font-family: arial, 宋体; line-height: 24px;\"><strong style=\"word-wrap: break-word; margin: 0px; padding: 0px; outline: 0px; background-color: transparent;\"><span style=\"word-wrap: break-word; margin: 0px; padding: 0px; outline: 0px; font-size: 12pt; background-color: transparent;\"><span style=\"font-family:Calibri;word-wrap: break-word; margin: 0px; padding: 0px; outline: 0px; background-color: transparent;\">&nbsp;</span></span></strong></p><p style=\"word-wrap: break-word; margin: 0px; padding: 0px; outline: 0px; font-size: 14px; list-style-type: none; color: rgb(118, 118, 118); font-family: arial, 宋体; line-height: 24px;\"><strong style=\"word-wrap: break-word; margin: 0px; padding: 0px; outline: 0px; background-color: transparent;\"><span style=\"font-family:宋体;word-wrap: break-word; margin: 0px; padding: 0px; outline: 0px; font-size: 12pt; background-color: transparent;\">授权：全体</span></strong></p><p style=\"word-wrap: break-word; margin: 0px; padding: 0px; outline: 0px; font-size: 14px; list-style-type: none; color: rgb(118, 118, 118); font-family: arial, 宋体; line-height: 24px;\"><span style=\"font-family:宋体;word-wrap: break-word; margin: 0px; padding: 0px; outline: 0px; background-color: transparent;\"><span style=\"font-size:16px;word-wrap: break-word; margin: 0px; padding: 0px; outline: 0px; background-color: transparent;\">&nbsp;</span></span></p><hr style=\"word-wrap: break-word; margin: 1em 0px; padding: 0px; outline: 0px; font-size: 14px; height: 1px; border-right-width: 0px; border-bottom-width: 0px; border-left-width: 0px; border-top-style: solid; border-top-color: rgb(204, 204, 204); color: rgb(118, 118, 118); font-family: arial, 宋体; line-height: 24px;\" /><p style=\"word-wrap: break-word; margin: 0px; padding: 0px; outline: 0px; font-size: 14px; list-style-type: none; color: rgb(118, 118, 118); font-family: arial, 宋体; line-height: 24px;\"></p><p style=\"word-wrap: break-word; margin: 0px; padding: 0px; outline: 0px; font-size: 14px; list-style-type: none; color: rgb(118, 118, 118); font-family: arial, 宋体; line-height: 24px; text-align: center;\"><img class=\"wordImage\" src=\"http://esn.yonyou.com/js/lib/xheditor/xheditor_skin/blank.gif\" alt=\"\" style=\"word-wrap: break-word; margin: 725.25pt 0px 0px 205.5pt; padding: 0px; outline: 0px; background-color: transparent; border: 0px; vertical-align: top; max-width: 730px; z-index: -251658240; position: absolute; text-align: left; width: 161.75pt; height: 23.9pt; visibility: visible; left: 0px;\" /><img class=\"wordImage\" src=\"http://esn.yonyou.com/js/lib/xheditor/xheditor_skin/blank.gif\" alt=\"\" style=\"word-wrap: break-word; margin: 725.25pt 0px 0px 205.5pt; padding: 0px; outline: 0px; background-color: transparent; border: 0px; vertical-align: top; max-width: 730px; z-index: -251659264; position: absolute; text-align: left; width: 161.75pt; height: 23.9pt; visibility: visible; left: 0px;\" /><img src=\"http://esnimage.uu.com.cn/qz/201212/7/1354846265S852.jpg.thumb.jpg\" alt=\"\" style=\"word-wrap: break-word; margin: 0px; padding: 0px; outline: 0px; background-color: transparent; border: 0px; vertical-align: top; max-width: 730px;\" /></p>','人力资源部','2013-03-26 18:55:24','2013-03-26 18:55:24',1,0,0,0,1,'\0',0),(58,2,2,2,'干字（2013）第11号 2013年干部任命决定','<p style=\"word-wrap: break-word; margin: 0px; padding: 0px; outline: 0px; font-size: 14px; list-style-type: none; color: rgb(118, 118, 118); font-family: arial, 宋体; line-height: 24px; text-align: center;\"><span style=\"font-family:微软雅黑, sans-serif;word-wrap: break-word; margin: 0px; padding: 0px; outline: 0px; font-size: 12pt; background-color: transparent;\"><img src=\"http://esnimage.uu.com.cn/qz/201210/12/1350023486ghvJ.jpg\" alt=\"\" style=\"word-wrap: break-word; margin: 0px; padding: 0px; outline: 0px; background-color: transparent; border: 0px; vertical-align: top; max-width: 730px;\" /></span></p><p style=\"word-wrap: break-word; margin: 0px; padding: 0px; outline: 0px; font-size: 14px; list-style-type: none; color: rgb(118, 118, 118); font-family: arial, 宋体; line-height: 24px; text-align: center;\"><span style=\"font-family:微软雅黑, sans-serif;word-wrap: break-word; margin: 0px; padding: 0px; outline: 0px; font-size: 12pt; background-color: transparent;\">畅捷通&nbsp;<span style=\"color:red;word-wrap: break-word; margin: 0px; padding: 0px; outline: 0px; background-color: transparent;\">干字</span>（<span style=\"color:red;word-wrap: break-word; margin: 0px; padding: 0px; outline: 0px; background-color: transparent;\">2013</span>）第&nbsp;<span style=\"color:red;word-wrap: break-word; margin: 0px; padding: 0px; outline: 0px; background-color: transparent;\">05</span>号</span></p><div style=\"word-wrap: break-word; margin: 0px; padding: 0px; outline: 0px; font-size: 14px; list-style-type: none; color: rgb(118, 118, 118); font-family: arial, 宋体; line-height: 24px;\"><span style=\"font-family:宋体;word-wrap: break-word; margin: 0px; padding: 0px; outline: 0px; font-size: 12pt; background-color: transparent;\"></span><hr style=\"word-wrap: break-word; margin: 1em 0px; padding: 0px; outline: 0px; background-color: transparent; height: 1px; border-right-width: 0px; border-bottom-width: 0px; border-left-width: 0px; border-top-style: solid; border-top-color: rgb(204, 204, 204);\" /></div><p style=\"word-wrap: break-word; margin: 0px; padding: 0px; outline: 0px; font-size: 14px; list-style-type: none; color: rgb(118, 118, 118); font-family: arial, 宋体; line-height: 24px; text-align: center;\"><strong style=\"word-wrap: break-word; margin: 0px; padding: 0px; outline: 0px; background-color: transparent;\"><span style=\"font-family:宋体;word-wrap: break-word; margin: 0px; padding: 0px; outline: 0px; font-size: 16pt; background-color: transparent;\">干部任命决定</span></strong></p><p style=\"word-wrap: break-word; margin: 0px; padding: 0px; outline: 0px; font-size: 14px; list-style-type: none; color: rgb(118, 118, 118); font-family: arial, 宋体; line-height: 24px; text-align: right;\"><span style=\"font-family:宋体;word-wrap: break-word; margin: 0px; padding: 0px; outline: 0px; background-color: transparent;\"><span style=\"font-size:16px;word-wrap: break-word; margin: 0px; padding: 0px; outline: 0px; background-color: transparent;\">签发人：曾志勇</span></span></p><p style=\"word-wrap: break-word; margin: 0px; padding: 0px; outline: 0px; font-size: 14px; list-style-type: none; color: rgb(118, 118, 118); font-family: arial, 宋体; line-height: 24px; text-align: right;\"><span style=\"font-family:宋体;word-wrap: break-word; margin: 0px; padding: 0px; outline: 0px; background-color: transparent;\"><span style=\"font-size:16px;word-wrap: break-word; margin: 0px; padding: 0px; outline: 0px; background-color: transparent;\">签发时间：2013年3月18日</span></span></p><p style=\"word-wrap: break-word; margin: 0px; padding: 0px; outline: 0px; font-size: 14px; list-style-type: none; color: rgb(118, 118, 118); font-family: arial, 宋体; line-height: 24px;\"><span style=\"font-family:宋体;word-wrap: break-word; margin: 0px; padding: 0px; outline: 0px; background-color: transparent;\"><span style=\"font-size:16px;word-wrap: break-word; margin: 0px; padding: 0px; outline: 0px; background-color: transparent;\"></span></span>&nbsp;</p><p style=\"word-wrap: break-word; margin: 0px; padding: 0px; outline: 0px; font-size: 14px; list-style-type: none; color: rgb(118, 118, 118); font-family: arial, 宋体; line-height: 24px;\"><span style=\"font-family:宋体;word-wrap: break-word; margin: 0px; padding: 0px; outline: 0px; background-color: transparent;\"><span style=\"font-size:16px;word-wrap: break-word; margin: 0px; padding: 0px; outline: 0px; background-color: transparent;\">&nbsp;&nbsp;&nbsp; 根据畅捷通信息技术股份有限公司战略与业务发展需要，参照用友集团《干部管理制度》的规定，经公司总裁会批准，决定2013年度聘任信息如下：</span></span></p><div style=\"word-wrap: break-word; margin: 0px; padding: 0px; outline: 0px; font-size: 14px; list-style-type: none; color: rgb(118, 118, 118); font-family: arial, 宋体; line-height: 24px;\"><table border=\"0\" cellspacing=\"0\" cellpadding=\"0\" width=\"648\" style=\"word-wrap: break-word; margin: 0px auto; padding: 0px; outline: 0px; font-size: 14px; background-color: transparent; border-collapse: collapse; border-spacing: 0px;\"><tbody style=\"word-wrap: break-word; margin: 0px; padding: 0px; outline: 0px; background-color: transparent;\"><tr style=\"word-wrap: break-word; margin: 0px; padding: 0px; outline: 0px; background-color: transparent;\"><td style=\"word-wrap: break-word; margin: 0px; padding: 0px; outline: 0px; font-size: 14px; background-color: transparent; list-style-type: none; width: 73pt; height: 24pt;\"><p style=\"word-wrap: break-word; margin: 0px; padding: 0px; outline: 0px; background-color: transparent; list-style-type: none; text-align: center;\"><strong style=\"word-wrap: break-word; margin: 0px; padding: 0px; outline: 0px; background-color: transparent;\"><span style=\"font-family:宋体;word-wrap: break-word; margin: 0px; padding: 0px; outline: 0px; font-size: 10pt; background-color: transparent;\">姓名</span></strong></p></td><td style=\"word-wrap: break-word; margin: 0px; padding: 0px; outline: 0px; font-size: 14px; background-color: transparent; list-style-type: none; width: 165pt; height: 24pt;\"><p style=\"word-wrap: break-word; margin: 0px; padding: 0px; outline: 0px; background-color: transparent; list-style-type: none; text-align: center;\"><strong style=\"word-wrap: break-word; margin: 0px; padding: 0px; outline: 0px; background-color: transparent;\"><span style=\"font-family:宋体;word-wrap: break-word; margin: 0px; padding: 0px; outline: 0px; font-size: 10pt; background-color: transparent;\">机构（部门）</span></strong></p></td><td style=\"word-wrap: break-word; margin: 0px; padding: 0px; outline: 0px; font-size: 14px; background-color: transparent; list-style-type: none; width: 110pt; height: 24pt;\"><p style=\"word-wrap: break-word; margin: 0px; padding: 0px; outline: 0px; background-color: transparent; list-style-type: none; text-align: center;\"><strong style=\"word-wrap: break-word; margin: 0px; padding: 0px; outline: 0px; background-color: transparent;\"><span style=\"font-family:宋体;word-wrap: break-word; margin: 0px; padding: 0px; outline: 0px; font-size: 10pt; background-color: transparent;\">就任职位</span></strong></p></td><td style=\"word-wrap: break-word; margin: 0px; padding: 0px; outline: 0px; font-size: 14px; background-color: transparent; list-style-type: none; width: 63pt; height: 24pt;\"><p style=\"word-wrap: break-word; margin: 0px; padding: 0px; outline: 0px; background-color: transparent; list-style-type: none; text-align: center;\"><strong style=\"word-wrap: break-word; margin: 0px; padding: 0px; outline: 0px; background-color: transparent;\"><span style=\"font-family:宋体;word-wrap: break-word; margin: 0px; padding: 0px; outline: 0px; font-size: 10pt; background-color: transparent;\">职级</span></strong></p></td><td style=\"word-wrap: break-word; margin: 0px; padding: 0px; outline: 0px; font-size: 14px; background-color: transparent; list-style-type: none; width: 75pt; height: 24pt;\"><p style=\"word-wrap: break-word; margin: 0px; padding: 0px; outline: 0px; background-color: transparent; list-style-type: none; text-align: center;\"><strong style=\"word-wrap: break-word; margin: 0px; padding: 0px; outline: 0px; background-color: transparent;\"><span style=\"font-family:宋体;word-wrap: break-word; margin: 0px; padding: 0px; outline: 0px; font-size: 10pt; background-color: transparent;\">直接上级</span></strong></p></td></tr><tr style=\"word-wrap: break-word; margin: 0px; padding: 0px; outline: 0px; background-color: transparent;\"><td style=\"word-wrap: break-word; margin: 0px; padding: 0px; outline: 0px; font-size: 14px; background-color: transparent; list-style-type: none; width: 73pt; height: 24pt;\"><p style=\"word-wrap: break-word; margin: 0px; padding: 0px; outline: 0px; background-color: transparent; list-style-type: none; text-align: center;\"><span style=\"font-family:宋体;word-wrap: break-word; margin: 0px; padding: 0px; outline: 0px; background-color: transparent;\"><span style=\"font-size:16px;word-wrap: break-word; margin: 0px; padding: 0px; outline: 0px; background-color: transparent;\">丁伯超</span></span></p></td><td style=\"word-wrap: break-word; margin: 0px; padding: 0px; outline: 0px; font-size: 14px; background-color: transparent; list-style-type: none; width: 165pt; height: 24pt;\"><p style=\"word-wrap: break-word; margin: 0px; padding: 0px; outline: 0px; background-color: transparent; list-style-type: none; text-align: center;\"><span style=\"font-family:宋体;word-wrap: break-word; margin: 0px; padding: 0px; outline: 0px; background-color: transparent;\"><span style=\"font-size:16px;word-wrap: break-word; margin: 0px; padding: 0px; outline: 0px; background-color: transparent;\">创新应用研发本部</span></span></p></td><td style=\"word-wrap: break-word; margin: 0px; padding: 0px; outline: 0px; font-size: 14px; background-color: transparent; list-style-type: none; width: 110pt; height: 24pt;\"><p style=\"word-wrap: break-word; margin: 0px; padding: 0px; outline: 0px; background-color: transparent; list-style-type: none; text-align: center;\"><span style=\"font-family:宋体;word-wrap: break-word; margin: 0px; padding: 0px; outline: 0px; background-color: transparent;\"><span style=\"font-size:16px;word-wrap: break-word; margin: 0px; padding: 0px; outline: 0px; background-color: transparent;\">开发工具总监</span></span></p></td><td style=\"word-wrap: break-word; margin: 0px; padding: 0px; outline: 0px; font-size: 14px; background-color: transparent; list-style-type: none; width: 63pt; height: 24pt;\"><p style=\"word-wrap: break-word; margin: 0px; padding: 0px; outline: 0px; background-color: transparent; list-style-type: none; text-align: center;\"><span style=\"font-family:宋体;word-wrap: break-word; margin: 0px; padding: 0px; outline: 0px; background-color: transparent;\"><span style=\"font-size:16px;word-wrap: break-word; margin: 0px; padding: 0px; outline: 0px; background-color: transparent;\">4A</span></span></p></td><td style=\"word-wrap: break-word; margin: 0px; padding: 0px; outline: 0px; font-size: 14px; background-color: transparent; list-style-type: none; width: 75pt; height: 24pt;\"><p style=\"word-wrap: break-word; margin: 0px; padding: 0px; outline: 0px; background-color: transparent; list-style-type: none; text-align: center;\"><span style=\"font-family:宋体;word-wrap: break-word; margin: 0px; padding: 0px; outline: 0px; background-color: transparent;\"><span style=\"font-size:16px;word-wrap: break-word; margin: 0px; padding: 0px; outline: 0px; background-color: transparent;\">周昊</span></span></p></td></tr></tbody></table></div><p style=\"word-wrap: break-word; margin: 0px; padding: 0px; outline: 0px; font-size: 14px; list-style-type: none; color: rgb(118, 118, 118); font-family: arial, 宋体; line-height: 24px;\"><span style=\"font-family:宋体;word-wrap: break-word; margin: 0px; padding: 0px; outline: 0px; font-size: 12pt; background-color: transparent;\">&nbsp;</span></p><p style=\"word-wrap: break-word; margin: 0px; padding: 0px; outline: 0px; font-size: 14px; list-style-type: none; color: rgb(118, 118, 118); font-family: arial, 宋体; line-height: 24px;\"><strong style=\"word-wrap: break-word; margin: 0px; padding: 0px; outline: 0px; background-color: transparent;\"><span style=\"font-family:宋体;word-wrap: break-word; margin: 0px; padding: 0px; outline: 0px; font-size: 12pt; background-color: transparent;\">上述任期自发布之日起至2013年12月31日止。</span></strong></p><p style=\"word-wrap: break-word; margin: 0px; padding: 0px; outline: 0px; font-size: 14px; list-style-type: none; color: rgb(118, 118, 118); font-family: arial, 宋体; line-height: 24px;\"><strong style=\"word-wrap: break-word; margin: 0px; padding: 0px; outline: 0px; background-color: transparent;\"><span style=\"word-wrap: break-word; margin: 0px; padding: 0px; outline: 0px; font-size: 12pt; background-color: transparent;\"><span style=\"font-family:Calibri;word-wrap: break-word; margin: 0px; padding: 0px; outline: 0px; background-color: transparent;\">&nbsp;</span></span></strong></p><p style=\"word-wrap: break-word; margin: 0px; padding: 0px; outline: 0px; font-size: 14px; list-style-type: none; color: rgb(118, 118, 118); font-family: arial, 宋体; line-height: 24px;\"><strong style=\"word-wrap: break-word; margin: 0px; padding: 0px; outline: 0px; background-color: transparent;\"><span style=\"word-wrap: break-word; margin: 0px; padding: 0px; outline: 0px; font-size: 12pt; background-color: transparent;\"><span style=\"font-family:Calibri;word-wrap: break-word; margin: 0px; padding: 0px; outline: 0px; background-color: transparent;\">&nbsp;</span></span></strong></p><p style=\"word-wrap: break-word; margin: 0px; padding: 0px; outline: 0px; font-size: 14px; list-style-type: none; color: rgb(118, 118, 118); font-family: arial, 宋体; line-height: 24px;\"><strong style=\"word-wrap: break-word; margin: 0px; padding: 0px; outline: 0px; background-color: transparent;\"><span style=\"word-wrap: break-word; margin: 0px; padding: 0px; outline: 0px; font-size: 12pt; background-color: transparent;\"><span style=\"font-family:Calibri;word-wrap: break-word; margin: 0px; padding: 0px; outline: 0px; background-color: transparent;\">&nbsp;</span></span></strong></p><p style=\"word-wrap: break-word; margin: 0px; padding: 0px; outline: 0px; font-size: 14px; list-style-type: none; color: rgb(118, 118, 118); font-family: arial, 宋体; line-height: 24px;\"><strong style=\"word-wrap: break-word; margin: 0px; padding: 0px; outline: 0px; background-color: transparent;\"><span style=\"font-family:宋体;word-wrap: break-word; margin: 0px; padding: 0px; outline: 0px; font-size: 12pt; background-color: transparent;\">授权：全体</span></strong></p><p style=\"word-wrap: break-word; margin: 0px; padding: 0px; outline: 0px; font-size: 14px; list-style-type: none; color: rgb(118, 118, 118); font-family: arial, 宋体; line-height: 24px;\"><span style=\"font-family:宋体;word-wrap: break-word; margin: 0px; padding: 0px; outline: 0px; background-color: transparent;\"><span style=\"font-size:16px;word-wrap: break-word; margin: 0px; padding: 0px; outline: 0px; background-color: transparent;\">&nbsp;</span></span></p><hr style=\"word-wrap: break-word; margin: 1em 0px; padding: 0px; outline: 0px; font-size: 14px; height: 1px; border-right-width: 0px; border-bottom-width: 0px; border-left-width: 0px; border-top-style: solid; border-top-color: rgb(204, 204, 204); color: rgb(118, 118, 118); font-family: arial, 宋体; line-height: 24px;\" /><p style=\"word-wrap: break-word; margin: 0px; padding: 0px; outline: 0px; font-size: 14px; list-style-type: none; color: rgb(118, 118, 118); font-family: arial, 宋体; line-height: 24px;\"></p><p style=\"word-wrap: break-word; margin: 0px; padding: 0px; outline: 0px; font-size: 14px; list-style-type: none; color: rgb(118, 118, 118); font-family: arial, 宋体; line-height: 24px; text-align: center;\"><img class=\"wordImage\" src=\"http://esn.yonyou.com/js/lib/xheditor/xheditor_skin/blank.gif\" alt=\"\" style=\"word-wrap: break-word; margin: 725.25pt 0px 0px 205.5pt; padding: 0px; outline: 0px; background-color: transparent; border: 0px; vertical-align: top; max-width: 730px; z-index: -251658240; position: absolute; text-align: left; width: 161.75pt; height: 23.9pt; visibility: visible; left: 0px;\" /><img class=\"wordImage\" src=\"http://esn.yonyou.com/js/lib/xheditor/xheditor_skin/blank.gif\" alt=\"\" style=\"word-wrap: break-word; margin: 725.25pt 0px 0px 205.5pt; padding: 0px; outline: 0px; background-color: transparent; border: 0px; vertical-align: top; max-width: 730px; z-index: -251659264; position: absolute; text-align: left; width: 161.75pt; height: 23.9pt; visibility: visible; left: 0px;\" /><img src=\"http://esnimage.uu.com.cn/qz/201212/7/1354846265S852.jpg.thumb.jpg\" alt=\"\" style=\"word-wrap: break-word; margin: 0px; padding: 0px; outline: 0px; background-color: transparent; border: 0px; vertical-align: top; max-width: 730px;\" /></p>','人力资源部','2013-03-26 18:56:08','2013-03-26 18:56:08',1,0,0,0,1,'\0',0),(59,2,2,2,'干字（2013）第12号 2013年组织机构调整决定','<p style=\"word-wrap: break-word; margin: 0px; padding: 0px; outline: 0px; font-size: 14px; list-style-type: none; color: rgb(118, 118, 118); font-family: arial, 宋体; line-height: 24px; text-align: center;\"><span style=\"font-family:微软雅黑, sans-serif;word-wrap: break-word; margin: 0px; padding: 0px; outline: 0px; font-size: 12pt; background-color: transparent;\"><img src=\"http://esnimage.uu.com.cn/qz/201210/12/1350023486ghvJ.jpg\" alt=\"\" style=\"word-wrap: break-word; margin: 0px; padding: 0px; outline: 0px; background-color: transparent; border: 0px; vertical-align: top; max-width: 730px;\" /></span></p><p style=\"word-wrap: break-word; margin: 0px; padding: 0px; outline: 0px; font-size: 14px; list-style-type: none; color: rgb(118, 118, 118); font-family: arial, 宋体; line-height: 24px; text-align: center;\"><span style=\"font-family:微软雅黑, sans-serif;word-wrap: break-word; margin: 0px; padding: 0px; outline: 0px; font-size: 12pt; background-color: transparent;\">畅捷通&nbsp;<span style=\"color:red;word-wrap: break-word; margin: 0px; padding: 0px; outline: 0px; background-color: transparent;\">干字</span>（<span style=\"color:red;word-wrap: break-word; margin: 0px; padding: 0px; outline: 0px; background-color: transparent;\">2013</span>）第&nbsp;<span style=\"color:red;word-wrap: break-word; margin: 0px; padding: 0px; outline: 0px; background-color: transparent;\">05</span>号</span></p><div style=\"word-wrap: break-word; margin: 0px; padding: 0px; outline: 0px; font-size: 14px; list-style-type: none; color: rgb(118, 118, 118); font-family: arial, 宋体; line-height: 24px;\"><span style=\"font-family:宋体;word-wrap: break-word; margin: 0px; padding: 0px; outline: 0px; font-size: 12pt; background-color: transparent;\"></span><hr style=\"word-wrap: break-word; margin: 1em 0px; padding: 0px; outline: 0px; background-color: transparent; height: 1px; border-right-width: 0px; border-bottom-width: 0px; border-left-width: 0px; border-top-style: solid; border-top-color: rgb(204, 204, 204);\" /></div><p style=\"word-wrap: break-word; margin: 0px; padding: 0px; outline: 0px; font-size: 14px; list-style-type: none; color: rgb(118, 118, 118); font-family: arial, 宋体; line-height: 24px; text-align: center;\"><strong style=\"word-wrap: break-word; margin: 0px; padding: 0px; outline: 0px; background-color: transparent;\"><span style=\"font-family:宋体;word-wrap: break-word; margin: 0px; padding: 0px; outline: 0px; font-size: 16pt; background-color: transparent;\">干部任命决定</span></strong></p><p style=\"word-wrap: break-word; margin: 0px; padding: 0px; outline: 0px; font-size: 14px; list-style-type: none; color: rgb(118, 118, 118); font-family: arial, 宋体; line-height: 24px; text-align: right;\"><span style=\"font-family:宋体;word-wrap: break-word; margin: 0px; padding: 0px; outline: 0px; background-color: transparent;\"><span style=\"font-size:16px;word-wrap: break-word; margin: 0px; padding: 0px; outline: 0px; background-color: transparent;\">签发人：曾志勇</span></span></p><p style=\"word-wrap: break-word; margin: 0px; padding: 0px; outline: 0px; font-size: 14px; list-style-type: none; color: rgb(118, 118, 118); font-family: arial, 宋体; line-height: 24px; text-align: right;\"><span style=\"font-family:宋体;word-wrap: break-word; margin: 0px; padding: 0px; outline: 0px; background-color: transparent;\"><span style=\"font-size:16px;word-wrap: break-word; margin: 0px; padding: 0px; outline: 0px; background-color: transparent;\">签发时间：2013年3月18日</span></span></p><p style=\"word-wrap: break-word; margin: 0px; padding: 0px; outline: 0px; font-size: 14px; list-style-type: none; color: rgb(118, 118, 118); font-family: arial, 宋体; line-height: 24px;\"><span style=\"font-family:宋体;word-wrap: break-word; margin: 0px; padding: 0px; outline: 0px; background-color: transparent;\"><span style=\"font-size:16px;word-wrap: break-word; margin: 0px; padding: 0px; outline: 0px; background-color: transparent;\"></span></span>&nbsp;</p><p style=\"word-wrap: break-word; margin: 0px; padding: 0px; outline: 0px; font-size: 14px; list-style-type: none; color: rgb(118, 118, 118); font-family: arial, 宋体; line-height: 24px;\"><span style=\"font-family:宋体;word-wrap: break-word; margin: 0px; padding: 0px; outline: 0px; background-color: transparent;\"><span style=\"font-size:16px;word-wrap: break-word; margin: 0px; padding: 0px; outline: 0px; background-color: transparent;\">&nbsp;&nbsp;&nbsp; 根据畅捷通信息技术股份有限公司战略与业务发展需要，参照用友集团《干部管理制度》的规定，经公司总裁会批准，决定2013年度聘任信息如下：</span></span></p><div style=\"word-wrap: break-word; margin: 0px; padding: 0px; outline: 0px; font-size: 14px; list-style-type: none; color: rgb(118, 118, 118); font-family: arial, 宋体; line-height: 24px;\"><table border=\"0\" cellspacing=\"0\" cellpadding=\"0\" width=\"648\" style=\"word-wrap: break-word; margin: 0px auto; padding: 0px; outline: 0px; font-size: 14px; background-color: transparent; border-collapse: collapse; border-spacing: 0px;\"><tbody style=\"word-wrap: break-word; margin: 0px; padding: 0px; outline: 0px; background-color: transparent;\"><tr style=\"word-wrap: break-word; margin: 0px; padding: 0px; outline: 0px; background-color: transparent;\"><td style=\"word-wrap: break-word; margin: 0px; padding: 0px; outline: 0px; font-size: 14px; background-color: transparent; list-style-type: none; width: 73pt; height: 24pt;\"><p style=\"word-wrap: break-word; margin: 0px; padding: 0px; outline: 0px; background-color: transparent; list-style-type: none; text-align: center;\"><strong style=\"word-wrap: break-word; margin: 0px; padding: 0px; outline: 0px; background-color: transparent;\"><span style=\"font-family:宋体;word-wrap: break-word; margin: 0px; padding: 0px; outline: 0px; font-size: 10pt; background-color: transparent;\">姓名</span></strong></p></td><td style=\"word-wrap: break-word; margin: 0px; padding: 0px; outline: 0px; font-size: 14px; background-color: transparent; list-style-type: none; width: 165pt; height: 24pt;\"><p style=\"word-wrap: break-word; margin: 0px; padding: 0px; outline: 0px; background-color: transparent; list-style-type: none; text-align: center;\"><strong style=\"word-wrap: break-word; margin: 0px; padding: 0px; outline: 0px; background-color: transparent;\"><span style=\"font-family:宋体;word-wrap: break-word; margin: 0px; padding: 0px; outline: 0px; font-size: 10pt; background-color: transparent;\">机构（部门）</span></strong></p></td><td style=\"word-wrap: break-word; margin: 0px; padding: 0px; outline: 0px; font-size: 14px; background-color: transparent; list-style-type: none; width: 110pt; height: 24pt;\"><p style=\"word-wrap: break-word; margin: 0px; padding: 0px; outline: 0px; background-color: transparent; list-style-type: none; text-align: center;\"><strong style=\"word-wrap: break-word; margin: 0px; padding: 0px; outline: 0px; background-color: transparent;\"><span style=\"font-family:宋体;word-wrap: break-word; margin: 0px; padding: 0px; outline: 0px; font-size: 10pt; background-color: transparent;\">就任职位</span></strong></p></td><td style=\"word-wrap: break-word; margin: 0px; padding: 0px; outline: 0px; font-size: 14px; background-color: transparent; list-style-type: none; width: 63pt; height: 24pt;\"><p style=\"word-wrap: break-word; margin: 0px; padding: 0px; outline: 0px; background-color: transparent; list-style-type: none; text-align: center;\"><strong style=\"word-wrap: break-word; margin: 0px; padding: 0px; outline: 0px; background-color: transparent;\"><span style=\"font-family:宋体;word-wrap: break-word; margin: 0px; padding: 0px; outline: 0px; font-size: 10pt; background-color: transparent;\">职级</span></strong></p></td><td style=\"word-wrap: break-word; margin: 0px; padding: 0px; outline: 0px; font-size: 14px; background-color: transparent; list-style-type: none; width: 75pt; height: 24pt;\"><p style=\"word-wrap: break-word; margin: 0px; padding: 0px; outline: 0px; background-color: transparent; list-style-type: none; text-align: center;\"><strong style=\"word-wrap: break-word; margin: 0px; padding: 0px; outline: 0px; background-color: transparent;\"><span style=\"font-family:宋体;word-wrap: break-word; margin: 0px; padding: 0px; outline: 0px; font-size: 10pt; background-color: transparent;\">直接上级</span></strong></p></td></tr><tr style=\"word-wrap: break-word; margin: 0px; padding: 0px; outline: 0px; background-color: transparent;\"><td style=\"word-wrap: break-word; margin: 0px; padding: 0px; outline: 0px; font-size: 14px; background-color: transparent; list-style-type: none; width: 73pt; height: 24pt;\"><p style=\"word-wrap: break-word; margin: 0px; padding: 0px; outline: 0px; background-color: transparent; list-style-type: none; text-align: center;\"><span style=\"font-family:宋体;word-wrap: break-word; margin: 0px; padding: 0px; outline: 0px; background-color: transparent;\"><span style=\"font-size:16px;word-wrap: break-word; margin: 0px; padding: 0px; outline: 0px; background-color: transparent;\">丁伯超</span></span></p></td><td style=\"word-wrap: break-word; margin: 0px; padding: 0px; outline: 0px; font-size: 14px; background-color: transparent; list-style-type: none; width: 165pt; height: 24pt;\"><p style=\"word-wrap: break-word; margin: 0px; padding: 0px; outline: 0px; background-color: transparent; list-style-type: none; text-align: center;\"><span style=\"font-family:宋体;word-wrap: break-word; margin: 0px; padding: 0px; outline: 0px; background-color: transparent;\"><span style=\"font-size:16px;word-wrap: break-word; margin: 0px; padding: 0px; outline: 0px; background-color: transparent;\">创新应用研发本部</span></span></p></td><td style=\"word-wrap: break-word; margin: 0px; padding: 0px; outline: 0px; font-size: 14px; background-color: transparent; list-style-type: none; width: 110pt; height: 24pt;\"><p style=\"word-wrap: break-word; margin: 0px; padding: 0px; outline: 0px; background-color: transparent; list-style-type: none; text-align: center;\"><span style=\"font-family:宋体;word-wrap: break-word; margin: 0px; padding: 0px; outline: 0px; background-color: transparent;\"><span style=\"font-size:16px;word-wrap: break-word; margin: 0px; padding: 0px; outline: 0px; background-color: transparent;\">开发工具总监</span></span></p></td><td style=\"word-wrap: break-word; margin: 0px; padding: 0px; outline: 0px; font-size: 14px; background-color: transparent; list-style-type: none; width: 63pt; height: 24pt;\"><p style=\"word-wrap: break-word; margin: 0px; padding: 0px; outline: 0px; background-color: transparent; list-style-type: none; text-align: center;\"><span style=\"font-family:宋体;word-wrap: break-word; margin: 0px; padding: 0px; outline: 0px; background-color: transparent;\"><span style=\"font-size:16px;word-wrap: break-word; margin: 0px; padding: 0px; outline: 0px; background-color: transparent;\">4A</span></span></p></td><td style=\"word-wrap: break-word; margin: 0px; padding: 0px; outline: 0px; font-size: 14px; background-color: transparent; list-style-type: none; width: 75pt; height: 24pt;\"><p style=\"word-wrap: break-word; margin: 0px; padding: 0px; outline: 0px; background-color: transparent; list-style-type: none; text-align: center;\"><span style=\"font-family:宋体;word-wrap: break-word; margin: 0px; padding: 0px; outline: 0px; background-color: transparent;\"><span style=\"font-size:16px;word-wrap: break-word; margin: 0px; padding: 0px; outline: 0px; background-color: transparent;\">周昊</span></span></p></td></tr></tbody></table></div><p style=\"word-wrap: break-word; margin: 0px; padding: 0px; outline: 0px; font-size: 14px; list-style-type: none; color: rgb(118, 118, 118); font-family: arial, 宋体; line-height: 24px;\"><span style=\"font-family:宋体;word-wrap: break-word; margin: 0px; padding: 0px; outline: 0px; font-size: 12pt; background-color: transparent;\">&nbsp;</span></p><p style=\"word-wrap: break-word; margin: 0px; padding: 0px; outline: 0px; font-size: 14px; list-style-type: none; color: rgb(118, 118, 118); font-family: arial, 宋体; line-height: 24px;\"><strong style=\"word-wrap: break-word; margin: 0px; padding: 0px; outline: 0px; background-color: transparent;\"><span style=\"font-family:宋体;word-wrap: break-word; margin: 0px; padding: 0px; outline: 0px; font-size: 12pt; background-color: transparent;\">上述任期自发布之日起至2013年12月31日止。</span></strong></p><p style=\"word-wrap: break-word; margin: 0px; padding: 0px; outline: 0px; font-size: 14px; list-style-type: none; color: rgb(118, 118, 118); font-family: arial, 宋体; line-height: 24px;\"><strong style=\"word-wrap: break-word; margin: 0px; padding: 0px; outline: 0px; background-color: transparent;\"><span style=\"word-wrap: break-word; margin: 0px; padding: 0px; outline: 0px; font-size: 12pt; background-color: transparent;\"><span style=\"font-family:Calibri;word-wrap: break-word; margin: 0px; padding: 0px; outline: 0px; background-color: transparent;\">&nbsp;</span></span></strong></p><p style=\"word-wrap: break-word; margin: 0px; padding: 0px; outline: 0px; font-size: 14px; list-style-type: none; color: rgb(118, 118, 118); font-family: arial, 宋体; line-height: 24px;\"><strong style=\"word-wrap: break-word; margin: 0px; padding: 0px; outline: 0px; background-color: transparent;\"><span style=\"word-wrap: break-word; margin: 0px; padding: 0px; outline: 0px; font-size: 12pt; background-color: transparent;\"><span style=\"font-family:Calibri;word-wrap: break-word; margin: 0px; padding: 0px; outline: 0px; background-color: transparent;\">&nbsp;</span></span></strong></p><p style=\"word-wrap: break-word; margin: 0px; padding: 0px; outline: 0px; font-size: 14px; list-style-type: none; color: rgb(118, 118, 118); font-family: arial, 宋体; line-height: 24px;\"><strong style=\"word-wrap: break-word; margin: 0px; padding: 0px; outline: 0px; background-color: transparent;\"><span style=\"word-wrap: break-word; margin: 0px; padding: 0px; outline: 0px; font-size: 12pt; background-color: transparent;\"><span style=\"font-family:Calibri;word-wrap: break-word; margin: 0px; padding: 0px; outline: 0px; background-color: transparent;\">&nbsp;</span></span></strong></p><p style=\"word-wrap: break-word; margin: 0px; padding: 0px; outline: 0px; font-size: 14px; list-style-type: none; color: rgb(118, 118, 118); font-family: arial, 宋体; line-height: 24px;\"><strong style=\"word-wrap: break-word; margin: 0px; padding: 0px; outline: 0px; background-color: transparent;\"><span style=\"font-family:宋体;word-wrap: break-word; margin: 0px; padding: 0px; outline: 0px; font-size: 12pt; background-color: transparent;\">授权：全体</span></strong></p><p style=\"word-wrap: break-word; margin: 0px; padding: 0px; outline: 0px; font-size: 14px; list-style-type: none; color: rgb(118, 118, 118); font-family: arial, 宋体; line-height: 24px;\"><span style=\"font-family:宋体;word-wrap: break-word; margin: 0px; padding: 0px; outline: 0px; background-color: transparent;\"><span style=\"font-size:16px;word-wrap: break-word; margin: 0px; padding: 0px; outline: 0px; background-color: transparent;\">&nbsp;</span></span></p><hr style=\"word-wrap: break-word; margin: 1em 0px; padding: 0px; outline: 0px; font-size: 14px; height: 1px; border-right-width: 0px; border-bottom-width: 0px; border-left-width: 0px; border-top-style: solid; border-top-color: rgb(204, 204, 204); color: rgb(118, 118, 118); font-family: arial, 宋体; line-height: 24px;\" /><p style=\"word-wrap: break-word; margin: 0px; padding: 0px; outline: 0px; font-size: 14px; list-style-type: none; color: rgb(118, 118, 118); font-family: arial, 宋体; line-height: 24px;\"></p><p style=\"word-wrap: break-word; margin: 0px; padding: 0px; outline: 0px; font-size: 14px; list-style-type: none; color: rgb(118, 118, 118); font-family: arial, 宋体; line-height: 24px; text-align: center;\"><img class=\"wordImage\" src=\"http://esn.yonyou.com/js/lib/xheditor/xheditor_skin/blank.gif\" alt=\"\" style=\"word-wrap: break-word; margin: 725.25pt 0px 0px 205.5pt; padding: 0px; outline: 0px; background-color: transparent; border: 0px; vertical-align: top; max-width: 730px; z-index: -251658240; position: absolute; text-align: left; width: 161.75pt; height: 23.9pt; visibility: visible; left: 0px;\" /><img class=\"wordImage\" src=\"http://esn.yonyou.com/js/lib/xheditor/xheditor_skin/blank.gif\" alt=\"\" style=\"word-wrap: break-word; margin: 725.25pt 0px 0px 205.5pt; padding: 0px; outline: 0px; background-color: transparent; border: 0px; vertical-align: top; max-width: 730px; z-index: -251659264; position: absolute; text-align: left; width: 161.75pt; height: 23.9pt; visibility: visible; left: 0px;\" /><img src=\"http://esnimage.uu.com.cn/qz/201212/7/1354846265S852.jpg.thumb.jpg\" alt=\"\" style=\"word-wrap: break-word; margin: 0px; padding: 0px; outline: 0px; background-color: transparent; border: 0px; vertical-align: top; max-width: 730px;\" /></p>','人力资源部','2013-03-26 18:56:32','2013-03-26 18:56:32',1,0,0,0,1,'\0',0),(60,2,2,2,'干字（2013）第13号 2013年干部任命决定','<p style=\"word-wrap: break-word; margin: 0px; padding: 0px; outline: 0px; font-size: 14px; list-style-type: none; color: rgb(118, 118, 118); font-family: arial, 宋体; line-height: 24px; text-align: center;\"><span style=\"font-family:微软雅黑, sans-serif;word-wrap: break-word; margin: 0px; padding: 0px; outline: 0px; font-size: 12pt; background-color: transparent;\"><img src=\"http://esnimage.uu.com.cn/qz/201210/12/1350023486ghvJ.jpg\" alt=\"\" style=\"word-wrap: break-word; margin: 0px; padding: 0px; outline: 0px; background-color: transparent; border: 0px; vertical-align: top; max-width: 730px;\" /></span></p><p style=\"word-wrap: break-word; margin: 0px; padding: 0px; outline: 0px; font-size: 14px; list-style-type: none; color: rgb(118, 118, 118); font-family: arial, 宋体; line-height: 24px; text-align: center;\"><span style=\"font-family:微软雅黑, sans-serif;word-wrap: break-word; margin: 0px; padding: 0px; outline: 0px; font-size: 12pt; background-color: transparent;\">畅捷通&nbsp;<span style=\"color:red;word-wrap: break-word; margin: 0px; padding: 0px; outline: 0px; background-color: transparent;\">干字</span>（<span style=\"color:red;word-wrap: break-word; margin: 0px; padding: 0px; outline: 0px; background-color: transparent;\">2013</span>）第&nbsp;<span style=\"color:red;word-wrap: break-word; margin: 0px; padding: 0px; outline: 0px; background-color: transparent;\">05</span>号</span></p><div style=\"word-wrap: break-word; margin: 0px; padding: 0px; outline: 0px; font-size: 14px; list-style-type: none; color: rgb(118, 118, 118); font-family: arial, 宋体; line-height: 24px;\"><span style=\"font-family:宋体;word-wrap: break-word; margin: 0px; padding: 0px; outline: 0px; font-size: 12pt; background-color: transparent;\"></span><hr style=\"word-wrap: break-word; margin: 1em 0px; padding: 0px; outline: 0px; background-color: transparent; height: 1px; border-right-width: 0px; border-bottom-width: 0px; border-left-width: 0px; border-top-style: solid; border-top-color: rgb(204, 204, 204);\" /></div><p style=\"word-wrap: break-word; margin: 0px; padding: 0px; outline: 0px; font-size: 14px; list-style-type: none; color: rgb(118, 118, 118); font-family: arial, 宋体; line-height: 24px; text-align: center;\"><strong style=\"word-wrap: break-word; margin: 0px; padding: 0px; outline: 0px; background-color: transparent;\"><span style=\"font-family:宋体;word-wrap: break-word; margin: 0px; padding: 0px; outline: 0px; font-size: 16pt; background-color: transparent;\">干部任命决定</span></strong></p><p style=\"word-wrap: break-word; margin: 0px; padding: 0px; outline: 0px; font-size: 14px; list-style-type: none; color: rgb(118, 118, 118); font-family: arial, 宋体; line-height: 24px; text-align: right;\"><span style=\"font-family:宋体;word-wrap: break-word; margin: 0px; padding: 0px; outline: 0px; background-color: transparent;\"><span style=\"font-size:16px;word-wrap: break-word; margin: 0px; padding: 0px; outline: 0px; background-color: transparent;\">签发人：曾志勇</span></span></p><p style=\"word-wrap: break-word; margin: 0px; padding: 0px; outline: 0px; font-size: 14px; list-style-type: none; color: rgb(118, 118, 118); font-family: arial, 宋体; line-height: 24px; text-align: right;\"><span style=\"font-family:宋体;word-wrap: break-word; margin: 0px; padding: 0px; outline: 0px; background-color: transparent;\"><span style=\"font-size:16px;word-wrap: break-word; margin: 0px; padding: 0px; outline: 0px; background-color: transparent;\">签发时间：2013年3月18日</span></span></p><p style=\"word-wrap: break-word; margin: 0px; padding: 0px; outline: 0px; font-size: 14px; list-style-type: none; color: rgb(118, 118, 118); font-family: arial, 宋体; line-height: 24px;\"><span style=\"font-family:宋体;word-wrap: break-word; margin: 0px; padding: 0px; outline: 0px; background-color: transparent;\"><span style=\"font-size:16px;word-wrap: break-word; margin: 0px; padding: 0px; outline: 0px; background-color: transparent;\"></span></span>&nbsp;</p><p style=\"word-wrap: break-word; margin: 0px; padding: 0px; outline: 0px; font-size: 14px; list-style-type: none; color: rgb(118, 118, 118); font-family: arial, 宋体; line-height: 24px;\"><span style=\"font-family:宋体;word-wrap: break-word; margin: 0px; padding: 0px; outline: 0px; background-color: transparent;\"><span style=\"font-size:16px;word-wrap: break-word; margin: 0px; padding: 0px; outline: 0px; background-color: transparent;\">&nbsp;&nbsp;&nbsp; 根据畅捷通信息技术股份有限公司战略与业务发展需要，参照用友集团《干部管理制度》的规定，经公司总裁会批准，决定2013年度聘任信息如下：</span></span></p><div style=\"word-wrap: break-word; margin: 0px; padding: 0px; outline: 0px; font-size: 14px; list-style-type: none; color: rgb(118, 118, 118); font-family: arial, 宋体; line-height: 24px;\"><table border=\"0\" cellspacing=\"0\" cellpadding=\"0\" width=\"648\" style=\"word-wrap: break-word; margin: 0px auto; padding: 0px; outline: 0px; font-size: 14px; background-color: transparent; border-collapse: collapse; border-spacing: 0px;\"><tbody style=\"word-wrap: break-word; margin: 0px; padding: 0px; outline: 0px; background-color: transparent;\"><tr style=\"word-wrap: break-word; margin: 0px; padding: 0px; outline: 0px; background-color: transparent;\"><td style=\"word-wrap: break-word; margin: 0px; padding: 0px; outline: 0px; font-size: 14px; background-color: transparent; list-style-type: none; width: 73pt; height: 24pt;\"><p style=\"word-wrap: break-word; margin: 0px; padding: 0px; outline: 0px; background-color: transparent; list-style-type: none; text-align: center;\"><strong style=\"word-wrap: break-word; margin: 0px; padding: 0px; outline: 0px; background-color: transparent;\"><span style=\"font-family:宋体;word-wrap: break-word; margin: 0px; padding: 0px; outline: 0px; font-size: 10pt; background-color: transparent;\">姓名</span></strong></p></td><td style=\"word-wrap: break-word; margin: 0px; padding: 0px; outline: 0px; font-size: 14px; background-color: transparent; list-style-type: none; width: 165pt; height: 24pt;\"><p style=\"word-wrap: break-word; margin: 0px; padding: 0px; outline: 0px; background-color: transparent; list-style-type: none; text-align: center;\"><strong style=\"word-wrap: break-word; margin: 0px; padding: 0px; outline: 0px; background-color: transparent;\"><span style=\"font-family:宋体;word-wrap: break-word; margin: 0px; padding: 0px; outline: 0px; font-size: 10pt; background-color: transparent;\">机构（部门）</span></strong></p></td><td style=\"word-wrap: break-word; margin: 0px; padding: 0px; outline: 0px; font-size: 14px; background-color: transparent; list-style-type: none; width: 110pt; height: 24pt;\"><p style=\"word-wrap: break-word; margin: 0px; padding: 0px; outline: 0px; background-color: transparent; list-style-type: none; text-align: center;\"><strong style=\"word-wrap: break-word; margin: 0px; padding: 0px; outline: 0px; background-color: transparent;\"><span style=\"font-family:宋体;word-wrap: break-word; margin: 0px; padding: 0px; outline: 0px; font-size: 10pt; background-color: transparent;\">就任职位</span></strong></p></td><td style=\"word-wrap: break-word; margin: 0px; padding: 0px; outline: 0px; font-size: 14px; background-color: transparent; list-style-type: none; width: 63pt; height: 24pt;\"><p style=\"word-wrap: break-word; margin: 0px; padding: 0px; outline: 0px; background-color: transparent; list-style-type: none; text-align: center;\"><strong style=\"word-wrap: break-word; margin: 0px; padding: 0px; outline: 0px; background-color: transparent;\"><span style=\"font-family:宋体;word-wrap: break-word; margin: 0px; padding: 0px; outline: 0px; font-size: 10pt; background-color: transparent;\">职级</span></strong></p></td><td style=\"word-wrap: break-word; margin: 0px; padding: 0px; outline: 0px; font-size: 14px; background-color: transparent; list-style-type: none; width: 75pt; height: 24pt;\"><p style=\"word-wrap: break-word; margin: 0px; padding: 0px; outline: 0px; background-color: transparent; list-style-type: none; text-align: center;\"><strong style=\"word-wrap: break-word; margin: 0px; padding: 0px; outline: 0px; background-color: transparent;\"><span style=\"font-family:宋体;word-wrap: break-word; margin: 0px; padding: 0px; outline: 0px; font-size: 10pt; background-color: transparent;\">直接上级</span></strong></p></td></tr><tr style=\"word-wrap: break-word; margin: 0px; padding: 0px; outline: 0px; background-color: transparent;\"><td style=\"word-wrap: break-word; margin: 0px; padding: 0px; outline: 0px; font-size: 14px; background-color: transparent; list-style-type: none; width: 73pt; height: 24pt;\"><p style=\"word-wrap: break-word; margin: 0px; padding: 0px; outline: 0px; background-color: transparent; list-style-type: none; text-align: center;\"><span style=\"font-family:宋体;word-wrap: break-word; margin: 0px; padding: 0px; outline: 0px; background-color: transparent;\"><span style=\"font-size:16px;word-wrap: break-word; margin: 0px; padding: 0px; outline: 0px; background-color: transparent;\">丁伯超</span></span></p></td><td style=\"word-wrap: break-word; margin: 0px; padding: 0px; outline: 0px; font-size: 14px; background-color: transparent; list-style-type: none; width: 165pt; height: 24pt;\"><p style=\"word-wrap: break-word; margin: 0px; padding: 0px; outline: 0px; background-color: transparent; list-style-type: none; text-align: center;\"><span style=\"font-family:宋体;word-wrap: break-word; margin: 0px; padding: 0px; outline: 0px; background-color: transparent;\"><span style=\"font-size:16px;word-wrap: break-word; margin: 0px; padding: 0px; outline: 0px; background-color: transparent;\">创新应用研发本部</span></span></p></td><td style=\"word-wrap: break-word; margin: 0px; padding: 0px; outline: 0px; font-size: 14px; background-color: transparent; list-style-type: none; width: 110pt; height: 24pt;\"><p style=\"word-wrap: break-word; margin: 0px; padding: 0px; outline: 0px; background-color: transparent; list-style-type: none; text-align: center;\"><span style=\"font-family:宋体;word-wrap: break-word; margin: 0px; padding: 0px; outline: 0px; background-color: transparent;\"><span style=\"font-size:16px;word-wrap: break-word; margin: 0px; padding: 0px; outline: 0px; background-color: transparent;\">开发工具总监</span></span></p></td><td style=\"word-wrap: break-word; margin: 0px; padding: 0px; outline: 0px; font-size: 14px; background-color: transparent; list-style-type: none; width: 63pt; height: 24pt;\"><p style=\"word-wrap: break-word; margin: 0px; padding: 0px; outline: 0px; background-color: transparent; list-style-type: none; text-align: center;\"><span style=\"font-family:宋体;word-wrap: break-word; margin: 0px; padding: 0px; outline: 0px; background-color: transparent;\"><span style=\"font-size:16px;word-wrap: break-word; margin: 0px; padding: 0px; outline: 0px; background-color: transparent;\">4A</span></span></p></td><td style=\"word-wrap: break-word; margin: 0px; padding: 0px; outline: 0px; font-size: 14px; background-color: transparent; list-style-type: none; width: 75pt; height: 24pt;\"><p style=\"word-wrap: break-word; margin: 0px; padding: 0px; outline: 0px; background-color: transparent; list-style-type: none; text-align: center;\"><span style=\"font-family:宋体;word-wrap: break-word; margin: 0px; padding: 0px; outline: 0px; background-color: transparent;\"><span style=\"font-size:16px;word-wrap: break-word; margin: 0px; padding: 0px; outline: 0px; background-color: transparent;\">周昊</span></span></p></td></tr></tbody></table></div><p style=\"word-wrap: break-word; margin: 0px; padding: 0px; outline: 0px; font-size: 14px; list-style-type: none; color: rgb(118, 118, 118); font-family: arial, 宋体; line-height: 24px;\"><span style=\"font-family:宋体;word-wrap: break-word; margin: 0px; padding: 0px; outline: 0px; font-size: 12pt; background-color: transparent;\">&nbsp;</span></p><p style=\"word-wrap: break-word; margin: 0px; padding: 0px; outline: 0px; font-size: 14px; list-style-type: none; color: rgb(118, 118, 118); font-family: arial, 宋体; line-height: 24px;\"><strong style=\"word-wrap: break-word; margin: 0px; padding: 0px; outline: 0px; background-color: transparent;\"><span style=\"font-family:宋体;word-wrap: break-word; margin: 0px; padding: 0px; outline: 0px; font-size: 12pt; background-color: transparent;\">上述任期自发布之日起至2013年12月31日止。</span></strong></p><p style=\"word-wrap: break-word; margin: 0px; padding: 0px; outline: 0px; font-size: 14px; list-style-type: none; color: rgb(118, 118, 118); font-family: arial, 宋体; line-height: 24px;\"><strong style=\"word-wrap: break-word; margin: 0px; padding: 0px; outline: 0px; background-color: transparent;\"><span style=\"word-wrap: break-word; margin: 0px; padding: 0px; outline: 0px; font-size: 12pt; background-color: transparent;\"><span style=\"font-family:Calibri;word-wrap: break-word; margin: 0px; padding: 0px; outline: 0px; background-color: transparent;\">&nbsp;</span></span></strong></p><p style=\"word-wrap: break-word; margin: 0px; padding: 0px; outline: 0px; font-size: 14px; list-style-type: none; color: rgb(118, 118, 118); font-family: arial, 宋体; line-height: 24px;\"><strong style=\"word-wrap: break-word; margin: 0px; padding: 0px; outline: 0px; background-color: transparent;\"><span style=\"word-wrap: break-word; margin: 0px; padding: 0px; outline: 0px; font-size: 12pt; background-color: transparent;\"><span style=\"font-family:Calibri;word-wrap: break-word; margin: 0px; padding: 0px; outline: 0px; background-color: transparent;\">&nbsp;</span></span></strong></p><p style=\"word-wrap: break-word; margin: 0px; padding: 0px; outline: 0px; font-size: 14px; list-style-type: none; color: rgb(118, 118, 118); font-family: arial, 宋体; line-height: 24px;\"><strong style=\"word-wrap: break-word; margin: 0px; padding: 0px; outline: 0px; background-color: transparent;\"><span style=\"word-wrap: break-word; margin: 0px; padding: 0px; outline: 0px; font-size: 12pt; background-color: transparent;\"><span style=\"font-family:Calibri;word-wrap: break-word; margin: 0px; padding: 0px; outline: 0px; background-color: transparent;\">&nbsp;</span></span></strong></p><p style=\"word-wrap: break-word; margin: 0px; padding: 0px; outline: 0px; font-size: 14px; list-style-type: none; color: rgb(118, 118, 118); font-family: arial, 宋体; line-height: 24px;\"><strong style=\"word-wrap: break-word; margin: 0px; padding: 0px; outline: 0px; background-color: transparent;\"><span style=\"font-family:宋体;word-wrap: break-word; margin: 0px; padding: 0px; outline: 0px; font-size: 12pt; background-color: transparent;\">授权：全体</span></strong></p><p style=\"word-wrap: break-word; margin: 0px; padding: 0px; outline: 0px; font-size: 14px; list-style-type: none; color: rgb(118, 118, 118); font-family: arial, 宋体; line-height: 24px;\"><span style=\"font-family:宋体;word-wrap: break-word; margin: 0px; padding: 0px; outline: 0px; background-color: transparent;\"><span style=\"font-size:16px;word-wrap: break-word; margin: 0px; padding: 0px; outline: 0px; background-color: transparent;\">&nbsp;</span></span></p><hr style=\"word-wrap: break-word; margin: 1em 0px; padding: 0px; outline: 0px; font-size: 14px; height: 1px; border-right-width: 0px; border-bottom-width: 0px; border-left-width: 0px; border-top-style: solid; border-top-color: rgb(204, 204, 204); color: rgb(118, 118, 118); font-family: arial, 宋体; line-height: 24px;\" /><p style=\"word-wrap: break-word; margin: 0px; padding: 0px; outline: 0px; font-size: 14px; list-style-type: none; color: rgb(118, 118, 118); font-family: arial, 宋体; line-height: 24px;\"></p><p style=\"word-wrap: break-word; margin: 0px; padding: 0px; outline: 0px; font-size: 14px; list-style-type: none; color: rgb(118, 118, 118); font-family: arial, 宋体; line-height: 24px; text-align: center;\"><img class=\"wordImage\" src=\"http://esn.yonyou.com/js/lib/xheditor/xheditor_skin/blank.gif\" alt=\"\" style=\"word-wrap: break-word; margin: 725.25pt 0px 0px 205.5pt; padding: 0px; outline: 0px; background-color: transparent; border: 0px; vertical-align: top; max-width: 730px; z-index: -251658240; position: absolute; text-align: left; width: 161.75pt; height: 23.9pt; visibility: visible; left: 0px;\" /><img class=\"wordImage\" src=\"http://esn.yonyou.com/js/lib/xheditor/xheditor_skin/blank.gif\" alt=\"\" style=\"word-wrap: break-word; margin: 725.25pt 0px 0px 205.5pt; padding: 0px; outline: 0px; background-color: transparent; border: 0px; vertical-align: top; max-width: 730px; z-index: -251659264; position: absolute; text-align: left; width: 161.75pt; height: 23.9pt; visibility: visible; left: 0px;\" /><img src=\"http://esnimage.uu.com.cn/qz/201212/7/1354846265S852.jpg.thumb.jpg\" alt=\"\" style=\"word-wrap: break-word; margin: 0px; padding: 0px; outline: 0px; background-color: transparent; border: 0px; vertical-align: top; max-width: 730px;\" /></p>','人力资源部','2013-03-26 18:58:57','2013-03-26 18:58:57',2,0,0,0,1,'\0',0),(61,2,2,2,'干字（2013）第14号 2013年组织机构调整决定','<p style=\"word-wrap: break-word; margin: 0px; padding: 0px; outline: 0px; font-size: 14px; list-style-type: none; color: rgb(118, 118, 118); font-family: arial, 宋体; line-height: 24px; text-align: center;\"><span style=\"font-family:微软雅黑, sans-serif;word-wrap: break-word; margin: 0px; padding: 0px; outline: 0px; font-size: 12pt; background-color: transparent;\"><img src=\"http://esnimage.uu.com.cn/qz/201210/12/1350023486ghvJ.jpg\" alt=\"\" style=\"word-wrap: break-word; margin: 0px; padding: 0px; outline: 0px; background-color: transparent; border: 0px; vertical-align: top; max-width: 730px;\" /></span></p><p style=\"word-wrap: break-word; margin: 0px; padding: 0px; outline: 0px; font-size: 14px; list-style-type: none; color: rgb(118, 118, 118); font-family: arial, 宋体; line-height: 24px; text-align: center;\"><span style=\"font-family:微软雅黑, sans-serif;word-wrap: break-word; margin: 0px; padding: 0px; outline: 0px; font-size: 12pt; background-color: transparent;\">畅捷通&nbsp;<span style=\"color:red;word-wrap: break-word; margin: 0px; padding: 0px; outline: 0px; background-color: transparent;\">干字</span>（<span style=\"color:red;word-wrap: break-word; margin: 0px; padding: 0px; outline: 0px; background-color: transparent;\">2013</span>）第&nbsp;<span style=\"color:red;word-wrap: break-word; margin: 0px; padding: 0px; outline: 0px; background-color: transparent;\">05</span>号</span></p><div style=\"word-wrap: break-word; margin: 0px; padding: 0px; outline: 0px; font-size: 14px; list-style-type: none; color: rgb(118, 118, 118); font-family: arial, 宋体; line-height: 24px;\"><span style=\"font-family:宋体;word-wrap: break-word; margin: 0px; padding: 0px; outline: 0px; font-size: 12pt; background-color: transparent;\"></span><hr style=\"word-wrap: break-word; margin: 1em 0px; padding: 0px; outline: 0px; background-color: transparent; height: 1px; border-right-width: 0px; border-bottom-width: 0px; border-left-width: 0px; border-top-style: solid; border-top-color: rgb(204, 204, 204);\" /></div><p style=\"word-wrap: break-word; margin: 0px; padding: 0px; outline: 0px; font-size: 14px; list-style-type: none; color: rgb(118, 118, 118); font-family: arial, 宋体; line-height: 24px; text-align: center;\"><strong style=\"word-wrap: break-word; margin: 0px; padding: 0px; outline: 0px; background-color: transparent;\"><span style=\"font-family:宋体;word-wrap: break-word; margin: 0px; padding: 0px; outline: 0px; font-size: 16pt; background-color: transparent;\">干部任命决定</span></strong></p><p style=\"word-wrap: break-word; margin: 0px; padding: 0px; outline: 0px; font-size: 14px; list-style-type: none; color: rgb(118, 118, 118); font-family: arial, 宋体; line-height: 24px; text-align: right;\"><span style=\"font-family:宋体;word-wrap: break-word; margin: 0px; padding: 0px; outline: 0px; background-color: transparent;\"><span style=\"font-size:16px;word-wrap: break-word; margin: 0px; padding: 0px; outline: 0px; background-color: transparent;\">签发人：曾志勇</span></span></p><p style=\"word-wrap: break-word; margin: 0px; padding: 0px; outline: 0px; font-size: 14px; list-style-type: none; color: rgb(118, 118, 118); font-family: arial, 宋体; line-height: 24px; text-align: right;\"><span style=\"font-family:宋体;word-wrap: break-word; margin: 0px; padding: 0px; outline: 0px; background-color: transparent;\"><span style=\"font-size:16px;word-wrap: break-word; margin: 0px; padding: 0px; outline: 0px; background-color: transparent;\">签发时间：2013年3月18日</span></span></p><p style=\"word-wrap: break-word; margin: 0px; padding: 0px; outline: 0px; font-size: 14px; list-style-type: none; color: rgb(118, 118, 118); font-family: arial, 宋体; line-height: 24px;\"><span style=\"font-family:宋体;word-wrap: break-word; margin: 0px; padding: 0px; outline: 0px; background-color: transparent;\"><span style=\"font-size:16px;word-wrap: break-word; margin: 0px; padding: 0px; outline: 0px; background-color: transparent;\"></span></span>&nbsp;</p><p style=\"word-wrap: break-word; margin: 0px; padding: 0px; outline: 0px; font-size: 14px; list-style-type: none; color: rgb(118, 118, 118); font-family: arial, 宋体; line-height: 24px;\"><span style=\"font-family:宋体;word-wrap: break-word; margin: 0px; padding: 0px; outline: 0px; background-color: transparent;\"><span style=\"font-size:16px;word-wrap: break-word; margin: 0px; padding: 0px; outline: 0px; background-color: transparent;\">&nbsp;&nbsp;&nbsp; 根据畅捷通信息技术股份有限公司战略与业务发展需要，参照用友集团《干部管理制度》的规定，经公司总裁会批准，决定2013年度聘任信息如下：</span></span></p><div style=\"word-wrap: break-word; margin: 0px; padding: 0px; outline: 0px; font-size: 14px; list-style-type: none; color: rgb(118, 118, 118); font-family: arial, 宋体; line-height: 24px;\"><table border=\"0\" cellspacing=\"0\" cellpadding=\"0\" width=\"648\" style=\"word-wrap: break-word; margin: 0px auto; padding: 0px; outline: 0px; font-size: 14px; background-color: transparent; border-collapse: collapse; border-spacing: 0px;\"><tbody style=\"word-wrap: break-word; margin: 0px; padding: 0px; outline: 0px; background-color: transparent;\"><tr style=\"word-wrap: break-word; margin: 0px; padding: 0px; outline: 0px; background-color: transparent;\"><td style=\"word-wrap: break-word; margin: 0px; padding: 0px; outline: 0px; font-size: 14px; background-color: transparent; list-style-type: none; width: 73pt; height: 24pt;\"><p style=\"word-wrap: break-word; margin: 0px; padding: 0px; outline: 0px; background-color: transparent; list-style-type: none; text-align: center;\"><strong style=\"word-wrap: break-word; margin: 0px; padding: 0px; outline: 0px; background-color: transparent;\"><span style=\"font-family:宋体;word-wrap: break-word; margin: 0px; padding: 0px; outline: 0px; font-size: 10pt; background-color: transparent;\">姓名</span></strong></p></td><td style=\"word-wrap: break-word; margin: 0px; padding: 0px; outline: 0px; font-size: 14px; background-color: transparent; list-style-type: none; width: 165pt; height: 24pt;\"><p style=\"word-wrap: break-word; margin: 0px; padding: 0px; outline: 0px; background-color: transparent; list-style-type: none; text-align: center;\"><strong style=\"word-wrap: break-word; margin: 0px; padding: 0px; outline: 0px; background-color: transparent;\"><span style=\"font-family:宋体;word-wrap: break-word; margin: 0px; padding: 0px; outline: 0px; font-size: 10pt; background-color: transparent;\">机构（部门）</span></strong></p></td><td style=\"word-wrap: break-word; margin: 0px; padding: 0px; outline: 0px; font-size: 14px; background-color: transparent; list-style-type: none; width: 110pt; height: 24pt;\"><p style=\"word-wrap: break-word; margin: 0px; padding: 0px; outline: 0px; background-color: transparent; list-style-type: none; text-align: center;\"><strong style=\"word-wrap: break-word; margin: 0px; padding: 0px; outline: 0px; background-color: transparent;\"><span style=\"font-family:宋体;word-wrap: break-word; margin: 0px; padding: 0px; outline: 0px; font-size: 10pt; background-color: transparent;\">就任职位</span></strong></p></td><td style=\"word-wrap: break-word; margin: 0px; padding: 0px; outline: 0px; font-size: 14px; background-color: transparent; list-style-type: none; width: 63pt; height: 24pt;\"><p style=\"word-wrap: break-word; margin: 0px; padding: 0px; outline: 0px; background-color: transparent; list-style-type: none; text-align: center;\"><strong style=\"word-wrap: break-word; margin: 0px; padding: 0px; outline: 0px; background-color: transparent;\"><span style=\"font-family:宋体;word-wrap: break-word; margin: 0px; padding: 0px; outline: 0px; font-size: 10pt; background-color: transparent;\">职级</span></strong></p></td><td style=\"word-wrap: break-word; margin: 0px; padding: 0px; outline: 0px; font-size: 14px; background-color: transparent; list-style-type: none; width: 75pt; height: 24pt;\"><p style=\"word-wrap: break-word; margin: 0px; padding: 0px; outline: 0px; background-color: transparent; list-style-type: none; text-align: center;\"><strong style=\"word-wrap: break-word; margin: 0px; padding: 0px; outline: 0px; background-color: transparent;\"><span style=\"font-family:宋体;word-wrap: break-word; margin: 0px; padding: 0px; outline: 0px; font-size: 10pt; background-color: transparent;\">直接上级</span></strong></p></td></tr><tr style=\"word-wrap: break-word; margin: 0px; padding: 0px; outline: 0px; background-color: transparent;\"><td style=\"word-wrap: break-word; margin: 0px; padding: 0px; outline: 0px; font-size: 14px; background-color: transparent; list-style-type: none; width: 73pt; height: 24pt;\"><p style=\"word-wrap: break-word; margin: 0px; padding: 0px; outline: 0px; background-color: transparent; list-style-type: none; text-align: center;\"><span style=\"font-family:宋体;word-wrap: break-word; margin: 0px; padding: 0px; outline: 0px; background-color: transparent;\"><span style=\"font-size:16px;word-wrap: break-word; margin: 0px; padding: 0px; outline: 0px; background-color: transparent;\">丁伯超</span></span></p></td><td style=\"word-wrap: break-word; margin: 0px; padding: 0px; outline: 0px; font-size: 14px; background-color: transparent; list-style-type: none; width: 165pt; height: 24pt;\"><p style=\"word-wrap: break-word; margin: 0px; padding: 0px; outline: 0px; background-color: transparent; list-style-type: none; text-align: center;\"><span style=\"font-family:宋体;word-wrap: break-word; margin: 0px; padding: 0px; outline: 0px; background-color: transparent;\"><span style=\"font-size:16px;word-wrap: break-word; margin: 0px; padding: 0px; outline: 0px; background-color: transparent;\">创新应用研发本部</span></span></p></td><td style=\"word-wrap: break-word; margin: 0px; padding: 0px; outline: 0px; font-size: 14px; background-color: transparent; list-style-type: none; width: 110pt; height: 24pt;\"><p style=\"word-wrap: break-word; margin: 0px; padding: 0px; outline: 0px; background-color: transparent; list-style-type: none; text-align: center;\"><span style=\"font-family:宋体;word-wrap: break-word; margin: 0px; padding: 0px; outline: 0px; background-color: transparent;\"><span style=\"font-size:16px;word-wrap: break-word; margin: 0px; padding: 0px; outline: 0px; background-color: transparent;\">开发工具总监</span></span></p></td><td style=\"word-wrap: break-word; margin: 0px; padding: 0px; outline: 0px; font-size: 14px; background-color: transparent; list-style-type: none; width: 63pt; height: 24pt;\"><p style=\"word-wrap: break-word; margin: 0px; padding: 0px; outline: 0px; background-color: transparent; list-style-type: none; text-align: center;\"><span style=\"font-family:宋体;word-wrap: break-word; margin: 0px; padding: 0px; outline: 0px; background-color: transparent;\"><span style=\"font-size:16px;word-wrap: break-word; margin: 0px; padding: 0px; outline: 0px; background-color: transparent;\">4A</span></span></p></td><td style=\"word-wrap: break-word; margin: 0px; padding: 0px; outline: 0px; font-size: 14px; background-color: transparent; list-style-type: none; width: 75pt; height: 24pt;\"><p style=\"word-wrap: break-word; margin: 0px; padding: 0px; outline: 0px; background-color: transparent; list-style-type: none; text-align: center;\"><span style=\"font-family:宋体;word-wrap: break-word; margin: 0px; padding: 0px; outline: 0px; background-color: transparent;\"><span style=\"font-size:16px;word-wrap: break-word; margin: 0px; padding: 0px; outline: 0px; background-color: transparent;\">周昊</span></span></p></td></tr></tbody></table></div><p style=\"word-wrap: break-word; margin: 0px; padding: 0px; outline: 0px; font-size: 14px; list-style-type: none; color: rgb(118, 118, 118); font-family: arial, 宋体; line-height: 24px;\"><span style=\"font-family:宋体;word-wrap: break-word; margin: 0px; padding: 0px; outline: 0px; font-size: 12pt; background-color: transparent;\">&nbsp;</span></p><p style=\"word-wrap: break-word; margin: 0px; padding: 0px; outline: 0px; font-size: 14px; list-style-type: none; color: rgb(118, 118, 118); font-family: arial, 宋体; line-height: 24px;\"><strong style=\"word-wrap: break-word; margin: 0px; padding: 0px; outline: 0px; background-color: transparent;\"><span style=\"font-family:宋体;word-wrap: break-word; margin: 0px; padding: 0px; outline: 0px; font-size: 12pt; background-color: transparent;\">上述任期自发布之日起至2013年12月31日止。</span></strong></p><p style=\"word-wrap: break-word; margin: 0px; padding: 0px; outline: 0px; font-size: 14px; list-style-type: none; color: rgb(118, 118, 118); font-family: arial, 宋体; line-height: 24px;\"><strong style=\"word-wrap: break-word; margin: 0px; padding: 0px; outline: 0px; background-color: transparent;\"><span style=\"word-wrap: break-word; margin: 0px; padding: 0px; outline: 0px; font-size: 12pt; background-color: transparent;\"><span style=\"font-family:Calibri;word-wrap: break-word; margin: 0px; padding: 0px; outline: 0px; background-color: transparent;\">&nbsp;</span></span></strong></p><p style=\"word-wrap: break-word; margin: 0px; padding: 0px; outline: 0px; font-size: 14px; list-style-type: none; color: rgb(118, 118, 118); font-family: arial, 宋体; line-height: 24px;\"><strong style=\"word-wrap: break-word; margin: 0px; padding: 0px; outline: 0px; background-color: transparent;\"><span style=\"word-wrap: break-word; margin: 0px; padding: 0px; outline: 0px; font-size: 12pt; background-color: transparent;\"><span style=\"font-family:Calibri;word-wrap: break-word; margin: 0px; padding: 0px; outline: 0px; background-color: transparent;\">&nbsp;</span></span></strong></p><p style=\"word-wrap: break-word; margin: 0px; padding: 0px; outline: 0px; font-size: 14px; list-style-type: none; color: rgb(118, 118, 118); font-family: arial, 宋体; line-height: 24px;\"><strong style=\"word-wrap: break-word; margin: 0px; padding: 0px; outline: 0px; background-color: transparent;\"><span style=\"word-wrap: break-word; margin: 0px; padding: 0px; outline: 0px; font-size: 12pt; background-color: transparent;\"><span style=\"font-family:Calibri;word-wrap: break-word; margin: 0px; padding: 0px; outline: 0px; background-color: transparent;\">&nbsp;</span></span></strong></p><p style=\"word-wrap: break-word; margin: 0px; padding: 0px; outline: 0px; font-size: 14px; list-style-type: none; color: rgb(118, 118, 118); font-family: arial, 宋体; line-height: 24px;\"><strong style=\"word-wrap: break-word; margin: 0px; padding: 0px; outline: 0px; background-color: transparent;\"><span style=\"font-family:宋体;word-wrap: break-word; margin: 0px; padding: 0px; outline: 0px; font-size: 12pt; background-color: transparent;\">授权：全体</span></strong></p><p style=\"word-wrap: break-word; margin: 0px; padding: 0px; outline: 0px; font-size: 14px; list-style-type: none; color: rgb(118, 118, 118); font-family: arial, 宋体; line-height: 24px;\"><span style=\"font-family:宋体;word-wrap: break-word; margin: 0px; padding: 0px; outline: 0px; background-color: transparent;\"><span style=\"font-size:16px;word-wrap: break-word; margin: 0px; padding: 0px; outline: 0px; background-color: transparent;\">&nbsp;</span></span></p><hr style=\"word-wrap: break-word; margin: 1em 0px; padding: 0px; outline: 0px; font-size: 14px; height: 1px; border-right-width: 0px; border-bottom-width: 0px; border-left-width: 0px; border-top-style: solid; border-top-color: rgb(204, 204, 204); color: rgb(118, 118, 118); font-family: arial, 宋体; line-height: 24px;\" /><p style=\"word-wrap: break-word; margin: 0px; padding: 0px; outline: 0px; font-size: 14px; list-style-type: none; color: rgb(118, 118, 118); font-family: arial, 宋体; line-height: 24px;\"></p><p style=\"word-wrap: break-word; margin: 0px; padding: 0px; outline: 0px; font-size: 14px; list-style-type: none; color: rgb(118, 118, 118); font-family: arial, 宋体; line-height: 24px; text-align: center;\"><img class=\"wordImage\" src=\"http://esn.yonyou.com/js/lib/xheditor/xheditor_skin/blank.gif\" alt=\"\" style=\"word-wrap: break-word; margin: 725.25pt 0px 0px 205.5pt; padding: 0px; outline: 0px; background-color: transparent; border: 0px; vertical-align: top; max-width: 730px; z-index: -251658240; position: absolute; text-align: left; width: 161.75pt; height: 23.9pt; visibility: visible; left: 0px;\" /><img class=\"wordImage\" src=\"http://esn.yonyou.com/js/lib/xheditor/xheditor_skin/blank.gif\" alt=\"\" style=\"word-wrap: break-word; margin: 725.25pt 0px 0px 205.5pt; padding: 0px; outline: 0px; background-color: transparent; border: 0px; vertical-align: top; max-width: 730px; z-index: -251659264; position: absolute; text-align: left; width: 161.75pt; height: 23.9pt; visibility: visible; left: 0px;\" /><img src=\"http://esnimage.uu.com.cn/qz/201212/7/1354846265S852.jpg.thumb.jpg\" alt=\"\" style=\"word-wrap: break-word; margin: 0px; padding: 0px; outline: 0px; background-color: transparent; border: 0px; vertical-align: top; max-width: 730px;\" /></p>','人力资源部','2013-03-26 18:59:17','2013-03-26 18:59:17',1,0,0,0,1,'\0',0),(62,2,2,4,'干字（2013）第15号 2013年干部任命决定','<p style=\"word-wrap: break-word; margin: 0px; padding: 0px; outline: 0px; font-size: 14px; list-style-type: none; color: rgb(118, 118, 118); font-family: arial, 宋体; line-height: 24px; text-align: center;\"><span style=\"font-family:微软雅黑, sans-serif;word-wrap: break-word; margin: 0px; padding: 0px; outline: 0px; font-size: 12pt; background-color: transparent;\"><img src=\"http://esnimage.uu.com.cn/qz/201210/12/1350023486ghvJ.jpg\" alt=\"\" style=\"word-wrap: break-word; margin: 0px; padding: 0px; outline: 0px; background-color: transparent; border: 0px; vertical-align: top; max-width: 730px;\" /></span></p><p style=\"word-wrap: break-word; margin: 0px; padding: 0px; outline: 0px; font-size: 14px; list-style-type: none; color: rgb(118, 118, 118); font-family: arial, 宋体; line-height: 24px; text-align: center;\"><span style=\"font-family:微软雅黑, sans-serif;word-wrap: break-word; margin: 0px; padding: 0px; outline: 0px; font-size: 12pt; background-color: transparent;\">畅捷通&nbsp;<span style=\"color:red;word-wrap: break-word; margin: 0px; padding: 0px; outline: 0px; background-color: transparent;\">干字</span>（<span style=\"color:red;word-wrap: break-word; margin: 0px; padding: 0px; outline: 0px; background-color: transparent;\">2013</span>）第&nbsp;<span style=\"color:red;word-wrap: break-word; margin: 0px; padding: 0px; outline: 0px; background-color: transparent;\">05</span>号</span></p><div style=\"word-wrap: break-word; margin: 0px; padding: 0px; outline: 0px; font-size: 14px; list-style-type: none; color: rgb(118, 118, 118); font-family: arial, 宋体; line-height: 24px;\"><span style=\"font-family:宋体;word-wrap: break-word; margin: 0px; padding: 0px; outline: 0px; font-size: 12pt; background-color: transparent;\"></span><hr style=\"word-wrap: break-word; margin: 1em 0px; padding: 0px; outline: 0px; background-color: transparent; height: 1px; border-right-width: 0px; border-bottom-width: 0px; border-left-width: 0px; border-top-style: solid; border-top-color: rgb(204, 204, 204);\" /></div><p style=\"word-wrap: break-word; margin: 0px; padding: 0px; outline: 0px; font-size: 14px; list-style-type: none; color: rgb(118, 118, 118); font-family: arial, 宋体; line-height: 24px; text-align: center;\"><strong style=\"word-wrap: break-word; margin: 0px; padding: 0px; outline: 0px; background-color: transparent;\"><span style=\"font-family:宋体;word-wrap: break-word; margin: 0px; padding: 0px; outline: 0px; font-size: 16pt; background-color: transparent;\">干部任命决定</span></strong></p><p style=\"word-wrap: break-word; margin: 0px; padding: 0px; outline: 0px; font-size: 14px; list-style-type: none; color: rgb(118, 118, 118); font-family: arial, 宋体; line-height: 24px; text-align: right;\"><span style=\"font-family:宋体;word-wrap: break-word; margin: 0px; padding: 0px; outline: 0px; background-color: transparent;\"><span style=\"font-size:16px;word-wrap: break-word; margin: 0px; padding: 0px; outline: 0px; background-color: transparent;\">签发人：曾志勇</span></span></p><p style=\"word-wrap: break-word; margin: 0px; padding: 0px; outline: 0px; font-size: 14px; list-style-type: none; color: rgb(118, 118, 118); font-family: arial, 宋体; line-height: 24px; text-align: right;\"><span style=\"font-family:宋体;word-wrap: break-word; margin: 0px; padding: 0px; outline: 0px; background-color: transparent;\"><span style=\"font-size:16px;word-wrap: break-word; margin: 0px; padding: 0px; outline: 0px; background-color: transparent;\">签发时间：2013年3月18日</span></span></p><p style=\"word-wrap: break-word; margin: 0px; padding: 0px; outline: 0px; font-size: 14px; list-style-type: none; color: rgb(118, 118, 118); font-family: arial, 宋体; line-height: 24px;\"><span style=\"font-family:宋体;word-wrap: break-word; margin: 0px; padding: 0px; outline: 0px; background-color: transparent;\"><span style=\"font-size:16px;word-wrap: break-word; margin: 0px; padding: 0px; outline: 0px; background-color: transparent;\"></span></span>&nbsp;</p><p style=\"word-wrap: break-word; margin: 0px; padding: 0px; outline: 0px; font-size: 14px; list-style-type: none; color: rgb(118, 118, 118); font-family: arial, 宋体; line-height: 24px;\"><span style=\"font-family:宋体;word-wrap: break-word; margin: 0px; padding: 0px; outline: 0px; background-color: transparent;\"><span style=\"font-size:16px;word-wrap: break-word; margin: 0px; padding: 0px; outline: 0px; background-color: transparent;\">&nbsp;&nbsp;&nbsp; 根据畅捷通信息技术股份有限公司战略与业务发展需要，参照用友集团《干部管理制度》的规定，经公司总裁会批准，决定2013年度聘任信息如下：</span></span></p><div style=\"word-wrap: break-word; margin: 0px; padding: 0px; outline: 0px; font-size: 14px; list-style-type: none; color: rgb(118, 118, 118); font-family: arial, 宋体; line-height: 24px;\"><table border=\"0\" cellspacing=\"0\" cellpadding=\"0\" width=\"648\" style=\"word-wrap: break-word; margin: 0px auto; padding: 0px; outline: 0px; font-size: 14px; background-color: transparent; border-collapse: collapse; border-spacing: 0px;\"><tbody style=\"word-wrap: break-word; margin: 0px; padding: 0px; outline: 0px; background-color: transparent;\"><tr style=\"word-wrap: break-word; margin: 0px; padding: 0px; outline: 0px; background-color: transparent;\"><td style=\"word-wrap: break-word; margin: 0px; padding: 0px; outline: 0px; font-size: 14px; background-color: transparent; list-style-type: none; width: 73pt; height: 24pt;\"><p style=\"word-wrap: break-word; margin: 0px; padding: 0px; outline: 0px; background-color: transparent; list-style-type: none; text-align: center;\"><strong style=\"word-wrap: break-word; margin: 0px; padding: 0px; outline: 0px; background-color: transparent;\"><span style=\"font-family:宋体;word-wrap: break-word; margin: 0px; padding: 0px; outline: 0px; font-size: 10pt; background-color: transparent;\">姓名</span></strong></p></td><td style=\"word-wrap: break-word; margin: 0px; padding: 0px; outline: 0px; font-size: 14px; background-color: transparent; list-style-type: none; width: 165pt; height: 24pt;\"><p style=\"word-wrap: break-word; margin: 0px; padding: 0px; outline: 0px; background-color: transparent; list-style-type: none; text-align: center;\"><strong style=\"word-wrap: break-word; margin: 0px; padding: 0px; outline: 0px; background-color: transparent;\"><span style=\"font-family:宋体;word-wrap: break-word; margin: 0px; padding: 0px; outline: 0px; font-size: 10pt; background-color: transparent;\">机构（部门）</span></strong></p></td><td style=\"word-wrap: break-word; margin: 0px; padding: 0px; outline: 0px; font-size: 14px; background-color: transparent; list-style-type: none; width: 110pt; height: 24pt;\"><p style=\"word-wrap: break-word; margin: 0px; padding: 0px; outline: 0px; background-color: transparent; list-style-type: none; text-align: center;\"><strong style=\"word-wrap: break-word; margin: 0px; padding: 0px; outline: 0px; background-color: transparent;\"><span style=\"font-family:宋体;word-wrap: break-word; margin: 0px; padding: 0px; outline: 0px; font-size: 10pt; background-color: transparent;\">就任职位</span></strong></p></td><td style=\"word-wrap: break-word; margin: 0px; padding: 0px; outline: 0px; font-size: 14px; background-color: transparent; list-style-type: none; width: 63pt; height: 24pt;\"><p style=\"word-wrap: break-word; margin: 0px; padding: 0px; outline: 0px; background-color: transparent; list-style-type: none; text-align: center;\"><strong style=\"word-wrap: break-word; margin: 0px; padding: 0px; outline: 0px; background-color: transparent;\"><span style=\"font-family:宋体;word-wrap: break-word; margin: 0px; padding: 0px; outline: 0px; font-size: 10pt; background-color: transparent;\">职级</span></strong></p></td><td style=\"word-wrap: break-word; margin: 0px; padding: 0px; outline: 0px; font-size: 14px; background-color: transparent; list-style-type: none; width: 75pt; height: 24pt;\"><p style=\"word-wrap: break-word; margin: 0px; padding: 0px; outline: 0px; background-color: transparent; list-style-type: none; text-align: center;\"><strong style=\"word-wrap: break-word; margin: 0px; padding: 0px; outline: 0px; background-color: transparent;\"><span style=\"font-family:宋体;word-wrap: break-word; margin: 0px; padding: 0px; outline: 0px; font-size: 10pt; background-color: transparent;\">直接上级</span></strong></p></td></tr><tr style=\"word-wrap: break-word; margin: 0px; padding: 0px; outline: 0px; background-color: transparent;\"><td style=\"word-wrap: break-word; margin: 0px; padding: 0px; outline: 0px; font-size: 14px; background-color: transparent; list-style-type: none; width: 73pt; height: 24pt;\"><p style=\"word-wrap: break-word; margin: 0px; padding: 0px; outline: 0px; background-color: transparent; list-style-type: none; text-align: center;\"><span style=\"font-family:宋体;word-wrap: break-word; margin: 0px; padding: 0px; outline: 0px; background-color: transparent;\"><span style=\"font-size:16px;word-wrap: break-word; margin: 0px; padding: 0px; outline: 0px; background-color: transparent;\">丁伯超</span></span></p></td><td style=\"word-wrap: break-word; margin: 0px; padding: 0px; outline: 0px; font-size: 14px; background-color: transparent; list-style-type: none; width: 165pt; height: 24pt;\"><p style=\"word-wrap: break-word; margin: 0px; padding: 0px; outline: 0px; background-color: transparent; list-style-type: none; text-align: center;\"><span style=\"font-family:宋体;word-wrap: break-word; margin: 0px; padding: 0px; outline: 0px; background-color: transparent;\"><span style=\"font-size:16px;word-wrap: break-word; margin: 0px; padding: 0px; outline: 0px; background-color: transparent;\">创新应用研发本部</span></span></p></td><td style=\"word-wrap: break-word; margin: 0px; padding: 0px; outline: 0px; font-size: 14px; background-color: transparent; list-style-type: none; width: 110pt; height: 24pt;\"><p style=\"word-wrap: break-word; margin: 0px; padding: 0px; outline: 0px; background-color: transparent; list-style-type: none; text-align: center;\"><span style=\"font-family:宋体;word-wrap: break-word; margin: 0px; padding: 0px; outline: 0px; background-color: transparent;\"><span style=\"font-size:16px;word-wrap: break-word; margin: 0px; padding: 0px; outline: 0px; background-color: transparent;\">开发工具总监</span></span></p></td><td style=\"word-wrap: break-word; margin: 0px; padding: 0px; outline: 0px; font-size: 14px; background-color: transparent; list-style-type: none; width: 63pt; height: 24pt;\"><p style=\"word-wrap: break-word; margin: 0px; padding: 0px; outline: 0px; background-color: transparent; list-style-type: none; text-align: center;\"><span style=\"font-family:宋体;word-wrap: break-word; margin: 0px; padding: 0px; outline: 0px; background-color: transparent;\"><span style=\"font-size:16px;word-wrap: break-word; margin: 0px; padding: 0px; outline: 0px; background-color: transparent;\">4A</span></span></p></td><td style=\"word-wrap: break-word; margin: 0px; padding: 0px; outline: 0px; font-size: 14px; background-color: transparent; list-style-type: none; width: 75pt; height: 24pt;\"><p style=\"word-wrap: break-word; margin: 0px; padding: 0px; outline: 0px; background-color: transparent; list-style-type: none; text-align: center;\"><span style=\"font-family:宋体;word-wrap: break-word; margin: 0px; padding: 0px; outline: 0px; background-color: transparent;\"><span style=\"font-size:16px;word-wrap: break-word; margin: 0px; padding: 0px; outline: 0px; background-color: transparent;\">周昊</span></span></p></td></tr></tbody></table></div><p style=\"word-wrap: break-word; margin: 0px; padding: 0px; outline: 0px; font-size: 14px; list-style-type: none; color: rgb(118, 118, 118); font-family: arial, 宋体; line-height: 24px;\"><span style=\"font-family:宋体;word-wrap: break-word; margin: 0px; padding: 0px; outline: 0px; font-size: 12pt; background-color: transparent;\">&nbsp;</span></p><p style=\"word-wrap: break-word; margin: 0px; padding: 0px; outline: 0px; font-size: 14px; list-style-type: none; color: rgb(118, 118, 118); font-family: arial, 宋体; line-height: 24px;\"><strong style=\"word-wrap: break-word; margin: 0px; padding: 0px; outline: 0px; background-color: transparent;\"><span style=\"font-family:宋体;word-wrap: break-word; margin: 0px; padding: 0px; outline: 0px; font-size: 12pt; background-color: transparent;\">上述任期自发布之日起至2013年12月31日止。</span></strong></p><p style=\"word-wrap: break-word; margin: 0px; padding: 0px; outline: 0px; font-size: 14px; list-style-type: none; color: rgb(118, 118, 118); font-family: arial, 宋体; line-height: 24px;\"><strong style=\"word-wrap: break-word; margin: 0px; padding: 0px; outline: 0px; background-color: transparent;\"><span style=\"word-wrap: break-word; margin: 0px; padding: 0px; outline: 0px; font-size: 12pt; background-color: transparent;\"><span style=\"font-family:Calibri;word-wrap: break-word; margin: 0px; padding: 0px; outline: 0px; background-color: transparent;\">&nbsp;</span></span></strong></p><p style=\"word-wrap: break-word; margin: 0px; padding: 0px; outline: 0px; font-size: 14px; list-style-type: none; color: rgb(118, 118, 118); font-family: arial, 宋体; line-height: 24px;\"><strong style=\"word-wrap: break-word; margin: 0px; padding: 0px; outline: 0px; background-color: transparent;\"><span style=\"word-wrap: break-word; margin: 0px; padding: 0px; outline: 0px; font-size: 12pt; background-color: transparent;\"><span style=\"font-family:Calibri;word-wrap: break-word; margin: 0px; padding: 0px; outline: 0px; background-color: transparent;\">&nbsp;</span></span></strong></p><p style=\"word-wrap: break-word; margin: 0px; padding: 0px; outline: 0px; font-size: 14px; list-style-type: none; color: rgb(118, 118, 118); font-family: arial, 宋体; line-height: 24px;\"><strong style=\"word-wrap: break-word; margin: 0px; padding: 0px; outline: 0px; background-color: transparent;\"><span style=\"word-wrap: break-word; margin: 0px; padding: 0px; outline: 0px; font-size: 12pt; background-color: transparent;\"><span style=\"font-family:Calibri;word-wrap: break-word; margin: 0px; padding: 0px; outline: 0px; background-color: transparent;\">&nbsp;</span></span></strong></p><p style=\"word-wrap: break-word; margin: 0px; padding: 0px; outline: 0px; font-size: 14px; list-style-type: none; color: rgb(118, 118, 118); font-family: arial, 宋体; line-height: 24px;\"><strong style=\"word-wrap: break-word; margin: 0px; padding: 0px; outline: 0px; background-color: transparent;\"><span style=\"font-family:宋体;word-wrap: break-word; margin: 0px; padding: 0px; outline: 0px; font-size: 12pt; background-color: transparent;\">授权：全体</span></strong></p><p style=\"word-wrap: break-word; margin: 0px; padding: 0px; outline: 0px; font-size: 14px; list-style-type: none; color: rgb(118, 118, 118); font-family: arial, 宋体; line-height: 24px;\"><span style=\"font-family:宋体;word-wrap: break-word; margin: 0px; padding: 0px; outline: 0px; background-color: transparent;\"><span style=\"font-size:16px;word-wrap: break-word; margin: 0px; padding: 0px; outline: 0px; background-color: transparent;\">&nbsp;</span></span></p><hr style=\"word-wrap: break-word; margin: 1em 0px; padding: 0px; outline: 0px; font-size: 14px; height: 1px; border-right-width: 0px; border-bottom-width: 0px; border-left-width: 0px; border-top-style: solid; border-top-color: rgb(204, 204, 204); color: rgb(118, 118, 118); font-family: arial, 宋体; line-height: 24px;\" /><p style=\"word-wrap: break-word; margin: 0px; padding: 0px; outline: 0px; font-size: 14px; list-style-type: none; color: rgb(118, 118, 118); font-family: arial, 宋体; line-height: 24px;\"></p><p style=\"word-wrap: break-word; margin: 0px; padding: 0px; outline: 0px; font-size: 14px; list-style-type: none; color: rgb(118, 118, 118); font-family: arial, 宋体; line-height: 24px; text-align: center;\"><img class=\"wordImage\" src=\"http://esn.yonyou.com/js/lib/xheditor/xheditor_skin/blank.gif\" alt=\"\" style=\"word-wrap: break-word; margin: 725.25pt 0px 0px 205.5pt; padding: 0px; outline: 0px; background-color: transparent; border: 0px; vertical-align: top; max-width: 730px; z-index: -251658240; position: absolute; text-align: left; width: 161.75pt; height: 23.9pt; visibility: visible; left: 0px;\" /><img class=\"wordImage\" src=\"http://esn.yonyou.com/js/lib/xheditor/xheditor_skin/blank.gif\" alt=\"\" style=\"word-wrap: break-word; margin: 725.25pt 0px 0px 205.5pt; padding: 0px; outline: 0px; background-color: transparent; border: 0px; vertical-align: top; max-width: 730px; z-index: -251659264; position: absolute; text-align: left; width: 161.75pt; height: 23.9pt; visibility: visible; left: 0px;\" /><img src=\"http://esnimage.uu.com.cn/qz/201212/7/1354846265S852.jpg.thumb.jpg\" alt=\"\" style=\"word-wrap: break-word; margin: 0px; padding: 0px; outline: 0px; background-color: transparent; border: 0px; vertical-align: top; max-width: 730px;\" /></p>','人力资源部','2013-03-26 18:59:23','2013-03-26 18:59:23',1,0,0,0,1,'\0',0),(63,2,2,2,'干字（2013）第16号 2013年组织机构调整决定','<p style=\"word-wrap: break-word; margin: 0px; padding: 0px; outline: 0px; font-size: 14px; list-style-type: none; color: rgb(118, 118, 118); font-family: arial, 宋体; line-height: 24px; text-align: center;\"><span style=\"font-family:微软雅黑, sans-serif;word-wrap: break-word; margin: 0px; padding: 0px; outline: 0px; font-size: 12pt; background-color: transparent;\"><img src=\"http://esnimage.uu.com.cn/qz/201210/12/1350023486ghvJ.jpg\" alt=\"\" style=\"word-wrap: break-word; margin: 0px; padding: 0px; outline: 0px; background-color: transparent; border: 0px; vertical-align: top; max-width: 730px;\" /></span></p><p style=\"word-wrap: break-word; margin: 0px; padding: 0px; outline: 0px; font-size: 14px; list-style-type: none; color: rgb(118, 118, 118); font-family: arial, 宋体; line-height: 24px; text-align: center;\"><span style=\"font-family:微软雅黑, sans-serif;word-wrap: break-word; margin: 0px; padding: 0px; outline: 0px; font-size: 12pt; background-color: transparent;\">畅捷通&nbsp;<span style=\"color:red;word-wrap: break-word; margin: 0px; padding: 0px; outline: 0px; background-color: transparent;\">干字</span>（<span style=\"color:red;word-wrap: break-word; margin: 0px; padding: 0px; outline: 0px; background-color: transparent;\">2013</span>）第&nbsp;<span style=\"color:red;word-wrap: break-word; margin: 0px; padding: 0px; outline: 0px; background-color: transparent;\">05</span>号</span></p><div style=\"word-wrap: break-word; margin: 0px; padding: 0px; outline: 0px; font-size: 14px; list-style-type: none; color: rgb(118, 118, 118); font-family: arial, 宋体; line-height: 24px;\"><span style=\"font-family:宋体;word-wrap: break-word; margin: 0px; padding: 0px; outline: 0px; font-size: 12pt; background-color: transparent;\"></span><hr style=\"word-wrap: break-word; margin: 1em 0px; padding: 0px; outline: 0px; background-color: transparent; height: 1px; border-right-width: 0px; border-bottom-width: 0px; border-left-width: 0px; border-top-style: solid; border-top-color: rgb(204, 204, 204);\" /></div><p style=\"word-wrap: break-word; margin: 0px; padding: 0px; outline: 0px; font-size: 14px; list-style-type: none; color: rgb(118, 118, 118); font-family: arial, 宋体; line-height: 24px; text-align: center;\"><strong style=\"word-wrap: break-word; margin: 0px; padding: 0px; outline: 0px; background-color: transparent;\"><span style=\"font-family:宋体;word-wrap: break-word; margin: 0px; padding: 0px; outline: 0px; font-size: 16pt; background-color: transparent;\">干部任命决定</span></strong></p><p style=\"word-wrap: break-word; margin: 0px; padding: 0px; outline: 0px; font-size: 14px; list-style-type: none; color: rgb(118, 118, 118); font-family: arial, 宋体; line-height: 24px; text-align: right;\"><span style=\"font-family:宋体;word-wrap: break-word; margin: 0px; padding: 0px; outline: 0px; background-color: transparent;\"><span style=\"font-size:16px;word-wrap: break-word; margin: 0px; padding: 0px; outline: 0px; background-color: transparent;\">签发人：曾志勇</span></span></p><p style=\"word-wrap: break-word; margin: 0px; padding: 0px; outline: 0px; font-size: 14px; list-style-type: none; color: rgb(118, 118, 118); font-family: arial, 宋体; line-height: 24px; text-align: right;\"><span style=\"font-family:宋体;word-wrap: break-word; margin: 0px; padding: 0px; outline: 0px; background-color: transparent;\"><span style=\"font-size:16px;word-wrap: break-word; margin: 0px; padding: 0px; outline: 0px; background-color: transparent;\">签发时间：2013年3月18日</span></span></p><p style=\"word-wrap: break-word; margin: 0px; padding: 0px; outline: 0px; font-size: 14px; list-style-type: none; color: rgb(118, 118, 118); font-family: arial, 宋体; line-height: 24px;\"><span style=\"font-family:宋体;word-wrap: break-word; margin: 0px; padding: 0px; outline: 0px; background-color: transparent;\"><span style=\"font-size:16px;word-wrap: break-word; margin: 0px; padding: 0px; outline: 0px; background-color: transparent;\"></span></span>&nbsp;</p><p style=\"word-wrap: break-word; margin: 0px; padding: 0px; outline: 0px; font-size: 14px; list-style-type: none; color: rgb(118, 118, 118); font-family: arial, 宋体; line-height: 24px;\"><span style=\"font-family:宋体;word-wrap: break-word; margin: 0px; padding: 0px; outline: 0px; background-color: transparent;\"><span style=\"font-size:16px;word-wrap: break-word; margin: 0px; padding: 0px; outline: 0px; background-color: transparent;\">&nbsp;&nbsp;&nbsp; 根据畅捷通信息技术股份有限公司战略与业务发展需要，参照用友集团《干部管理制度》的规定，经公司总裁会批准，决定2013年度聘任信息如下：</span></span></p><div style=\"word-wrap: break-word; margin: 0px; padding: 0px; outline: 0px; font-size: 14px; list-style-type: none; color: rgb(118, 118, 118); font-family: arial, 宋体; line-height: 24px;\"><table border=\"0\" cellspacing=\"0\" cellpadding=\"0\" width=\"648\" style=\"word-wrap: break-word; margin: 0px auto; padding: 0px; outline: 0px; font-size: 14px; background-color: transparent; border-collapse: collapse; border-spacing: 0px;\"><tbody style=\"word-wrap: break-word; margin: 0px; padding: 0px; outline: 0px; background-color: transparent;\"><tr style=\"word-wrap: break-word; margin: 0px; padding: 0px; outline: 0px; background-color: transparent;\"><td style=\"word-wrap: break-word; margin: 0px; padding: 0px; outline: 0px; font-size: 14px; background-color: transparent; list-style-type: none; width: 73pt; height: 24pt;\"><p style=\"word-wrap: break-word; margin: 0px; padding: 0px; outline: 0px; background-color: transparent; list-style-type: none; text-align: center;\"><strong style=\"word-wrap: break-word; margin: 0px; padding: 0px; outline: 0px; background-color: transparent;\"><span style=\"font-family:宋体;word-wrap: break-word; margin: 0px; padding: 0px; outline: 0px; font-size: 10pt; background-color: transparent;\">姓名</span></strong></p></td><td style=\"word-wrap: break-word; margin: 0px; padding: 0px; outline: 0px; font-size: 14px; background-color: transparent; list-style-type: none; width: 165pt; height: 24pt;\"><p style=\"word-wrap: break-word; margin: 0px; padding: 0px; outline: 0px; background-color: transparent; list-style-type: none; text-align: center;\"><strong style=\"word-wrap: break-word; margin: 0px; padding: 0px; outline: 0px; background-color: transparent;\"><span style=\"font-family:宋体;word-wrap: break-word; margin: 0px; padding: 0px; outline: 0px; font-size: 10pt; background-color: transparent;\">机构（部门）</span></strong></p></td><td style=\"word-wrap: break-word; margin: 0px; padding: 0px; outline: 0px; font-size: 14px; background-color: transparent; list-style-type: none; width: 110pt; height: 24pt;\"><p style=\"word-wrap: break-word; margin: 0px; padding: 0px; outline: 0px; background-color: transparent; list-style-type: none; text-align: center;\"><strong style=\"word-wrap: break-word; margin: 0px; padding: 0px; outline: 0px; background-color: transparent;\"><span style=\"font-family:宋体;word-wrap: break-word; margin: 0px; padding: 0px; outline: 0px; font-size: 10pt; background-color: transparent;\">就任职位</span></strong></p></td><td style=\"word-wrap: break-word; margin: 0px; padding: 0px; outline: 0px; font-size: 14px; background-color: transparent; list-style-type: none; width: 63pt; height: 24pt;\"><p style=\"word-wrap: break-word; margin: 0px; padding: 0px; outline: 0px; background-color: transparent; list-style-type: none; text-align: center;\"><strong style=\"word-wrap: break-word; margin: 0px; padding: 0px; outline: 0px; background-color: transparent;\"><span style=\"font-family:宋体;word-wrap: break-word; margin: 0px; padding: 0px; outline: 0px; font-size: 10pt; background-color: transparent;\">职级</span></strong></p></td><td style=\"word-wrap: break-word; margin: 0px; padding: 0px; outline: 0px; font-size: 14px; background-color: transparent; list-style-type: none; width: 75pt; height: 24pt;\"><p style=\"word-wrap: break-word; margin: 0px; padding: 0px; outline: 0px; background-color: transparent; list-style-type: none; text-align: center;\"><strong style=\"word-wrap: break-word; margin: 0px; padding: 0px; outline: 0px; background-color: transparent;\"><span style=\"font-family:宋体;word-wrap: break-word; margin: 0px; padding: 0px; outline: 0px; font-size: 10pt; background-color: transparent;\">直接上级</span></strong></p></td></tr><tr style=\"word-wrap: break-word; margin: 0px; padding: 0px; outline: 0px; background-color: transparent;\"><td style=\"word-wrap: break-word; margin: 0px; padding: 0px; outline: 0px; font-size: 14px; background-color: transparent; list-style-type: none; width: 73pt; height: 24pt;\"><p style=\"word-wrap: break-word; margin: 0px; padding: 0px; outline: 0px; background-color: transparent; list-style-type: none; text-align: center;\"><span style=\"font-family:宋体;word-wrap: break-word; margin: 0px; padding: 0px; outline: 0px; background-color: transparent;\"><span style=\"font-size:16px;word-wrap: break-word; margin: 0px; padding: 0px; outline: 0px; background-color: transparent;\">丁伯超</span></span></p></td><td style=\"word-wrap: break-word; margin: 0px; padding: 0px; outline: 0px; font-size: 14px; background-color: transparent; list-style-type: none; width: 165pt; height: 24pt;\"><p style=\"word-wrap: break-word; margin: 0px; padding: 0px; outline: 0px; background-color: transparent; list-style-type: none; text-align: center;\"><span style=\"font-family:宋体;word-wrap: break-word; margin: 0px; padding: 0px; outline: 0px; background-color: transparent;\"><span style=\"font-size:16px;word-wrap: break-word; margin: 0px; padding: 0px; outline: 0px; background-color: transparent;\">创新应用研发本部</span></span></p></td><td style=\"word-wrap: break-word; margin: 0px; padding: 0px; outline: 0px; font-size: 14px; background-color: transparent; list-style-type: none; width: 110pt; height: 24pt;\"><p style=\"word-wrap: break-word; margin: 0px; padding: 0px; outline: 0px; background-color: transparent; list-style-type: none; text-align: center;\"><span style=\"font-family:宋体;word-wrap: break-word; margin: 0px; padding: 0px; outline: 0px; background-color: transparent;\"><span style=\"font-size:16px;word-wrap: break-word; margin: 0px; padding: 0px; outline: 0px; background-color: transparent;\">开发工具总监</span></span></p></td><td style=\"word-wrap: break-word; margin: 0px; padding: 0px; outline: 0px; font-size: 14px; background-color: transparent; list-style-type: none; width: 63pt; height: 24pt;\"><p style=\"word-wrap: break-word; margin: 0px; padding: 0px; outline: 0px; background-color: transparent; list-style-type: none; text-align: center;\"><span style=\"font-family:宋体;word-wrap: break-word; margin: 0px; padding: 0px; outline: 0px; background-color: transparent;\"><span style=\"font-size:16px;word-wrap: break-word; margin: 0px; padding: 0px; outline: 0px; background-color: transparent;\">4A</span></span></p></td><td style=\"word-wrap: break-word; margin: 0px; padding: 0px; outline: 0px; font-size: 14px; background-color: transparent; list-style-type: none; width: 75pt; height: 24pt;\"><p style=\"word-wrap: break-word; margin: 0px; padding: 0px; outline: 0px; background-color: transparent; list-style-type: none; text-align: center;\"><span style=\"font-family:宋体;word-wrap: break-word; margin: 0px; padding: 0px; outline: 0px; background-color: transparent;\"><span style=\"font-size:16px;word-wrap: break-word; margin: 0px; padding: 0px; outline: 0px; background-color: transparent;\">周昊</span></span></p></td></tr></tbody></table></div><p style=\"word-wrap: break-word; margin: 0px; padding: 0px; outline: 0px; font-size: 14px; list-style-type: none; color: rgb(118, 118, 118); font-family: arial, 宋体; line-height: 24px;\"><span style=\"font-family:宋体;word-wrap: break-word; margin: 0px; padding: 0px; outline: 0px; font-size: 12pt; background-color: transparent;\">&nbsp;</span></p><p style=\"word-wrap: break-word; margin: 0px; padding: 0px; outline: 0px; font-size: 14px; list-style-type: none; color: rgb(118, 118, 118); font-family: arial, 宋体; line-height: 24px;\"><strong style=\"word-wrap: break-word; margin: 0px; padding: 0px; outline: 0px; background-color: transparent;\"><span style=\"font-family:宋体;word-wrap: break-word; margin: 0px; padding: 0px; outline: 0px; font-size: 12pt; background-color: transparent;\">上述任期自发布之日起至2013年12月31日止。</span></strong></p><p style=\"word-wrap: break-word; margin: 0px; padding: 0px; outline: 0px; font-size: 14px; list-style-type: none; color: rgb(118, 118, 118); font-family: arial, 宋体; line-height: 24px;\"><strong style=\"word-wrap: break-word; margin: 0px; padding: 0px; outline: 0px; background-color: transparent;\"><span style=\"word-wrap: break-word; margin: 0px; padding: 0px; outline: 0px; font-size: 12pt; background-color: transparent;\"><span style=\"font-family:Calibri;word-wrap: break-word; margin: 0px; padding: 0px; outline: 0px; background-color: transparent;\">&nbsp;</span></span></strong></p><p style=\"word-wrap: break-word; margin: 0px; padding: 0px; outline: 0px; font-size: 14px; list-style-type: none; color: rgb(118, 118, 118); font-family: arial, 宋体; line-height: 24px;\"><strong style=\"word-wrap: break-word; margin: 0px; padding: 0px; outline: 0px; background-color: transparent;\"><span style=\"word-wrap: break-word; margin: 0px; padding: 0px; outline: 0px; font-size: 12pt; background-color: transparent;\"><span style=\"font-family:Calibri;word-wrap: break-word; margin: 0px; padding: 0px; outline: 0px; background-color: transparent;\">&nbsp;</span></span></strong></p><p style=\"word-wrap: break-word; margin: 0px; padding: 0px; outline: 0px; font-size: 14px; list-style-type: none; color: rgb(118, 118, 118); font-family: arial, 宋体; line-height: 24px;\"><strong style=\"word-wrap: break-word; margin: 0px; padding: 0px; outline: 0px; background-color: transparent;\"><span style=\"word-wrap: break-word; margin: 0px; padding: 0px; outline: 0px; font-size: 12pt; background-color: transparent;\"><span style=\"font-family:Calibri;word-wrap: break-word; margin: 0px; padding: 0px; outline: 0px; background-color: transparent;\">&nbsp;</span></span></strong></p><p style=\"word-wrap: break-word; margin: 0px; padding: 0px; outline: 0px; font-size: 14px; list-style-type: none; color: rgb(118, 118, 118); font-family: arial, 宋体; line-height: 24px;\"><strong style=\"word-wrap: break-word; margin: 0px; padding: 0px; outline: 0px; background-color: transparent;\"><span style=\"font-family:宋体;word-wrap: break-word; margin: 0px; padding: 0px; outline: 0px; font-size: 12pt; background-color: transparent;\">授权：全体</span></strong></p><p style=\"word-wrap: break-word; margin: 0px; padding: 0px; outline: 0px; font-size: 14px; list-style-type: none; color: rgb(118, 118, 118); font-family: arial, 宋体; line-height: 24px;\"><span style=\"font-family:宋体;word-wrap: break-word; margin: 0px; padding: 0px; outline: 0px; background-color: transparent;\"><span style=\"font-size:16px;word-wrap: break-word; margin: 0px; padding: 0px; outline: 0px; background-color: transparent;\">&nbsp;</span></span></p><hr style=\"word-wrap: break-word; margin: 1em 0px; padding: 0px; outline: 0px; font-size: 14px; height: 1px; border-right-width: 0px; border-bottom-width: 0px; border-left-width: 0px; border-top-style: solid; border-top-color: rgb(204, 204, 204); color: rgb(118, 118, 118); font-family: arial, 宋体; line-height: 24px;\" /><p style=\"word-wrap: break-word; margin: 0px; padding: 0px; outline: 0px; font-size: 14px; list-style-type: none; color: rgb(118, 118, 118); font-family: arial, 宋体; line-height: 24px;\"></p><p style=\"word-wrap: break-word; margin: 0px; padding: 0px; outline: 0px; font-size: 14px; list-style-type: none; color: rgb(118, 118, 118); font-family: arial, 宋体; line-height: 24px; text-align: center;\"><img class=\"wordImage\" src=\"http://esn.yonyou.com/js/lib/xheditor/xheditor_skin/blank.gif\" alt=\"\" style=\"word-wrap: break-word; margin: 725.25pt 0px 0px 205.5pt; padding: 0px; outline: 0px; background-color: transparent; border: 0px; vertical-align: top; max-width: 730px; z-index: -251658240; position: absolute; text-align: left; width: 161.75pt; height: 23.9pt; visibility: visible; left: 0px;\" /><img class=\"wordImage\" src=\"http://esn.yonyou.com/js/lib/xheditor/xheditor_skin/blank.gif\" alt=\"\" style=\"word-wrap: break-word; margin: 725.25pt 0px 0px 205.5pt; padding: 0px; outline: 0px; background-color: transparent; border: 0px; vertical-align: top; max-width: 730px; z-index: -251659264; position: absolute; text-align: left; width: 161.75pt; height: 23.9pt; visibility: visible; left: 0px;\" /><img src=\"http://esnimage.uu.com.cn/qz/201212/7/1354846265S852.jpg.thumb.jpg\" alt=\"\" style=\"word-wrap: break-word; margin: 0px; padding: 0px; outline: 0px; background-color: transparent; border: 0px; vertical-align: top; max-width: 730px;\" /></p>','人力资源部','2013-03-26 18:59:29','2013-03-26 18:59:29',1,0,0,0,1,'\0',0),(64,2,2,2,'干字（2013）第17号 2013年干部任命决定','<p style=\"word-wrap: break-word; margin: 0px; padding: 0px; outline: 0px; font-size: 14px; list-style-type: none; color: rgb(118, 118, 118); font-family: arial, 宋体; line-height: 24px; text-align: center;\"><span style=\"font-family:微软雅黑, sans-serif;word-wrap: break-word; margin: 0px; padding: 0px; outline: 0px; font-size: 12pt; background-color: transparent;\"><img src=\"http://esnimage.uu.com.cn/qz/201210/12/1350023486ghvJ.jpg\" alt=\"\" style=\"word-wrap: break-word; margin: 0px; padding: 0px; outline: 0px; background-color: transparent; border: 0px; vertical-align: top; max-width: 730px;\" /></span></p><p style=\"word-wrap: break-word; margin: 0px; padding: 0px; outline: 0px; font-size: 14px; list-style-type: none; color: rgb(118, 118, 118); font-family: arial, 宋体; line-height: 24px; text-align: center;\"><span style=\"font-family:微软雅黑, sans-serif;word-wrap: break-word; margin: 0px; padding: 0px; outline: 0px; font-size: 12pt; background-color: transparent;\">畅捷通&nbsp;<span style=\"color:red;word-wrap: break-word; margin: 0px; padding: 0px; outline: 0px; background-color: transparent;\">干字</span>（<span style=\"color:red;word-wrap: break-word; margin: 0px; padding: 0px; outline: 0px; background-color: transparent;\">2013</span>）第&nbsp;<span style=\"color:red;word-wrap: break-word; margin: 0px; padding: 0px; outline: 0px; background-color: transparent;\">05</span>号</span></p><div style=\"word-wrap: break-word; margin: 0px; padding: 0px; outline: 0px; font-size: 14px; list-style-type: none; color: rgb(118, 118, 118); font-family: arial, 宋体; line-height: 24px;\"><span style=\"font-family:宋体;word-wrap: break-word; margin: 0px; padding: 0px; outline: 0px; font-size: 12pt; background-color: transparent;\"></span><hr style=\"word-wrap: break-word; margin: 1em 0px; padding: 0px; outline: 0px; background-color: transparent; height: 1px; border-right-width: 0px; border-bottom-width: 0px; border-left-width: 0px; border-top-style: solid; border-top-color: rgb(204, 204, 204);\" /></div><p style=\"word-wrap: break-word; margin: 0px; padding: 0px; outline: 0px; font-size: 14px; list-style-type: none; color: rgb(118, 118, 118); font-family: arial, 宋体; line-height: 24px; text-align: center;\"><strong style=\"word-wrap: break-word; margin: 0px; padding: 0px; outline: 0px; background-color: transparent;\"><span style=\"font-family:宋体;word-wrap: break-word; margin: 0px; padding: 0px; outline: 0px; font-size: 16pt; background-color: transparent;\">干部任命决定</span></strong></p><p style=\"word-wrap: break-word; margin: 0px; padding: 0px; outline: 0px; font-size: 14px; list-style-type: none; color: rgb(118, 118, 118); font-family: arial, 宋体; line-height: 24px; text-align: right;\"><span style=\"font-family:宋体;word-wrap: break-word; margin: 0px; padding: 0px; outline: 0px; background-color: transparent;\"><span style=\"font-size:16px;word-wrap: break-word; margin: 0px; padding: 0px; outline: 0px; background-color: transparent;\">签发人：曾志勇</span></span></p><p style=\"word-wrap: break-word; margin: 0px; padding: 0px; outline: 0px; font-size: 14px; list-style-type: none; color: rgb(118, 118, 118); font-family: arial, 宋体; line-height: 24px; text-align: right;\"><span style=\"font-family:宋体;word-wrap: break-word; margin: 0px; padding: 0px; outline: 0px; background-color: transparent;\"><span style=\"font-size:16px;word-wrap: break-word; margin: 0px; padding: 0px; outline: 0px; background-color: transparent;\">签发时间：2013年3月18日</span></span></p><p style=\"word-wrap: break-word; margin: 0px; padding: 0px; outline: 0px; font-size: 14px; list-style-type: none; color: rgb(118, 118, 118); font-family: arial, 宋体; line-height: 24px;\"><span style=\"font-family:宋体;word-wrap: break-word; margin: 0px; padding: 0px; outline: 0px; background-color: transparent;\"><span style=\"font-size:16px;word-wrap: break-word; margin: 0px; padding: 0px; outline: 0px; background-color: transparent;\"></span></span>&nbsp;</p><p style=\"word-wrap: break-word; margin: 0px; padding: 0px; outline: 0px; font-size: 14px; list-style-type: none; color: rgb(118, 118, 118); font-family: arial, 宋体; line-height: 24px;\"><span style=\"font-family:宋体;word-wrap: break-word; margin: 0px; padding: 0px; outline: 0px; background-color: transparent;\"><span style=\"font-size:16px;word-wrap: break-word; margin: 0px; padding: 0px; outline: 0px; background-color: transparent;\">&nbsp;&nbsp;&nbsp; 根据畅捷通信息技术股份有限公司战略与业务发展需要，参照用友集团《干部管理制度》的规定，经公司总裁会批准，决定2013年度聘任信息如下：</span></span></p><div style=\"word-wrap: break-word; margin: 0px; padding: 0px; outline: 0px; font-size: 14px; list-style-type: none; color: rgb(118, 118, 118); font-family: arial, 宋体; line-height: 24px;\"><table border=\"0\" cellspacing=\"0\" cellpadding=\"0\" width=\"648\" style=\"word-wrap: break-word; margin: 0px auto; padding: 0px; outline: 0px; font-size: 14px; background-color: transparent; border-collapse: collapse; border-spacing: 0px;\"><tbody style=\"word-wrap: break-word; margin: 0px; padding: 0px; outline: 0px; background-color: transparent;\"><tr style=\"word-wrap: break-word; margin: 0px; padding: 0px; outline: 0px; background-color: transparent;\"><td style=\"word-wrap: break-word; margin: 0px; padding: 0px; outline: 0px; font-size: 14px; background-color: transparent; list-style-type: none; width: 73pt; height: 24pt;\"><p style=\"word-wrap: break-word; margin: 0px; padding: 0px; outline: 0px; background-color: transparent; list-style-type: none; text-align: center;\"><strong style=\"word-wrap: break-word; margin: 0px; padding: 0px; outline: 0px; background-color: transparent;\"><span style=\"font-family:宋体;word-wrap: break-word; margin: 0px; padding: 0px; outline: 0px; font-size: 10pt; background-color: transparent;\">姓名</span></strong></p></td><td style=\"word-wrap: break-word; margin: 0px; padding: 0px; outline: 0px; font-size: 14px; background-color: transparent; list-style-type: none; width: 165pt; height: 24pt;\"><p style=\"word-wrap: break-word; margin: 0px; padding: 0px; outline: 0px; background-color: transparent; list-style-type: none; text-align: center;\"><strong style=\"word-wrap: break-word; margin: 0px; padding: 0px; outline: 0px; background-color: transparent;\"><span style=\"font-family:宋体;word-wrap: break-word; margin: 0px; padding: 0px; outline: 0px; font-size: 10pt; background-color: transparent;\">机构（部门）</span></strong></p></td><td style=\"word-wrap: break-word; margin: 0px; padding: 0px; outline: 0px; font-size: 14px; background-color: transparent; list-style-type: none; width: 110pt; height: 24pt;\"><p style=\"word-wrap: break-word; margin: 0px; padding: 0px; outline: 0px; background-color: transparent; list-style-type: none; text-align: center;\"><strong style=\"word-wrap: break-word; margin: 0px; padding: 0px; outline: 0px; background-color: transparent;\"><span style=\"font-family:宋体;word-wrap: break-word; margin: 0px; padding: 0px; outline: 0px; font-size: 10pt; background-color: transparent;\">就任职位</span></strong></p></td><td style=\"word-wrap: break-word; margin: 0px; padding: 0px; outline: 0px; font-size: 14px; background-color: transparent; list-style-type: none; width: 63pt; height: 24pt;\"><p style=\"word-wrap: break-word; margin: 0px; padding: 0px; outline: 0px; background-color: transparent; list-style-type: none; text-align: center;\"><strong style=\"word-wrap: break-word; margin: 0px; padding: 0px; outline: 0px; background-color: transparent;\"><span style=\"font-family:宋体;word-wrap: break-word; margin: 0px; padding: 0px; outline: 0px; font-size: 10pt; background-color: transparent;\">职级</span></strong></p></td><td style=\"word-wrap: break-word; margin: 0px; padding: 0px; outline: 0px; font-size: 14px; background-color: transparent; list-style-type: none; width: 75pt; height: 24pt;\"><p style=\"word-wrap: break-word; margin: 0px; padding: 0px; outline: 0px; background-color: transparent; list-style-type: none; text-align: center;\"><strong style=\"word-wrap: break-word; margin: 0px; padding: 0px; outline: 0px; background-color: transparent;\"><span style=\"font-family:宋体;word-wrap: break-word; margin: 0px; padding: 0px; outline: 0px; font-size: 10pt; background-color: transparent;\">直接上级</span></strong></p></td></tr><tr style=\"word-wrap: break-word; margin: 0px; padding: 0px; outline: 0px; background-color: transparent;\"><td style=\"word-wrap: break-word; margin: 0px; padding: 0px; outline: 0px; font-size: 14px; background-color: transparent; list-style-type: none; width: 73pt; height: 24pt;\"><p style=\"word-wrap: break-word; margin: 0px; padding: 0px; outline: 0px; background-color: transparent; list-style-type: none; text-align: center;\"><span style=\"font-family:宋体;word-wrap: break-word; margin: 0px; padding: 0px; outline: 0px; background-color: transparent;\"><span style=\"font-size:16px;word-wrap: break-word; margin: 0px; padding: 0px; outline: 0px; background-color: transparent;\">丁伯超</span></span></p></td><td style=\"word-wrap: break-word; margin: 0px; padding: 0px; outline: 0px; font-size: 14px; background-color: transparent; list-style-type: none; width: 165pt; height: 24pt;\"><p style=\"word-wrap: break-word; margin: 0px; padding: 0px; outline: 0px; background-color: transparent; list-style-type: none; text-align: center;\"><span style=\"font-family:宋体;word-wrap: break-word; margin: 0px; padding: 0px; outline: 0px; background-color: transparent;\"><span style=\"font-size:16px;word-wrap: break-word; margin: 0px; padding: 0px; outline: 0px; background-color: transparent;\">创新应用研发本部</span></span></p></td><td style=\"word-wrap: break-word; margin: 0px; padding: 0px; outline: 0px; font-size: 14px; background-color: transparent; list-style-type: none; width: 110pt; height: 24pt;\"><p style=\"word-wrap: break-word; margin: 0px; padding: 0px; outline: 0px; background-color: transparent; list-style-type: none; text-align: center;\"><span style=\"font-family:宋体;word-wrap: break-word; margin: 0px; padding: 0px; outline: 0px; background-color: transparent;\"><span style=\"font-size:16px;word-wrap: break-word; margin: 0px; padding: 0px; outline: 0px; background-color: transparent;\">开发工具总监</span></span></p></td><td style=\"word-wrap: break-word; margin: 0px; padding: 0px; outline: 0px; font-size: 14px; background-color: transparent; list-style-type: none; width: 63pt; height: 24pt;\"><p style=\"word-wrap: break-word; margin: 0px; padding: 0px; outline: 0px; background-color: transparent; list-style-type: none; text-align: center;\"><span style=\"font-family:宋体;word-wrap: break-word; margin: 0px; padding: 0px; outline: 0px; background-color: transparent;\"><span style=\"font-size:16px;word-wrap: break-word; margin: 0px; padding: 0px; outline: 0px; background-color: transparent;\">4A</span></span></p></td><td style=\"word-wrap: break-word; margin: 0px; padding: 0px; outline: 0px; font-size: 14px; background-color: transparent; list-style-type: none; width: 75pt; height: 24pt;\"><p style=\"word-wrap: break-word; margin: 0px; padding: 0px; outline: 0px; background-color: transparent; list-style-type: none; text-align: center;\"><span style=\"font-family:宋体;word-wrap: break-word; margin: 0px; padding: 0px; outline: 0px; background-color: transparent;\"><span style=\"font-size:16px;word-wrap: break-word; margin: 0px; padding: 0px; outline: 0px; background-color: transparent;\">周昊</span></span></p></td></tr></tbody></table></div><p style=\"word-wrap: break-word; margin: 0px; padding: 0px; outline: 0px; font-size: 14px; list-style-type: none; color: rgb(118, 118, 118); font-family: arial, 宋体; line-height: 24px;\"><span style=\"font-family:宋体;word-wrap: break-word; margin: 0px; padding: 0px; outline: 0px; font-size: 12pt; background-color: transparent;\">&nbsp;</span></p><p style=\"word-wrap: break-word; margin: 0px; padding: 0px; outline: 0px; font-size: 14px; list-style-type: none; color: rgb(118, 118, 118); font-family: arial, 宋体; line-height: 24px;\"><strong style=\"word-wrap: break-word; margin: 0px; padding: 0px; outline: 0px; background-color: transparent;\"><span style=\"font-family:宋体;word-wrap: break-word; margin: 0px; padding: 0px; outline: 0px; font-size: 12pt; background-color: transparent;\">上述任期自发布之日起至2013年12月31日止。</span></strong></p><p style=\"word-wrap: break-word; margin: 0px; padding: 0px; outline: 0px; font-size: 14px; list-style-type: none; color: rgb(118, 118, 118); font-family: arial, 宋体; line-height: 24px;\"><strong style=\"word-wrap: break-word; margin: 0px; padding: 0px; outline: 0px; background-color: transparent;\"><span style=\"word-wrap: break-word; margin: 0px; padding: 0px; outline: 0px; font-size: 12pt; background-color: transparent;\"><span style=\"font-family:Calibri;word-wrap: break-word; margin: 0px; padding: 0px; outline: 0px; background-color: transparent;\">&nbsp;</span></span></strong></p><p style=\"word-wrap: break-word; margin: 0px; padding: 0px; outline: 0px; font-size: 14px; list-style-type: none; color: rgb(118, 118, 118); font-family: arial, 宋体; line-height: 24px;\"><strong style=\"word-wrap: break-word; margin: 0px; padding: 0px; outline: 0px; background-color: transparent;\"><span style=\"word-wrap: break-word; margin: 0px; padding: 0px; outline: 0px; font-size: 12pt; background-color: transparent;\"><span style=\"font-family:Calibri;word-wrap: break-word; margin: 0px; padding: 0px; outline: 0px; background-color: transparent;\">&nbsp;</span></span></strong></p><p style=\"word-wrap: break-word; margin: 0px; padding: 0px; outline: 0px; font-size: 14px; list-style-type: none; color: rgb(118, 118, 118); font-family: arial, 宋体; line-height: 24px;\"><strong style=\"word-wrap: break-word; margin: 0px; padding: 0px; outline: 0px; background-color: transparent;\"><span style=\"word-wrap: break-word; margin: 0px; padding: 0px; outline: 0px; font-size: 12pt; background-color: transparent;\"><span style=\"font-family:Calibri;word-wrap: break-word; margin: 0px; padding: 0px; outline: 0px; background-color: transparent;\">&nbsp;</span></span></strong></p><p style=\"word-wrap: break-word; margin: 0px; padding: 0px; outline: 0px; font-size: 14px; list-style-type: none; color: rgb(118, 118, 118); font-family: arial, 宋体; line-height: 24px;\"><strong style=\"word-wrap: break-word; margin: 0px; padding: 0px; outline: 0px; background-color: transparent;\"><span style=\"font-family:宋体;word-wrap: break-word; margin: 0px; padding: 0px; outline: 0px; font-size: 12pt; background-color: transparent;\">授权：全体</span></strong></p><p style=\"word-wrap: break-word; margin: 0px; padding: 0px; outline: 0px; font-size: 14px; list-style-type: none; color: rgb(118, 118, 118); font-family: arial, 宋体; line-height: 24px;\"><span style=\"font-family:宋体;word-wrap: break-word; margin: 0px; padding: 0px; outline: 0px; background-color: transparent;\"><span style=\"font-size:16px;word-wrap: break-word; margin: 0px; padding: 0px; outline: 0px; background-color: transparent;\">&nbsp;</span></span></p><hr style=\"word-wrap: break-word; margin: 1em 0px; padding: 0px; outline: 0px; font-size: 14px; height: 1px; border-right-width: 0px; border-bottom-width: 0px; border-left-width: 0px; border-top-style: solid; border-top-color: rgb(204, 204, 204); color: rgb(118, 118, 118); font-family: arial, 宋体; line-height: 24px;\" /><p style=\"word-wrap: break-word; margin: 0px; padding: 0px; outline: 0px; font-size: 14px; list-style-type: none; color: rgb(118, 118, 118); font-family: arial, 宋体; line-height: 24px;\"></p><p style=\"word-wrap: break-word; margin: 0px; padding: 0px; outline: 0px; font-size: 14px; list-style-type: none; color: rgb(118, 118, 118); font-family: arial, 宋体; line-height: 24px; text-align: center;\"><img class=\"wordImage\" src=\"http://esn.yonyou.com/js/lib/xheditor/xheditor_skin/blank.gif\" alt=\"\" style=\"word-wrap: break-word; margin: 725.25pt 0px 0px 205.5pt; padding: 0px; outline: 0px; background-color: transparent; border: 0px; vertical-align: top; max-width: 730px; z-index: -251658240; position: absolute; text-align: left; width: 161.75pt; height: 23.9pt; visibility: visible; left: 0px;\" /><img class=\"wordImage\" src=\"http://esn.yonyou.com/js/lib/xheditor/xheditor_skin/blank.gif\" alt=\"\" style=\"word-wrap: break-word; margin: 725.25pt 0px 0px 205.5pt; padding: 0px; outline: 0px; background-color: transparent; border: 0px; vertical-align: top; max-width: 730px; z-index: -251659264; position: absolute; text-align: left; width: 161.75pt; height: 23.9pt; visibility: visible; left: 0px;\" /><img src=\"http://esnimage.uu.com.cn/qz/201212/7/1354846265S852.jpg.thumb.jpg\" alt=\"\" style=\"word-wrap: break-word; margin: 0px; padding: 0px; outline: 0px; background-color: transparent; border: 0px; vertical-align: top; max-width: 730px;\" /></p>','人力资源部','2013-03-26 18:59:35','2013-03-26 18:59:35',1,0,0,0,1,'\0',0),(65,2,2,2,'干字（2013）第18号 2013年组织机构调整决定','<p style=\"word-wrap: break-word; margin: 0px; padding: 0px; outline: 0px; font-size: 14px; list-style-type: none; color: rgb(118, 118, 118); font-family: arial, 宋体; line-height: 24px; text-align: center;\"><span style=\"font-family:微软雅黑, sans-serif;word-wrap: break-word; margin: 0px; padding: 0px; outline: 0px; font-size: 12pt; background-color: transparent;\"><img src=\"http://esnimage.uu.com.cn/qz/201210/12/1350023486ghvJ.jpg\" alt=\"\" style=\"word-wrap: break-word; margin: 0px; padding: 0px; outline: 0px; background-color: transparent; border: 0px; vertical-align: top; max-width: 730px;\" /></span></p><p style=\"word-wrap: break-word; margin: 0px; padding: 0px; outline: 0px; font-size: 14px; list-style-type: none; color: rgb(118, 118, 118); font-family: arial, 宋体; line-height: 24px; text-align: center;\"><span style=\"font-family:微软雅黑, sans-serif;word-wrap: break-word; margin: 0px; padding: 0px; outline: 0px; font-size: 12pt; background-color: transparent;\">畅捷通&nbsp;<span style=\"color:red;word-wrap: break-word; margin: 0px; padding: 0px; outline: 0px; background-color: transparent;\">干字</span>（<span style=\"color:red;word-wrap: break-word; margin: 0px; padding: 0px; outline: 0px; background-color: transparent;\">2013</span>）第&nbsp;<span style=\"color:red;word-wrap: break-word; margin: 0px; padding: 0px; outline: 0px; background-color: transparent;\">05</span>号</span></p><div style=\"word-wrap: break-word; margin: 0px; padding: 0px; outline: 0px; font-size: 14px; list-style-type: none; color: rgb(118, 118, 118); font-family: arial, 宋体; line-height: 24px;\"><span style=\"font-family:宋体;word-wrap: break-word; margin: 0px; padding: 0px; outline: 0px; font-size: 12pt; background-color: transparent;\"></span><hr style=\"word-wrap: break-word; margin: 1em 0px; padding: 0px; outline: 0px; background-color: transparent; height: 1px; border-right-width: 0px; border-bottom-width: 0px; border-left-width: 0px; border-top-style: solid; border-top-color: rgb(204, 204, 204);\" /></div><p style=\"word-wrap: break-word; margin: 0px; padding: 0px; outline: 0px; font-size: 14px; list-style-type: none; color: rgb(118, 118, 118); font-family: arial, 宋体; line-height: 24px; text-align: center;\"><strong style=\"word-wrap: break-word; margin: 0px; padding: 0px; outline: 0px; background-color: transparent;\"><span style=\"font-family:宋体;word-wrap: break-word; margin: 0px; padding: 0px; outline: 0px; font-size: 16pt; background-color: transparent;\">干部任命决定</span></strong></p><p style=\"word-wrap: break-word; margin: 0px; padding: 0px; outline: 0px; font-size: 14px; list-style-type: none; color: rgb(118, 118, 118); font-family: arial, 宋体; line-height: 24px; text-align: right;\"><span style=\"font-family:宋体;word-wrap: break-word; margin: 0px; padding: 0px; outline: 0px; background-color: transparent;\"><span style=\"font-size:16px;word-wrap: break-word; margin: 0px; padding: 0px; outline: 0px; background-color: transparent;\">签发人：曾志勇</span></span></p><p style=\"word-wrap: break-word; margin: 0px; padding: 0px; outline: 0px; font-size: 14px; list-style-type: none; color: rgb(118, 118, 118); font-family: arial, 宋体; line-height: 24px; text-align: right;\"><span style=\"font-family:宋体;word-wrap: break-word; margin: 0px; padding: 0px; outline: 0px; background-color: transparent;\"><span style=\"font-size:16px;word-wrap: break-word; margin: 0px; padding: 0px; outline: 0px; background-color: transparent;\">签发时间：2013年3月18日</span></span></p><p style=\"word-wrap: break-word; margin: 0px; padding: 0px; outline: 0px; font-size: 14px; list-style-type: none; color: rgb(118, 118, 118); font-family: arial, 宋体; line-height: 24px;\"><span style=\"font-family:宋体;word-wrap: break-word; margin: 0px; padding: 0px; outline: 0px; background-color: transparent;\"><span style=\"font-size:16px;word-wrap: break-word; margin: 0px; padding: 0px; outline: 0px; background-color: transparent;\"></span></span>&nbsp;</p><p style=\"word-wrap: break-word; margin: 0px; padding: 0px; outline: 0px; font-size: 14px; list-style-type: none; color: rgb(118, 118, 118); font-family: arial, 宋体; line-height: 24px;\"><span style=\"font-family:宋体;word-wrap: break-word; margin: 0px; padding: 0px; outline: 0px; background-color: transparent;\"><span style=\"font-size:16px;word-wrap: break-word; margin: 0px; padding: 0px; outline: 0px; background-color: transparent;\">&nbsp;&nbsp;&nbsp; 根据畅捷通信息技术股份有限公司战略与业务发展需要，参照用友集团《干部管理制度》的规定，经公司总裁会批准，决定2013年度聘任信息如下：</span></span></p><div style=\"word-wrap: break-word; margin: 0px; padding: 0px; outline: 0px; font-size: 14px; list-style-type: none; color: rgb(118, 118, 118); font-family: arial, 宋体; line-height: 24px;\"><table border=\"0\" cellspacing=\"0\" cellpadding=\"0\" width=\"648\" style=\"word-wrap: break-word; margin: 0px auto; padding: 0px; outline: 0px; font-size: 14px; background-color: transparent; border-collapse: collapse; border-spacing: 0px;\"><tbody style=\"word-wrap: break-word; margin: 0px; padding: 0px; outline: 0px; background-color: transparent;\"><tr style=\"word-wrap: break-word; margin: 0px; padding: 0px; outline: 0px; background-color: transparent;\"><td style=\"word-wrap: break-word; margin: 0px; padding: 0px; outline: 0px; font-size: 14px; background-color: transparent; list-style-type: none; width: 73pt; height: 24pt;\"><p style=\"word-wrap: break-word; margin: 0px; padding: 0px; outline: 0px; background-color: transparent; list-style-type: none; text-align: center;\"><strong style=\"word-wrap: break-word; margin: 0px; padding: 0px; outline: 0px; background-color: transparent;\"><span style=\"font-family:宋体;word-wrap: break-word; margin: 0px; padding: 0px; outline: 0px; font-size: 10pt; background-color: transparent;\">姓名</span></strong></p></td><td style=\"word-wrap: break-word; margin: 0px; padding: 0px; outline: 0px; font-size: 14px; background-color: transparent; list-style-type: none; width: 165pt; height: 24pt;\"><p style=\"word-wrap: break-word; margin: 0px; padding: 0px; outline: 0px; background-color: transparent; list-style-type: none; text-align: center;\"><strong style=\"word-wrap: break-word; margin: 0px; padding: 0px; outline: 0px; background-color: transparent;\"><span style=\"font-family:宋体;word-wrap: break-word; margin: 0px; padding: 0px; outline: 0px; font-size: 10pt; background-color: transparent;\">机构（部门）</span></strong></p></td><td style=\"word-wrap: break-word; margin: 0px; padding: 0px; outline: 0px; font-size: 14px; background-color: transparent; list-style-type: none; width: 110pt; height: 24pt;\"><p style=\"word-wrap: break-word; margin: 0px; padding: 0px; outline: 0px; background-color: transparent; list-style-type: none; text-align: center;\"><strong style=\"word-wrap: break-word; margin: 0px; padding: 0px; outline: 0px; background-color: transparent;\"><span style=\"font-family:宋体;word-wrap: break-word; margin: 0px; padding: 0px; outline: 0px; font-size: 10pt; background-color: transparent;\">就任职位</span></strong></p></td><td style=\"word-wrap: break-word; margin: 0px; padding: 0px; outline: 0px; font-size: 14px; background-color: transparent; list-style-type: none; width: 63pt; height: 24pt;\"><p style=\"word-wrap: break-word; margin: 0px; padding: 0px; outline: 0px; background-color: transparent; list-style-type: none; text-align: center;\"><strong style=\"word-wrap: break-word; margin: 0px; padding: 0px; outline: 0px; background-color: transparent;\"><span style=\"font-family:宋体;word-wrap: break-word; margin: 0px; padding: 0px; outline: 0px; font-size: 10pt; background-color: transparent;\">职级</span></strong></p></td><td style=\"word-wrap: break-word; margin: 0px; padding: 0px; outline: 0px; font-size: 14px; background-color: transparent; list-style-type: none; width: 75pt; height: 24pt;\"><p style=\"word-wrap: break-word; margin: 0px; padding: 0px; outline: 0px; background-color: transparent; list-style-type: none; text-align: center;\"><strong style=\"word-wrap: break-word; margin: 0px; padding: 0px; outline: 0px; background-color: transparent;\"><span style=\"font-family:宋体;word-wrap: break-word; margin: 0px; padding: 0px; outline: 0px; font-size: 10pt; background-color: transparent;\">直接上级</span></strong></p></td></tr><tr style=\"word-wrap: break-word; margin: 0px; padding: 0px; outline: 0px; background-color: transparent;\"><td style=\"word-wrap: break-word; margin: 0px; padding: 0px; outline: 0px; font-size: 14px; background-color: transparent; list-style-type: none; width: 73pt; height: 24pt;\"><p style=\"word-wrap: break-word; margin: 0px; padding: 0px; outline: 0px; background-color: transparent; list-style-type: none; text-align: center;\"><span style=\"font-family:宋体;word-wrap: break-word; margin: 0px; padding: 0px; outline: 0px; background-color: transparent;\"><span style=\"font-size:16px;word-wrap: break-word; margin: 0px; padding: 0px; outline: 0px; background-color: transparent;\">丁伯超</span></span></p></td><td style=\"word-wrap: break-word; margin: 0px; padding: 0px; outline: 0px; font-size: 14px; background-color: transparent; list-style-type: none; width: 165pt; height: 24pt;\"><p style=\"word-wrap: break-word; margin: 0px; padding: 0px; outline: 0px; background-color: transparent; list-style-type: none; text-align: center;\"><span style=\"font-family:宋体;word-wrap: break-word; margin: 0px; padding: 0px; outline: 0px; background-color: transparent;\"><span style=\"font-size:16px;word-wrap: break-word; margin: 0px; padding: 0px; outline: 0px; background-color: transparent;\">创新应用研发本部</span></span></p></td><td style=\"word-wrap: break-word; margin: 0px; padding: 0px; outline: 0px; font-size: 14px; background-color: transparent; list-style-type: none; width: 110pt; height: 24pt;\"><p style=\"word-wrap: break-word; margin: 0px; padding: 0px; outline: 0px; background-color: transparent; list-style-type: none; text-align: center;\"><span style=\"font-family:宋体;word-wrap: break-word; margin: 0px; padding: 0px; outline: 0px; background-color: transparent;\"><span style=\"font-size:16px;word-wrap: break-word; margin: 0px; padding: 0px; outline: 0px; background-color: transparent;\">开发工具总监</span></span></p></td><td style=\"word-wrap: break-word; margin: 0px; padding: 0px; outline: 0px; font-size: 14px; background-color: transparent; list-style-type: none; width: 63pt; height: 24pt;\"><p style=\"word-wrap: break-word; margin: 0px; padding: 0px; outline: 0px; background-color: transparent; list-style-type: none; text-align: center;\"><span style=\"font-family:宋体;word-wrap: break-word; margin: 0px; padding: 0px; outline: 0px; background-color: transparent;\"><span style=\"font-size:16px;word-wrap: break-word; margin: 0px; padding: 0px; outline: 0px; background-color: transparent;\">4A</span></span></p></td><td style=\"word-wrap: break-word; margin: 0px; padding: 0px; outline: 0px; font-size: 14px; background-color: transparent; list-style-type: none; width: 75pt; height: 24pt;\"><p style=\"word-wrap: break-word; margin: 0px; padding: 0px; outline: 0px; background-color: transparent; list-style-type: none; text-align: center;\"><span style=\"font-family:宋体;word-wrap: break-word; margin: 0px; padding: 0px; outline: 0px; background-color: transparent;\"><span style=\"font-size:16px;word-wrap: break-word; margin: 0px; padding: 0px; outline: 0px; background-color: transparent;\">周昊</span></span></p></td></tr></tbody></table></div><p style=\"word-wrap: break-word; margin: 0px; padding: 0px; outline: 0px; font-size: 14px; list-style-type: none; color: rgb(118, 118, 118); font-family: arial, 宋体; line-height: 24px;\"><span style=\"font-family:宋体;word-wrap: break-word; margin: 0px; padding: 0px; outline: 0px; font-size: 12pt; background-color: transparent;\">&nbsp;</span></p><p style=\"word-wrap: break-word; margin: 0px; padding: 0px; outline: 0px; font-size: 14px; list-style-type: none; color: rgb(118, 118, 118); font-family: arial, 宋体; line-height: 24px;\"><strong style=\"word-wrap: break-word; margin: 0px; padding: 0px; outline: 0px; background-color: transparent;\"><span style=\"font-family:宋体;word-wrap: break-word; margin: 0px; padding: 0px; outline: 0px; font-size: 12pt; background-color: transparent;\">上述任期自发布之日起至2013年12月31日止。</span></strong></p><p style=\"word-wrap: break-word; margin: 0px; padding: 0px; outline: 0px; font-size: 14px; list-style-type: none; color: rgb(118, 118, 118); font-family: arial, 宋体; line-height: 24px;\"><strong style=\"word-wrap: break-word; margin: 0px; padding: 0px; outline: 0px; background-color: transparent;\"><span style=\"word-wrap: break-word; margin: 0px; padding: 0px; outline: 0px; font-size: 12pt; background-color: transparent;\"><span style=\"font-family:Calibri;word-wrap: break-word; margin: 0px; padding: 0px; outline: 0px; background-color: transparent;\">&nbsp;</span></span></strong></p><p style=\"word-wrap: break-word; margin: 0px; padding: 0px; outline: 0px; font-size: 14px; list-style-type: none; color: rgb(118, 118, 118); font-family: arial, 宋体; line-height: 24px;\"><strong style=\"word-wrap: break-word; margin: 0px; padding: 0px; outline: 0px; background-color: transparent;\"><span style=\"word-wrap: break-word; margin: 0px; padding: 0px; outline: 0px; font-size: 12pt; background-color: transparent;\"><span style=\"font-family:Calibri;word-wrap: break-word; margin: 0px; padding: 0px; outline: 0px; background-color: transparent;\">&nbsp;</span></span></strong></p><p style=\"word-wrap: break-word; margin: 0px; padding: 0px; outline: 0px; font-size: 14px; list-style-type: none; color: rgb(118, 118, 118); font-family: arial, 宋体; line-height: 24px;\"><strong style=\"word-wrap: break-word; margin: 0px; padding: 0px; outline: 0px; background-color: transparent;\"><span style=\"word-wrap: break-word; margin: 0px; padding: 0px; outline: 0px; font-size: 12pt; background-color: transparent;\"><span style=\"font-family:Calibri;word-wrap: break-word; margin: 0px; padding: 0px; outline: 0px; background-color: transparent;\">&nbsp;</span></span></strong></p><p style=\"word-wrap: break-word; margin: 0px; padding: 0px; outline: 0px; font-size: 14px; list-style-type: none; color: rgb(118, 118, 118); font-family: arial, 宋体; line-height: 24px;\"><strong style=\"word-wrap: break-word; margin: 0px; padding: 0px; outline: 0px; background-color: transparent;\"><span style=\"font-family:宋体;word-wrap: break-word; margin: 0px; padding: 0px; outline: 0px; font-size: 12pt; background-color: transparent;\">授权：全体</span></strong></p><p style=\"word-wrap: break-word; margin: 0px; padding: 0px; outline: 0px; font-size: 14px; list-style-type: none; color: rgb(118, 118, 118); font-family: arial, 宋体; line-height: 24px;\"><span style=\"font-family:宋体;word-wrap: break-word; margin: 0px; padding: 0px; outline: 0px; background-color: transparent;\"><span style=\"font-size:16px;word-wrap: break-word; margin: 0px; padding: 0px; outline: 0px; background-color: transparent;\">&nbsp;</span></span></p><hr style=\"word-wrap: break-word; margin: 1em 0px; padding: 0px; outline: 0px; font-size: 14px; height: 1px; border-right-width: 0px; border-bottom-width: 0px; border-left-width: 0px; border-top-style: solid; border-top-color: rgb(204, 204, 204); color: rgb(118, 118, 118); font-family: arial, 宋体; line-height: 24px;\" /><p style=\"word-wrap: break-word; margin: 0px; padding: 0px; outline: 0px; font-size: 14px; list-style-type: none; color: rgb(118, 118, 118); font-family: arial, 宋体; line-height: 24px;\"></p><p style=\"word-wrap: break-word; margin: 0px; padding: 0px; outline: 0px; font-size: 14px; list-style-type: none; color: rgb(118, 118, 118); font-family: arial, 宋体; line-height: 24px; text-align: center;\"><img class=\"wordImage\" src=\"http://esn.yonyou.com/js/lib/xheditor/xheditor_skin/blank.gif\" alt=\"\" style=\"word-wrap: break-word; margin: 725.25pt 0px 0px 205.5pt; padding: 0px; outline: 0px; background-color: transparent; border: 0px; vertical-align: top; max-width: 730px; z-index: -251658240; position: absolute; text-align: left; width: 161.75pt; height: 23.9pt; visibility: visible; left: 0px;\" /><img class=\"wordImage\" src=\"http://esn.yonyou.com/js/lib/xheditor/xheditor_skin/blank.gif\" alt=\"\" style=\"word-wrap: break-word; margin: 725.25pt 0px 0px 205.5pt; padding: 0px; outline: 0px; background-color: transparent; border: 0px; vertical-align: top; max-width: 730px; z-index: -251659264; position: absolute; text-align: left; width: 161.75pt; height: 23.9pt; visibility: visible; left: 0px;\" /><img src=\"http://esnimage.uu.com.cn/qz/201212/7/1354846265S852.jpg.thumb.jpg\" alt=\"\" style=\"word-wrap: break-word; margin: 0px; padding: 0px; outline: 0px; background-color: transparent; border: 0px; vertical-align: top; max-width: 730px;\" /></p>','人力资源部','2013-03-26 18:59:42','2013-03-26 18:59:42',1,0,0,0,1,'\0',0),(66,2,2,2,'通知高然如何发公告','<p>高然：你好！</p><p><span style=\"white-space: pre; \">	</span>公告发布是后台功能，请登录 admin.qiater.com&nbsp;</p><p>&nbsp; &nbsp; &nbsp; &nbsp; 登录成功后，选择公告管理-&gt;公告发布。</p>',' 李胜','2013-05-15 14:59:14','2013-05-15 14:59:14',1,0,0,0,1,'\0',0),(67,62,2,6,'高然的测试','<p>高然的测试高然的测试高然的测试高然的测试高然的测试高然的测试高然的测试高然的测试高然的测试高然的测试高然的测试高然的测试高然的测试高然的测试高然的测试高然的测试高然的测试高然的测试高然的测试高然的测试高然的测试高然的测试高然的测试高然的测试高然的测试高然的测试高然的测试高然的测试高然的测试高然的测试高然的测试高然的测试高然的测试高然的测试高然的测试高然的测试高然的测试高然的测试高然的测试高然的测试高然的测试高然的测试高然的测试</p><p>高然的测试高然的测试高然的测试高然的测试</p><p>高然的测试高然的测试</p><p>高然的测试高然的测试高然的测试</p><p><br /></p><p>高然的测试高然的测试高然的测试</p><p>高然的测试高然的测试<br /></p>','','2013-05-15 15:16:45','2013-05-15 15:16:45',1,0,0,0,1,'\0',0),(68,62,2,6,'高然的测试','<p>高然的测试高然的测试高然的测试高然的测试高然的测试高然的测试高然的测试高然的测试高然的测试高然的测试高然的测试高然的测试高然的测试高然的测试高然的测试高然的测试高然的测试高然的测试高然的测试高然的测试高然的测试高然的测试高然的测试高然的测试高然的测试高然的测试高然的测试高然的测试高然的测试高然的测试高然的测试高然的测试高然的测试高然的测试高然的测试高然的测试高然的测试高然的测试高然的测试高然的测试高然的测试高然的测试高然的测试</p><p>高然的测试高然的测试高然的测试高然的测试</p><p>高然的测试高然的测试</p><p>高然的测试高然的测试高然的测试</p><p><br /></p><p>高然的测试高然的测试高然的测试</p><p>高然的测试高然的测试<br /></p>','','2013-05-15 15:17:03','2013-05-15 15:17:03',1,0,0,0,1,'\0',0),(83,0,0,2,'f','f','f','2013-05-15 15:58:34','2013-05-15 15:58:34',1,0,0,0,1,'\0',0),(84,2,2,2,'3333','223433','dd','2013-05-16 08:53:48','2013-05-16 08:53:48',1,0,0,0,1,'\0',0),(85,2,2,2,'aaaaaa','aaaaaa','aaaa','2013-05-16 09:01:54','2013-05-16 09:01:54',1,0,0,0,1,'\0',0);
/*!40000 ALTER TABLE `tb_announce` ENABLE KEYS */;
UNLOCK TABLES;

--
-- Table structure for table `tb_announce_log`
--

DROP TABLE IF EXISTS `tb_announce_log`;
/*!40101 SET @saved_cs_client     = @@character_set_client */;
/*!40101 SET character_set_client = utf8 */;
CREATE TABLE `tb_announce_log` (
  `id` int(11) NOT NULL AUTO_INCREMENT,
  `announceid` int(11) NOT NULL DEFAULT '0' COMMENT '公告ID',
  `operatorid` int(11) NOT NULL DEFAULT '0' COMMENT '操作人ID',
  `operatetime` datetime NOT NULL DEFAULT '0000-00-00 00:00:00' COMMENT '操作时间',
  `operatetype` tinyint(1) NOT NULL DEFAULT '0' COMMENT '操作类型 1:发布、2更新、3撤销、4置顶、5删除',
  PRIMARY KEY (`id`)
) ENGINE=MyISAM AUTO_INCREMENT=65 DEFAULT CHARSET=utf8;
/*!40101 SET character_set_client = @saved_cs_client */;

--
-- Dumping data for table `tb_announce_log`
--

LOCK TABLES `tb_announce_log` WRITE;
/*!40000 ALTER TABLE `tb_announce_log` DISABLE KEYS */;
INSERT INTO `tb_announce_log` VALUES (1,37,2,'2013-03-22 08:56:22',1),(2,37,2,'2013-03-22 08:56:31',3),(3,37,2,'2013-03-22 08:56:34',1),(4,45,2,'2013-03-22 09:02:31',5),(6,48,2,'2013-03-22 09:10:44',1),(7,48,2,'2013-03-22 09:11:17',2),(8,48,2,'2013-03-22 09:11:37',5),(9,47,2,'2013-03-22 09:11:40',5),(10,46,2,'2013-03-22 09:11:43',1),(11,46,2,'2013-03-25 11:09:32',5),(12,49,0,'2013-03-26 18:54:11',1),(13,50,0,'2013-03-26 18:54:22',1),(14,51,0,'2013-03-26 18:54:30',1),(15,52,0,'2013-03-26 18:54:41',1),(16,53,0,'2013-03-26 18:54:50',1),(17,54,0,'2013-03-26 18:54:57',1),(18,55,0,'2013-03-26 18:55:06',1),(19,56,0,'2013-03-26 18:55:14',1),(20,57,0,'2013-03-26 18:55:24',1),(21,58,0,'2013-03-26 18:56:08',1),(22,59,0,'2013-03-26 18:56:32',1),(23,60,0,'2013-03-26 18:58:57',1),(24,61,2,'2013-03-26 18:59:17',1),(25,62,2,'2013-03-26 18:59:23',1),(26,63,2,'2013-03-26 18:59:29',1),(27,64,2,'2013-03-26 18:59:35',1),(28,65,2,'2013-03-26 18:59:42',1),(29,37,2,'2013-03-29 11:16:22',2),(30,60,2,'2013-04-15 11:02:20',3),(31,66,2,'2013-05-15 14:59:14',1),(32,67,62,'2013-05-15 15:16:45',1),(33,68,62,'2013-05-15 15:17:03',1),(34,69,62,'2013-05-15 15:17:03',1),(35,70,62,'2013-05-15 15:17:49',1),(36,71,2,'2013-05-15 15:22:59',1),(37,72,2,'2013-05-15 15:23:13',1),(38,73,2,'2013-05-15 15:25:24',1),(39,74,2,'2013-05-15 15:36:13',1),(40,75,2,'2013-05-15 15:38:31',1),(41,76,2,'2013-05-15 15:39:26',1),(42,75,2,'2013-05-15 15:40:24',5),(43,76,2,'2013-05-15 15:40:53',5),(44,77,2,'2013-05-15 15:42:34',1),(45,78,2,'2013-05-15 15:43:45',1),(46,79,2,'2013-05-15 15:45:16',1),(47,80,2,'2013-05-15 15:46:27',1),(48,79,2,'2013-05-15 15:47:03',5),(49,78,0,'2013-05-15 15:47:33',5),(50,80,2,'2013-05-15 15:47:53',5),(51,77,2,'2013-05-15 15:50:34',5),(52,74,2,'2013-05-15 15:50:37',5),(53,73,2,'2013-05-15 15:50:39',5),(54,72,2,'2013-05-15 15:50:43',5),(55,71,2,'2013-05-15 15:50:46',5),(56,70,2,'2013-05-15 15:52:24',5),(57,81,2,'2013-05-15 15:52:30',1),(58,81,2,'2013-05-15 15:52:35',5),(59,69,2,'2013-05-15 15:53:54',5),(60,82,2,'2013-05-15 15:54:23',1),(61,82,2,'2013-05-15 15:58:08',5),(62,83,0,'2013-05-15 15:58:34',1),(63,84,2,'2013-05-16 08:53:48',1),(64,85,2,'2013-05-16 09:01:54',1);
/*!40000 ALTER TABLE `tb_announce_log` ENABLE KEYS */;
UNLOCK TABLES;

--
-- Table structure for table `tb_announce_type`
--

DROP TABLE IF EXISTS `tb_announce_type`;
/*!40101 SET @saved_cs_client     = @@character_set_client */;
/*!40101 SET character_set_client = utf8 */;
CREATE TABLE `tb_announce_type` (
  `id` int(11) NOT NULL AUTO_INCREMENT,
  `spaceid` int(11) NOT NULL DEFAULT '0' COMMENT '空间ID',
  `name` varchar(128) NOT NULL DEFAULT '' COMMENT '分类名称',
  `sortvalue` tinyint(11) NOT NULL DEFAULT '0' COMMENT '顺序',
  PRIMARY KEY (`id`)
) ENGINE=MyISAM AUTO_INCREMENT=7 DEFAULT CHARSET=utf8;
/*!40101 SET character_set_client = @saved_cs_client */;

--
-- Dumping data for table `tb_announce_type`
--

LOCK TABLES `tb_announce_type` WRITE;
/*!40000 ALTER TABLE `tb_announce_type` DISABLE KEYS */;
INSERT INTO `tb_announce_type` VALUES (2,2,'通知',0),(3,2,'新闻',0),(4,2,'咨询',0),(5,0,'test',0);
/*!40000 ALTER TABLE `tb_announce_type` ENABLE KEYS */;
UNLOCK TABLES;

--
-- Table structure for table `tb_app`
--

DROP TABLE IF EXISTS `tb_app`;
/*!40101 SET @saved_cs_client     = @@character_set_client */;
/*!40101 SET character_set_client = utf8 */;
CREATE TABLE `tb_app` (
  `id` int(11) NOT NULL AUTO_INCREMENT COMMENT 'ID',
  `name` varchar(64) NOT NULL DEFAULT '' COMMENT '应用名称',
  `introduce` text NOT NULL COMMENT '应用简介',
  `type` tinyint(4) NOT NULL DEFAULT '1' COMMENT '类型 0 基础应用 1新增应用',
  `url` varchar(128) NOT NULL DEFAULT '' COMMENT '链接地址',
  `imageurl` varchar(200) NOT NULL DEFAULT '' COMMENT '图片',
  `createtime` datetime NOT NULL DEFAULT '0000-00-00 00:00:00' COMMENT '添加时间',
  `creatorid` int(11) NOT NULL DEFAULT '0' COMMENT '添加者ID',
  `status` tinyint(4) NOT NULL DEFAULT '1' COMMENT '状态 1为正常 0停用',
  `sortvalue` int(11) NOT NULL DEFAULT '0' COMMENT '顺序',
  PRIMARY KEY (`id`)
) ENGINE=MyISAM AUTO_INCREMENT=8 DEFAULT CHARSET=utf8;
/*!40101 SET character_set_client = @saved_cs_client */;

--
-- Dumping data for table `tb_app`
--

LOCK TABLES `tb_app` WRITE;
/*!40000 ALTER TABLE `tb_app` DISABLE KEYS */;
INSERT INTO `tb_app` VALUES (1,'发言','企业微博功能。随时分享信息、更新状态、阅读自己感兴趣的内容，并与你的同事实时交流互动。',0,'','/images/app_speak_small.png','2013-03-21 10:04:26',0,1,0),(2,'日历','日历是基于日历组件继承任务和日程的应用，可以使用此应用安排会议、协调工作等。',0,'/employee/calendar/index.html','/images/app_calendar_small.png','2013-03-25 13:45:36',0,1,0),(3,'任务','工作内容的分配和协调。',0,'/employee/task/index.html','/images/app_task_small.png','2013-03-25 13:46:25',0,1,0),(4,'文库','企业知识管理',0,'/employee/file/index.html','/images/app_library_small.png','2013-04-11 18:33:32',0,1,0),(5,'投票','所有员工都可以发起投票，并可以通过投票结果了解大家的看法。',0,'/employee/vote/index.html','/images/app_vote_small.png','2013-03-25 13:47:16',0,1,0),(6,'签到','签到',0,'/employee/sign/index.html','/images/app_checkin_small.png','2013-03-25 13:47:40',0,1,0),(7,'商品','经销商社区',0,'/employee/goods.xml','/images/app_checkin_small.png','0000-00-00 00:00:00',0,1,0);
/*!40000 ALTER TABLE `tb_app` ENABLE KEYS */;
UNLOCK TABLES;

--
-- Table structure for table `tb_apply`
--

DROP TABLE IF EXISTS `tb_apply`;
/*!40101 SET @saved_cs_client     = @@character_set_client */;
/*!40101 SET character_set_client = utf8 */;
CREATE TABLE `tb_apply` (
  `id` int(11) NOT NULL AUTO_INCREMENT,
  `spaceid` int(11) NOT NULL DEFAULT '0' COMMENT '空间ID',
  `email` varchar(32) NOT NULL DEFAULT '' COMMENT '注册邮箱',
  `password` char(40) NOT NULL DEFAULT '' COMMENT '注册密码',
  `updatetime` datetime NOT NULL DEFAULT '0000-00-00 00:00:00' COMMENT '更新日期',
  `status` tinyint(4) NOT NULL DEFAULT '0' COMMENT '状态  1 待审核  2审核通过 3审核不通过',
  PRIMARY KEY (`id`)
) ENGINE=MyISAM AUTO_INCREMENT=9 DEFAULT CHARSET=utf8;
/*!40101 SET character_set_client = @saved_cs_client */;

--
-- Dumping data for table `tb_apply`
--

LOCK TABLES `tb_apply` WRITE;
/*!40000 ALTER TABLE `tb_apply` DISABLE KEYS */;
INSERT INTO `tb_apply` VALUES (4,1,'newesn@126.com','356a192b7913b04c54574d18c28d46e6395428ab','2013-03-15 12:59:38',0),(5,2,'qiutao@yonyou.com','0b0e888c38680c1be7d40c845bda1d5d38107f79','2013-04-13 11:18:36',1),(6,1,'qiutao@yonyou.com','0b0e888c38680c1be7d40c845bda1d5d38107f79','2013-04-13 11:19:00',1),(7,2,'bishh@chanjet.com','$2y$10$QQW5vF0zZJxSJD4aPmmwyeUkhAGc6vDEG','2013-04-22 16:48:59',0),(8,2,'yuanjinga@chanjet.com','$2y$10$C8ns4xLODJRjcxIEpLGQKONWEwNmHNw0k','2013-04-23 16:34:12',1);
/*!40000 ALTER TABLE `tb_apply` ENABLE KEYS */;
UNLOCK TABLES;

--
-- Table structure for table `tb_calendar_users`
--

DROP TABLE IF EXISTS `tb_calendar_users`;
/*!40101 SET @saved_cs_client     = @@character_set_client */;
/*!40101 SET character_set_client = utf8 */;
CREATE TABLE `tb_calendar_users` (
  `id` int(11) NOT NULL AUTO_INCREMENT,
  `spaceid` int(11) NOT NULL DEFAULT '0' COMMENT '空间ID',
  `providerid` int(11) NOT NULL DEFAULT '0' COMMENT '数据提供者ID',
  `recieverid` int(11) NOT NULL DEFAULT '0' COMMENT '数据接收者ID',
  `type` tinyint(4) NOT NULL DEFAULT '0' COMMENT '1关注关系  2共享关系',
  `sortvalue` int(11) NOT NULL DEFAULT '0' COMMENT '排序码',
  PRIMARY KEY (`id`)
) ENGINE=MyISAM AUTO_INCREMENT=4 DEFAULT CHARSET=utf8;
/*!40101 SET character_set_client = @saved_cs_client */;

--
-- Dumping data for table `tb_calendar_users`
--

LOCK TABLES `tb_calendar_users` WRITE;
/*!40000 ALTER TABLE `tb_calendar_users` DISABLE KEYS */;
INSERT INTO `tb_calendar_users` VALUES (1,2,2,47,1,2),(2,2,3,47,2,0),(3,2,4,47,1,1);
/*!40000 ALTER TABLE `tb_calendar_users` ENABLE KEYS */;
UNLOCK TABLES;

--
-- Table structure for table `tb_company`
--

DROP TABLE IF EXISTS `tb_company`;
/*!40101 SET @saved_cs_client     = @@character_set_client */;
/*!40101 SET character_set_client = utf8 */;
CREATE TABLE `tb_company` (
  `id` int(11) NOT NULL AUTO_INCREMENT,
  `name` varchar(64) NOT NULL DEFAULT '',
  `simplename` varchar(32) NOT NULL DEFAULT '',
  `createtime` datetime NOT NULL DEFAULT '0000-00-00 00:00:00',
  PRIMARY KEY (`id`)
) ENGINE=MyISAM AUTO_INCREMENT=50 DEFAULT CHARSET=utf8;
/*!40101 SET character_set_client = @saved_cs_client */;

--
-- Dumping data for table `tb_company`
--

LOCK TABLES `tb_company` WRITE;
/*!40000 ALTER TABLE `tb_company` DISABLE KEYS */;
INSERT INTO `tb_company` VALUES (1,'用友软件集团','用友','2013-03-14 13:59:32'),(2,'畅捷通信息技术股份有限公司','畅捷通','2013-03-14 16:38:45'),(3,'百度云','百度云','2013-04-26 12:34:38'),(31,'qiutaoqiutao','qiutaoqiutao','2013-04-13 11:23:05'),(36,'易优科技','eYou','2013-04-26 11:27:49'),(37,'USA','USA','2013-05-13 13:35:55'),(38,'T+主空间','T+主空间','2013-05-13 13:37:29'),(39,'T+经销商社区','T+经销商社区','2013-05-13 13:39:09'),(40,'USA','USA','2013-05-13 13:39:39'),(41,'USA','USA','2013-05-13 14:08:21'),(42,'福建电信','福建电信','2013-05-14 10:12:33'),(43,'中国电信','中国电信','2013-05-14 10:45:25'),(44,'畅捷车站','畅捷车站','2013-05-14 10:55:10'),(45,'高然的测试','高然的测试','2013-05-17 10:47:26'),(46,'高然的测试2','高然的测试2','2013-05-17 10:57:19'),(47,'大熊猫公司','大熊猫','2013-05-20 10:42:09'),(48,'大熊猫公司1','大熊猫1','2013-05-20 10:42:18'),(49,'成都杰创普信信息技术有限公司','成都杰创','2013-05-28 10:10:40');
/*!40000 ALTER TABLE `tb_company` ENABLE KEYS */;
UNLOCK TABLES;

--
-- Table structure for table `tb_dept`
--

DROP TABLE IF EXISTS `tb_dept`;
/*!40101 SET @saved_cs_client     = @@character_set_client */;
/*!40101 SET character_set_client = utf8 */;
CREATE TABLE `tb_dept` (
  `id` int(11) NOT NULL AUTO_INCREMENT,
  `spaceid` int(11) NOT NULL DEFAULT '0',
  `parentid` int(11) NOT NULL DEFAULT '0',
  `ancestorids` varchar(128) NOT NULL DEFAULT '' COMMENT '祖先序列IDs',
  `level` smallint(6) NOT NULL DEFAULT '0',
  `name` varchar(128) NOT NULL DEFAULT '' COMMENT '名称',
  `sortvalue` smallint(6) NOT NULL DEFAULT '0',
  `isleaf` bit(1) NOT NULL DEFAULT b'0',
  `createdate` date NOT NULL DEFAULT '0000-00-00' COMMENT '创建日期',
  `canceldate` date NOT NULL DEFAULT '0000-00-00' COMMENT '撤销日期',
  `managerid` int(11) NOT NULL DEFAULT '0' COMMENT '负责人ID',
  `remark` varchar(256) NOT NULL DEFAULT '',
  `status` tinyint(4) NOT NULL DEFAULT '1' COMMENT '状态(1为正常 2为撤销 3为删除)',
  PRIMARY KEY (`id`)
) ENGINE=MyISAM AUTO_INCREMENT=43 DEFAULT CHARSET=utf8 COMMENT='部门表';
/*!40101 SET character_set_client = @saved_cs_client */;

--
-- Dumping data for table `tb_dept`
--

LOCK TABLES `tb_dept` WRITE;
/*!40000 ALTER TABLE `tb_dept` DISABLE KEYS */;
INSERT INTO `tb_dept` VALUES (1,2,0,'|',0,'畅捷通空间',0,'\0','2013-03-03','0000-00-00',1,'',1),(2,2,1,'|1|',1,'畅捷通',0,'\0','2013-03-04','0000-00-00',1,'',1),(3,2,2,'|1|2|',2,'协同云事业部',0,'\0','2013-03-05','0000-00-00',1,'',1),(39,2,2,'|1|2|',2,'管理云事业部',0,'','2013-03-22','0000-00-00',4,'',1),(40,2,2,'|1|2|',2,'税务云事业部',0,'','2013-03-22','0000-00-00',3,'',1),(41,2,3,'|1|2|3|',3,'协同云研发部',0,'','2013-03-22','0000-00-00',3,'',1),(42,2,3,'|1|2|3|',3,'协同云运营部',0,'','2013-03-22','0000-00-00',3,'',1);
/*!40000 ALTER TABLE `tb_dept` ENABLE KEYS */;
UNLOCK TABLES;

--
-- Table structure for table `tb_dept_job`
--

DROP TABLE IF EXISTS `tb_dept_job`;
/*!40101 SET @saved_cs_client     = @@character_set_client */;
/*!40101 SET character_set_client = utf8 */;
CREATE TABLE `tb_dept_job` (
  `id` int(11) NOT NULL AUTO_INCREMENT COMMENT 'ID ',
  `deptid` int(11) NOT NULL COMMENT '部门ID',
  `jobid` int(11) NOT NULL COMMENT '岗位ID',
  PRIMARY KEY (`id`)
) ENGINE=MyISAM DEFAULT CHARSET=utf8;
/*!40101 SET character_set_client = @saved_cs_client */;

--
-- Dumping data for table `tb_dept_job`
--

LOCK TABLES `tb_dept_job` WRITE;
/*!40000 ALTER TABLE `tb_dept_job` DISABLE KEYS */;
/*!40000 ALTER TABLE `tb_dept_job` ENABLE KEYS */;
UNLOCK TABLES;

--
-- Table structure for table `tb_emailtask`
--

DROP TABLE IF EXISTS `tb_emailtask`;
/*!40101 SET @saved_cs_client     = @@character_set_client */;
/*!40101 SET character_set_client = utf8 */;
CREATE TABLE `tb_emailtask` (
  `id` int(11) NOT NULL AUTO_INCREMENT,
  `spaceid` int(11) NOT NULL DEFAULT '0' COMMENT '空间ID',
  `title` varchar(256) NOT NULL DEFAULT '' COMMENT '邮件标题',
  `content` text NOT NULL COMMENT '邮件内容',
  `createtime` datetime NOT NULL DEFAULT '0000-00-00 00:00:00' COMMENT '创建时间',
  `level` tinyint(4) NOT NULL DEFAULT '0' COMMENT '优先级，数字越大优先级越高',
  PRIMARY KEY (`id`)
) ENGINE=MyISAM DEFAULT CHARSET=utf8;
/*!40101 SET character_set_client = @saved_cs_client */;

--
-- Dumping data for table `tb_emailtask`
--

LOCK TABLES `tb_emailtask` WRITE;
/*!40000 ALTER TABLE `tb_emailtask` DISABLE KEYS */;
/*!40000 ALTER TABLE `tb_emailtask` ENABLE KEYS */;
UNLOCK TABLES;

--
-- Table structure for table `tb_emailtask_queue`
--

DROP TABLE IF EXISTS `tb_emailtask_queue`;
/*!40101 SET @saved_cs_client     = @@character_set_client */;
/*!40101 SET character_set_client = utf8 */;
CREATE TABLE `tb_emailtask_queue` (
  `id` int(11) NOT NULL AUTO_INCREMENT,
  `emailtaskid` int(11) NOT NULL DEFAULT '0' COMMENT '邮件id',
  `toemail` varchar(64) NOT NULL DEFAULT '' COMMENT '目标用户email',
  PRIMARY KEY (`id`)
) ENGINE=MyISAM DEFAULT CHARSET=utf8;
/*!40101 SET character_set_client = @saved_cs_client */;

--
-- Dumping data for table `tb_emailtask_queue`
--

LOCK TABLES `tb_emailtask_queue` WRITE;
/*!40000 ALTER TABLE `tb_emailtask_queue` DISABLE KEYS */;
/*!40000 ALTER TABLE `tb_emailtask_queue` ENABLE KEYS */;
UNLOCK TABLES;

--
-- Table structure for table `tb_employee`
--

DROP TABLE IF EXISTS `tb_employee`;
/*!40101 SET @saved_cs_client     = @@character_set_client */;
/*!40101 SET character_set_client = utf8 */;
CREATE TABLE `tb_employee` (
  `id` int(11) NOT NULL AUTO_INCREMENT,
  `spaceid` int(11) NOT NULL DEFAULT '0',
  `personid` int(11) NOT NULL DEFAULT '0',
  `roleid` int(11) NOT NULL DEFAULT '-1' COMMENT '空间管理员 角色ID',
  `no` varchar(12) NOT NULL DEFAULT '' COMMENT '工号',
  `name` varchar(32) NOT NULL DEFAULT '' COMMENT '姓名',
  `nickname` varchar(32) NOT NULL DEFAULT '' COMMENT '昵称，别名',
  `employdate` date NOT NULL DEFAULT '0000-00-00' COMMENT '入职日期',
  `quitdate` date NOT NULL DEFAULT '0000-00-00' COMMENT '离职日期',
  `sex` tinyint(4) NOT NULL DEFAULT '0' COMMENT '0：未知；1：男；2：女',
  `email` varchar(32) NOT NULL DEFAULT '' COMMENT '登录邮箱',
  `mobile` varchar(32) NOT NULL DEFAULT '' COMMENT '手机',
  `phone` varchar(32) NOT NULL DEFAULT '' COMMENT '办公电话',
  `duty` varchar(64) NOT NULL DEFAULT '' COMMENT '职务',
  `homeplaceid` int(11) NOT NULL DEFAULT '0' COMMENT '家乡ID',
  `workplaceid` int(11) NOT NULL DEFAULT '0' COMMENT '工作地',
  `birthday` date NOT NULL DEFAULT '0000-00-00' COMMENT '出生日期',
  `identity` tinyint(4) NOT NULL DEFAULT '0' COMMENT '0：未知；1：身份证；2：军官证；3：护照；4：其他',
  `identityno` varchar(32) NOT NULL DEFAULT '' COMMENT '证件号码',
  `qq` varchar(32) NOT NULL DEFAULT '',
  `msn` varchar(32) NOT NULL DEFAULT '' COMMENT 'MSN或Skype',
  `introduce` varchar(256) NOT NULL DEFAULT '' COMMENT '个人介绍',
  `imageid` int(11) NOT NULL DEFAULT '0' COMMENT '头像引用ID',
  `imageurl` varchar(256) NOT NULL DEFAULT '' COMMENT '图片的引用地址',
  `jobid` int(11) NOT NULL DEFAULT '0' COMMENT '岗位ID',
  `deptid` int(11) NOT NULL DEFAULT '0' COMMENT '部门ID',
  `leaderid` int(11) NOT NULL DEFAULT '0' COMMENT '直接上级ID',
  `remark` varchar(256) NOT NULL DEFAULT '' COMMENT '备注',
  `firstletter` char(1) NOT NULL DEFAULT '' COMMENT '员工姓名首字母',
  `status` tinyint(4) NOT NULL DEFAULT '0' COMMENT '状态  未激活0   正常1   停用2',
  `createtime` datetime NOT NULL DEFAULT '0000-00-00 00:00:00' COMMENT '加入时间',
  `constellation` varchar(4) NOT NULL DEFAULT '' COMMENT '星座',
  `bloodgroups` varchar(4) NOT NULL DEFAULT '' COMMENT '血型',
  `weibo` varchar(128) NOT NULL DEFAULT '' COMMENT '微博',
  PRIMARY KEY (`id`)
) ENGINE=MyISAM AUTO_INCREMENT=101 DEFAULT CHARSET=utf8 COMMENT='员工信息表';
/*!40101 SET character_set_client = @saved_cs_client */;

--
-- Dumping data for table `tb_employee`
--

LOCK TABLES `tb_employee` WRITE;
/*!40000 ALTER TABLE `tb_employee` DISABLE KEYS */;
INSERT INTO `tb_employee` VALUES (2,2,1,0,'2','李胜','victorylee','0000-00-00','0000-00-00',0,'lishengb@chanjet.com','18910888128','13566668888','研发-水平-产品管理',0,0,'0000-00-00',0,'','','','',2,'avatar/000/00/00/02.jpg',5,41,1,'','l',1,'0000-00-00 00:00:00','','',''),(3,2,47,-1,'3','孟涛','','0000-00-00','0000-00-00',0,'lisheng28126@126.com','13666668888','','员工',0,0,'1899-11-15',0,'','','','',0,'avatar/000/00/00/02.jpg',1,3,2,'','',1,'0000-00-00 00:00:00','','',''),(4,2,0,-1,'4','张强','','0000-00-00','0000-00-00',0,'333@chanjet.com','','','员工',0,0,'0000-00-00',0,'','','','',0,'avatar/000/00/00/30.jpg',0,3,0,'','',1,'0000-00-00 00:00:00','','',''),(30,2,2,-1,'5','李 驍','胖子','2009-07-21','2100-12-31',0,'lixiao1@chanjet.com','','','员工',0,0,'1985-06-20',0,'','','','2312',0,'avatar/000/00/00/30.jpg',5,3,0,'','l',1,'0000-00-00 00:00:00','','',''),(31,2,72,-1,'6','于景晨','','0000-00-00','0000-00-00',0,'yjc@chanjet.com','','','员工',0,0,'0000-00-00',0,'','','','',0,'avatar/000/00/00/02.jpg',0,3,0,'','',1,'0000-00-00 00:00:00','','',''),(32,2,0,-1,'32','茹海','','0000-00-00','0000-00-00',0,'rh@chanjet.com','','','总经理',0,0,'0000-00-00',0,'','','','',0,'avatar/000/00/00/02.jpg',1,3,0,'','',1,'0000-00-00 00:00:00','','',''),(38,39,73,-1,'38','张俊兴','','0000-00-00','0000-00-00',0,'zhangjxd@chanjet.com','','','',0,0,'0000-00-00',0,'','','','',0,'avatar/000/00/00/02.jpg',5,41,0,'','',1,'0000-00-00 00:00:00','','',''),(39,38,73,-1,'39','张俊兴','','0000-00-00','0000-00-00',1,'zhangjxd@chanjet.com','','','',0,0,'0000-00-00',0,'','','','',0,'avatar/000/00/00/02.jpg',4,39,0,'','',1,'0000-00-00 00:00:00','','',''),(40,2,59,-1,'37','翟延彬','打手','2013-04-01','0000-00-00',0,'zhaiyb@chanjet.com','','','打手',0,0,'2013-03-31',0,'','','','',0,'avatar/000/00/00/40.jpg',0,41,0,'','z',1,'2013-03-26 16:32:34','','',''),(46,154,65,-1,'','无名','','0000-00-00','0000-00-00',0,'qiutao@yonyou.com','','','',0,0,'0000-00-00',0,'','','','',0,'avatar/000/00/00/02.jpg',0,41,0,'','',1,'2013-04-13 11:23:05','','',''),(47,2,65,-1,'','邱韬','','0000-00-00','0000-00-00',0,'qiutao@chanjet.com','','','员工',0,0,'0000-00-00',0,'','','','',0,'avatar/000/00/00/02.jpg',0,0,0,'','',1,'0000-00-00 00:00:00','','',''),(48,2,71,-1,'','袁婧','','0000-00-00','0000-00-00',0,'yuanjinga@chanjet.com','','','',0,0,'0000-00-00',0,'','','','',0,'avatar/000/00/00/02.jpg',0,0,0,'','',1,'0000-00-00 00:00:00','','',''),(51,2,68,-1,'','何金龙','','0000-00-00','0000-00-00',0,'hejl@chanjet.com','18910888313','','yanfa',0,0,'0000-00-00',0,'','','','',0,'avatar/000/00/00/02.jpg',0,41,0,'','',1,'2013-04-26 09:29:09','','',''),(52,2,69,-1,'','毕胜华','','0000-00-00','0000-00-00',0,'bsh','','','',0,0,'0000-00-00',0,'','','','',0,'avatar/000/00/00/02.jpg',0,0,0,'','',1,'2013-04-26 09:31:48','','',''),(53,2,70,-1,'','石英','','0000-00-00','0000-00-00',0,'shiying@chanjet.com','','','研发-水平-产品管理',0,0,'0000-00-00',0,'','','','简介简介简介11111sddddd是到和和呵呵呵和和呵呵呵和和呵呵呵和和呵呵呵和和呵呵呵十点多速度速度顶顶顶顶顶和和呵呵呵和和呵呵呵和和呵呵呵和和呵呵呵和和呵呵呵和和呵呵呵',0,'avatar/000/00/00/02.jpg',0,41,0,'','',1,'2013-04-26 09:38:25','','',''),(56,159,76,0,'','李骁N','','0000-00-00','0000-00-00',0,'lixiao1@ufida.com.cn','','','',0,0,'0000-00-00',0,'','','','',0,'avatar/000/00/00/02.jpg',0,0,0,'','',1,'2013-04-26 11:27:49','','',''),(57,2,145,-1,'','李骁B','','0000-00-00','0000-00-00',0,'lixiao1@yonyou.com','','','',0,0,'0000-00-00',0,'','','','',0,'avatar/000/00/00/02.jpg',0,0,0,'','',0,'2013-05-20 16:31:07','','',''),(58,1,148,-1,'','李骁A','','0000-00-00','0000-00-00',0,'lixiao1@yonyou.com','','','',0,0,'0000-00-00',0,'','','','',0,'avatar/000/00/00/58.jpg',0,0,0,'','',1,'2013-05-20 16:36:14','','',''),(59,3,148,-1,'','catq','','0000-00-00','0000-00-00',0,'lixiao1@yonyou.com','','','',0,0,'0000-00-00',0,'','','','',0,'avatar/000/00/00/58.jpg',0,0,0,'','',1,'2013-05-20 16:36:14','','',''),(60,2,93,-1,'','秦兆宏','','0000-00-00','0000-00-00',0,'qzh@chanjet.com','','','',0,0,'0000-00-00',0,'','','','',0,'avatar/000/00/00/02.jpg',0,0,0,'','',1,'2013-05-09 10:57:11','','',''),(61,2,94,-1,'','周英','','0000-00-00','0000-00-00',0,'zhouyinga@chanjet.com','','','',0,0,'0000-00-00',0,'','','','',0,'avatar/000/00/00/02.jpg',0,0,0,'','',1,'2013-05-09 10:57:52','','',''),(62,2,95,0,'','高然','','0000-00-00','0000-00-00',0,'gaoran1@chanjet.com','','','',0,0,'0000-00-00',0,'','','','',0,'avatar/000/00/00/02.jpg',0,0,0,'','',1,'2013-05-09 10:58:31','','',''),(63,1,97,-1,'','master','','0000-00-00','0000-00-00',0,'master@wp802009','','','',0,0,'0000-00-00',0,'','','','',0,'avatar/000/00/00/02.jpg',0,0,0,'','',0,'2013-04-26 09:31:48','','',''),(64,160,105,0,'','无名1','','0000-00-00','0000-00-00',0,'master@apple01','','','',0,0,'0000-00-00',0,'','','','',0,'avatar/000/00/00/02.jpg',0,0,0,'','',1,'2013-05-13 13:35:55','','',''),(65,161,106,0,'','无名2','','0000-00-00','0000-00-00',0,'master@apple01','','','',0,0,'0000-00-00',0,'','','','',0,'avatar/000/00/00/02.jpg',0,0,0,'','',1,'2013-05-13 13:37:29','','',''),(66,162,107,0,'','无名3','','0000-00-00','0000-00-00',0,'master@apple01','','','',0,0,'0000-00-00',0,'','','','',0,'avatar/000/00/00/02.jpg',0,0,0,'','',1,'2013-05-13 13:39:09','','',''),(67,163,108,0,'','无名4','','0000-00-00','0000-00-00',0,'master@apple01','','','',0,0,'0000-00-00',0,'','','','',0,'avatar/000/00/00/02.jpg',0,0,0,'','',1,'2013-05-13 13:39:39','','',''),(74,164,117,0,'','无名5','','0000-00-00','0000-00-00',0,'master@apple01','','','',0,0,'0000-00-00',0,'','','','',0,'avatar/000/00/00/02.jpg',0,0,0,'','',1,'2013-05-13 14:08:21','','',''),(80,1,0,0,'','无名6','','0000-00-00','0000-00-00',0,'sddx0919@wp802009','','','',0,0,'0000-00-00',0,'','','','',0,'avatar/000/00/00/02.jpg',0,0,0,'','',1,'2013-05-13 14:12:41','','',''),(85,1,127,0,'','无名7','','0000-00-00','0000-00-00',0,'test1@wp802009','','','',0,0,'0000-00-00',0,'','','','',0,'avatar/000/00/00/02.jpg',0,0,0,'','',1,'2013-05-13 14:47:44','','',''),(87,165,129,0,'','master','','0000-00-00','0000-00-00',0,'master@banana','','','',0,0,'0000-00-00',0,'','','','',0,'avatar/000/00/00/02.jpg',0,0,0,'','',1,'2013-05-14 10:12:33','','',''),(88,166,130,0,'','master','','0000-00-00','0000-00-00',0,'master@cat','','','',0,0,'0000-00-00',0,'','','','',0,'avatar/000/00/00/02.jpg',0,0,0,'','',1,'2013-05-14 10:45:25','','',''),(89,167,131,0,'','无名8','','0000-00-00','0000-00-00',0,'hl722324@gmail.com','','','',0,0,'0000-00-00',0,'','','','',0,'avatar/000/00/00/02.jpg',0,0,0,'','',1,'2013-05-14 10:55:10','','',''),(90,1,132,0,'','chenting','','0000-00-00','0000-00-00',0,'test3@wp802009','','','',0,0,'0000-00-00',0,'','','','',0,'avatar/000/00/00/02.jpg',0,0,0,'','',1,'2013-05-15 08:55:22','','',''),(91,2,133,0,'','李宏宇','','0000-00-00','0000-00-00',0,'lihy4@chanjet.com','','','',0,0,'0000-00-00',0,'','','','大时代、小生活、走你┏ (゜ω゜)=☞ 字数限制？？测试 啦啦啦咯咯咯 嘎嘎嘎  ~(≧▽≦)/~啦啦啦',0,'avatar/000/00/00/91.jpg',0,0,0,'','',1,'0000-00-00 00:00:00','','',''),(92,168,134,0,'','','','0000-00-00','0000-00-00',0,'1003542666@qq.com','','','',0,0,'0000-00-00',0,'','','','',0,'',0,0,0,'','',1,'2013-05-17 10:47:26','','',''),(93,169,135,0,'','','','0000-00-00','0000-00-00',0,'daijwa@chanjet.com','','','',0,0,'0000-00-00',0,'','','','',0,'',0,0,0,'','',1,'2013-05-17 10:57:19','','',''),(94,170,136,0,'','','','0000-00-00','0000-00-00',0,'1147515796@qq.com','','','',0,0,'0000-00-00',0,'','','','',0,'',0,0,0,'','',1,'2013-05-20 10:42:09','','',''),(95,171,137,0,'','','','0000-00-00','0000-00-00',0,'1147515796@qq.com','','','',0,0,'0000-00-00',0,'','','','',0,'',0,0,0,'','',1,'2013-05-20 10:42:18','','',''),(96,1,146,0,'','','','0000-00-00','0000-00-00',0,'lixiao1@yonyou.com','','','',0,0,'0000-00-00',0,'','','','',0,'',0,0,0,'','',1,'2013-05-20 16:32:11','','',''),(97,1,147,0,'','','','0000-00-00','0000-00-00',0,'lixiao1@yonyou.com','','','',0,0,'0000-00-00',0,'','','','',0,'',0,0,0,'','',1,'2013-05-20 16:33:31','','',''),(98,1,149,0,'','','','0000-00-00','0000-00-00',0,'lixiao1@yonyou.com','','','',0,0,'0000-00-00',0,'','','','',0,'',0,0,0,'','',1,'2013-05-20 16:46:32','','',''),(99,1,150,0,'','','','0000-00-00','0000-00-00',0,'lixiao1@yonyou.com','','','',0,0,'0000-00-00',0,'','','','',0,'',0,0,0,'','',1,'2013-05-20 16:49:25','','',''),(100,172,151,0,'','','','0000-00-00','0000-00-00',0,'178218405@qq.com','','','',0,0,'0000-00-00',0,'','','','',0,'',0,0,0,'','',1,'2013-05-28 10:10:40','','','');
/*!40000 ALTER TABLE `tb_employee` ENABLE KEYS */;
UNLOCK TABLES;

--
-- Table structure for table `tb_feed`
--

DROP TABLE IF EXISTS `tb_feed`;
/*!40101 SET @saved_cs_client     = @@character_set_client */;
/*!40101 SET character_set_client = utf8 */;
CREATE TABLE `tb_feed` (
  `id` int(11) NOT NULL AUTO_INCREMENT,
  `spaceid` int(11) NOT NULL DEFAULT '0' COMMENT '空间ID',
  `creatorid` int(11) NOT NULL DEFAULT '0' COMMENT '创建人ID',
  `targetid` int(11) NOT NULL DEFAULT '0' COMMENT '产生动态的对象id',
  `module` tinyint(4) NOT NULL DEFAULT '0' COMMENT '产生动态的对象类型',
  `template` int(11) NOT NULL DEFAULT '0' COMMENT '动态标识,用于寻找动态模板',
  `groupid` int(11) NOT NULL DEFAULT '0' COMMENT '群组id',
  `isprivate` bit(1) NOT NULL DEFAULT b'0' COMMENT '是否私密  0公开 1私密',
  `createtime` datetime NOT NULL DEFAULT '0000-00-00 00:00:00' COMMENT '创建时间',
  `updatetime` datetime NOT NULL DEFAULT '0000-00-00 00:00:00' COMMENT '最后更新时间',
  `toptime` datetime NOT NULL DEFAULT '0000-00-00 00:00:00' COMMENT '置顶时间  非置顶动态为默认值 0000-00-00 00：00：00 置顶动态为置顶的操作时间',
  PRIMARY KEY (`id`)
) ENGINE=MyISAM AUTO_INCREMENT=485 DEFAULT CHARSET=utf8;
/*!40101 SET character_set_client = @saved_cs_client */;

--
-- Dumping data for table `tb_feed`
--

LOCK TABLES `tb_feed` WRITE;
/*!40000 ALTER TABLE `tb_feed` DISABLE KEYS */;
INSERT INTO `tb_feed` VALUES (1,2,2,31,109,7,0,'\0','0000-00-00 00:00:00','0000-00-00 00:00:00','0000-00-00 00:00:00'),(2,2,2,31,109,7,0,'\0','0000-00-00 00:00:00','0000-00-00 00:00:00','0000-00-00 00:00:00'),(3,2,2,53,109,109101,38,'\0','0000-00-00 00:00:00','0000-00-00 00:00:00','0000-00-00 00:00:00'),(4,2,2,54,109,109101,38,'\0','0000-00-00 00:00:00','0000-00-00 00:00:00','0000-00-00 00:00:00'),(5,2,2,54,109,109101,38,'\0','0000-00-00 00:00:00','0000-00-00 00:00:00','0000-00-00 00:00:00'),(6,2,2,55,109,109105,0,'\0','0000-00-00 00:00:00','0000-00-00 00:00:00','0000-00-00 00:00:00'),(7,2,2,55,109,109105,0,'\0','0000-00-00 00:00:00','0000-00-00 00:00:00','0000-00-00 00:00:00'),(9,2,2,56,109,109104,0,'\0','0000-00-00 00:00:00','0000-00-00 00:00:00','0000-00-00 00:00:00'),(10,2,2,56,109,109105,0,'\0','0000-00-00 00:00:00','0000-00-00 00:00:00','0000-00-00 00:00:00'),(14,2,2,56,109,109105,0,'\0','2013-04-24 10:15:56','2013-04-24 10:15:56','0000-00-00 00:00:00'),(16,2,2,56,109,109105,0,'\0','2013-04-24 10:25:08','2013-04-24 10:25:08','0000-00-00 00:00:00'),(17,2,2,56,109,109105,0,'\0','2013-04-24 10:25:42','2013-04-24 10:25:42','0000-00-00 00:00:00'),(18,2,2,56,109,109105,0,'\0','2013-04-24 10:27:33','2013-04-24 10:27:33','0000-00-00 00:00:00'),(19,2,2,56,109,109105,0,'\0','2013-04-24 10:27:35','2013-04-24 10:27:35','0000-00-00 00:00:00'),(20,2,2,56,109,109105,0,'\0','2013-04-24 10:27:36','2013-04-24 10:27:36','0000-00-00 00:00:00'),(21,2,2,56,109,109105,0,'\0','2013-04-24 10:27:36','2013-04-24 10:27:36','0000-00-00 00:00:00'),(22,2,2,56,109,109105,0,'\0','2013-04-24 10:27:36','2013-04-24 10:27:36','0000-00-00 00:00:00'),(23,2,2,56,109,109105,0,'\0','2013-04-24 10:33:14','2013-04-24 10:33:14','0000-00-00 00:00:00'),(24,2,2,56,109,109105,0,'\0','2013-04-24 10:33:14','2013-04-24 10:33:14','0000-00-00 00:00:00'),(25,2,2,56,109,109105,0,'\0','2013-04-24 10:33:40','2013-04-24 10:33:40','0000-00-00 00:00:00'),(26,2,2,56,109,109105,0,'\0','2013-04-24 10:33:40','2013-04-24 10:33:40','0000-00-00 00:00:00'),(27,2,2,56,109,109105,0,'\0','2013-04-24 10:34:20','2013-04-24 10:34:20','0000-00-00 00:00:00'),(28,2,2,56,109,109105,0,'\0','2013-04-24 10:34:20','2013-04-24 10:34:20','0000-00-00 00:00:00'),(29,2,2,56,109,109105,0,'\0','2013-04-24 10:34:55','2013-04-24 10:34:55','0000-00-00 00:00:00'),(30,2,2,56,109,109105,0,'\0','2013-04-24 10:34:55','2013-04-24 10:34:55','0000-00-00 00:00:00'),(31,2,2,56,109,109105,0,'\0','2013-04-24 10:35:47','2013-04-24 10:35:47','0000-00-00 00:00:00'),(32,2,2,56,109,109105,0,'\0','2013-04-24 10:38:00','2013-04-24 10:38:00','0000-00-00 00:00:00'),(33,2,2,56,109,109105,0,'\0','2013-04-24 10:41:42','2013-04-24 10:41:42','0000-00-00 00:00:00'),(34,2,2,56,109,109105,0,'\0','2013-04-24 10:53:28','2013-04-24 10:53:28','0000-00-00 00:00:00'),(35,2,2,56,109,109105,0,'\0','2013-04-24 10:55:49','2013-04-24 10:55:49','0000-00-00 00:00:00'),(37,2,2,4,103,103101,50,'\0','2013-04-25 13:34:53','2013-04-25 13:34:53','0000-00-00 00:00:00'),(38,2,2,5,103,103101,50,'\0','2013-04-25 13:36:28','2013-04-25 13:36:28','0000-00-00 00:00:00'),(39,2,2,6,103,103101,50,'\0','2013-04-25 13:39:20','2013-04-25 13:39:20','0000-00-00 00:00:00'),(40,2,2,7,103,103101,1,'\0','2013-04-25 15:51:54','2013-04-25 15:51:54','0000-00-00 00:00:00'),(41,2,48,12,107,107101,0,'','2013-04-26 14:35:57','2013-04-26 14:35:57','0000-00-00 00:00:00'),(42,2,51,46,108,108101,46,'\0','2013-04-26 16:11:42','2013-04-26 16:11:42','0000-00-00 00:00:00'),(44,2,48,14,107,107101,0,'','2013-04-27 11:18:13','2013-04-27 11:18:13','0000-00-00 00:00:00'),(45,2,48,15,107,107101,0,'','2013-04-27 13:31:49','2013-04-27 13:31:49','0000-00-00 00:00:00'),(46,2,30,16,107,107101,0,'','2013-04-27 14:30:58','2013-04-27 14:30:58','0000-00-00 00:00:00'),(47,2,30,17,107,107101,0,'','2013-04-27 14:31:25','2013-04-27 14:31:25','0000-00-00 00:00:00'),(48,2,48,18,107,107101,0,'','2013-04-27 15:49:08','2013-04-27 15:49:08','0000-00-00 00:00:00'),(49,2,53,119,109,109105,0,'\0','2013-04-27 15:58:22','2013-04-27 15:58:22','0000-00-00 00:00:00'),(50,2,53,119,109,109105,0,'\0','2013-04-27 15:58:22','2013-04-27 15:58:22','0000-00-00 00:00:00'),(51,2,53,119,109,109105,0,'\0','2013-04-27 15:58:22','2013-04-27 15:58:22','0000-00-00 00:00:00'),(52,2,53,119,109,109105,0,'\0','2013-04-27 15:58:22','2013-04-27 15:58:22','0000-00-00 00:00:00'),(53,2,53,124,109,109101,0,'\0','2013-04-27 16:21:03','2013-04-27 16:21:03','0000-00-00 00:00:00'),(54,2,53,125,109,109101,0,'\0','2013-04-28 10:05:29','2013-04-28 10:05:29','0000-00-00 00:00:00'),(55,2,53,46,108,108102,46,'\0','2013-04-28 10:06:27','2013-04-28 10:06:27','0000-00-00 00:00:00'),(56,2,53,45,108,108102,45,'\0','2013-04-28 10:06:30','2013-04-28 10:06:30','0000-00-00 00:00:00'),(57,2,53,44,108,108102,44,'\0','2013-04-28 10:06:31','2013-04-28 10:06:31','0000-00-00 00:00:00'),(58,2,53,140,109,109101,0,'\0','2013-04-28 11:23:40','2013-04-28 11:23:40','0000-00-00 00:00:00'),(59,2,53,141,109,109101,0,'\0','2013-04-28 13:32:19','2013-04-28 13:32:19','0000-00-00 00:00:00'),(60,2,53,142,109,109101,0,'\0','2013-04-28 13:39:30','2013-04-28 13:39:30','0000-00-00 00:00:00'),(61,2,53,147,109,109101,0,'\0','2013-04-28 13:57:13','2013-04-28 13:57:13','0000-00-00 00:00:00'),(62,2,53,149,109,109101,0,'\0','2013-04-28 14:14:42','2013-04-28 14:14:42','0000-00-00 00:00:00'),(63,2,53,155,109,109105,0,'\0','2013-04-28 14:26:40','2013-04-28 14:26:40','0000-00-00 00:00:00'),(64,2,53,155,109,109105,0,'\0','2013-04-28 14:26:41','2013-04-28 14:26:41','0000-00-00 00:00:00'),(65,2,53,155,109,109105,0,'\0','2013-04-28 14:26:41','2013-04-28 14:26:41','0000-00-00 00:00:00'),(66,2,53,155,109,109105,0,'\0','2013-04-28 14:26:41','2013-04-28 14:26:41','0000-00-00 00:00:00'),(67,2,53,155,109,109105,0,'\0','2013-04-28 14:26:41','2013-04-28 14:26:41','0000-00-00 00:00:00'),(68,2,53,156,109,109101,0,'\0','2013-04-28 14:42:36','2013-04-28 14:42:36','0000-00-00 00:00:00'),(69,2,53,159,109,109101,0,'\0','2013-04-28 14:45:45','2013-04-28 14:45:45','0000-00-00 00:00:00'),(70,2,51,11,108,108102,11,'\0','2013-04-28 14:58:40','2013-04-28 14:58:40','0000-00-00 00:00:00'),(71,2,53,179,109,109101,0,'\0','2013-04-28 15:02:29','2013-04-28 15:02:29','0000-00-00 00:00:00'),(72,2,53,180,109,109101,0,'\0','2013-04-28 15:04:15','2013-04-28 15:04:15','0000-00-00 00:00:00'),(73,2,53,181,109,109101,0,'\0','2013-04-28 15:04:42','2013-04-28 15:04:42','0000-00-00 00:00:00'),(74,2,53,182,109,109101,0,'\0','2013-04-28 15:05:07','2013-04-28 15:05:07','0000-00-00 00:00:00'),(75,2,53,184,109,109101,0,'\0','2013-04-28 15:11:15','2013-04-28 15:11:15','0000-00-00 00:00:00'),(76,2,53,185,109,109105,0,'\0','2013-04-28 16:36:22','2013-04-28 16:36:22','0000-00-00 00:00:00'),(77,2,53,185,109,109105,0,'\0','2013-04-28 16:36:23','2013-04-28 16:36:23','0000-00-00 00:00:00'),(78,2,53,185,109,109105,0,'\0','2013-04-28 16:36:23','2013-04-28 16:36:23','0000-00-00 00:00:00'),(79,2,53,185,109,109105,0,'\0','2013-04-28 16:36:23','2013-04-28 16:36:23','0000-00-00 00:00:00'),(80,2,51,47,108,108101,47,'\0','2013-04-28 16:46:57','2013-04-28 16:46:57','0000-00-00 00:00:00'),(81,2,53,119,109,109103,0,'\0','2013-04-28 16:53:08','2013-04-28 16:53:08','0000-00-00 00:00:00'),(82,2,51,19,108,108102,19,'\0','2013-05-02 08:53:54','2013-05-02 08:53:54','0000-00-00 00:00:00'),(83,2,51,44,108,108102,44,'\0','2013-05-02 09:42:55','2013-05-02 09:42:55','0000-00-00 00:00:00'),(84,2,51,40,108,108102,40,'\0','2013-05-02 09:43:25','2013-05-02 09:43:25','0000-00-00 00:00:00'),(85,2,51,33,108,108102,33,'\0','2013-05-02 09:48:51','2013-05-02 09:48:51','0000-00-00 00:00:00'),(86,2,51,6,108,108102,6,'\0','2013-05-02 09:52:47','2013-05-02 09:52:47','0000-00-00 00:00:00'),(87,2,51,45,108,108102,45,'\0','2013-05-02 10:22:11','2013-05-02 10:22:11','0000-00-00 00:00:00'),(88,2,51,48,108,108101,48,'\0','2013-05-02 11:35:46','2013-05-02 11:35:46','0000-00-00 00:00:00'),(89,2,51,49,108,108101,49,'\0','2013-05-02 15:54:14','2013-05-02 15:54:14','0000-00-00 00:00:00'),(90,2,51,48,108,108102,48,'\0','2013-05-02 16:39:17','2013-05-02 16:39:17','0000-00-00 00:00:00'),(91,2,51,48,108,108102,48,'\0','2013-05-02 16:41:04','2013-05-02 16:41:04','0000-00-00 00:00:00'),(92,2,51,48,108,108102,48,'\0','2013-05-02 16:41:07','2013-05-02 16:41:07','0000-00-00 00:00:00'),(93,2,51,48,108,108102,48,'\0','2013-05-02 16:41:44','2013-05-02 16:41:44','0000-00-00 00:00:00'),(94,2,51,48,108,108102,48,'\0','2013-05-02 16:41:48','2013-05-02 16:41:48','0000-00-00 00:00:00'),(95,2,51,48,108,108102,48,'\0','2013-05-02 16:42:00','2013-05-02 16:42:00','0000-00-00 00:00:00'),(96,2,51,48,108,108102,48,'\0','2013-05-02 16:42:06','2013-05-02 16:42:06','0000-00-00 00:00:00'),(97,2,51,48,108,108102,48,'\0','2013-05-02 16:42:07','2013-05-02 16:42:07','0000-00-00 00:00:00'),(98,2,51,48,108,108102,48,'\0','2013-05-02 16:42:26','2013-05-02 16:42:26','0000-00-00 00:00:00'),(99,2,51,48,108,108102,48,'\0','2013-05-02 16:43:19','2013-05-02 16:43:19','0000-00-00 00:00:00'),(100,2,51,48,108,108102,48,'\0','2013-05-02 16:43:39','2013-05-02 16:43:39','0000-00-00 00:00:00'),(101,2,51,48,108,108102,48,'\0','2013-05-02 16:54:25','2013-05-02 16:54:25','0000-00-00 00:00:00'),(102,2,51,48,108,108102,48,'\0','2013-05-03 14:04:14','2013-05-03 14:04:14','0000-00-00 00:00:00'),(103,2,48,43,105,105101,0,'\0','2013-05-06 14:04:14','2013-05-06 14:04:14','0000-00-00 00:00:00'),(104,2,48,42,105,105101,0,'\0','2013-05-06 14:44:39','2013-05-06 14:44:44','0000-00-00 00:00:00'),(105,2,53,189,109,109101,0,'\0','2013-05-07 13:36:08','2013-05-07 13:36:08','0000-00-00 00:00:00'),(106,2,48,48,108,108102,48,'\0','2013-05-07 15:41:20','2013-05-07 15:41:22','0000-00-00 00:00:00'),(107,2,51,50,108,108101,50,'\0','2013-05-07 16:20:34','2013-05-07 16:20:34','0000-00-00 00:00:00'),(108,2,51,47,108,108102,47,'\0','2013-05-08 10:24:24','2013-05-08 10:24:24','0000-00-00 00:00:00'),(109,2,53,191,109,109102,0,'\0','2013-05-08 10:24:34','2013-05-08 10:24:34','0000-00-00 00:00:00'),(110,2,48,49,108,108102,49,'\0','2013-05-08 10:55:26','2013-05-08 10:55:26','0000-00-00 00:00:00'),(111,2,48,50,108,108102,50,'\0','2013-05-08 10:55:43','2013-05-08 10:55:43','0000-00-00 00:00:00'),(112,2,51,7,108,108102,7,'\0','2013-05-08 11:12:10','2013-05-08 11:12:10','0000-00-00 00:00:00'),(113,2,51,17,108,108102,17,'\0','2013-05-08 11:21:29','2013-05-08 11:21:29','0000-00-00 00:00:00'),(114,2,51,51,108,108101,51,'\0','2013-05-08 11:32:11','2013-05-08 11:32:11','0000-00-00 00:00:00'),(115,2,51,52,108,108101,52,'\0','2013-05-08 13:45:51','2013-05-08 13:45:51','0000-00-00 00:00:00'),(116,2,53,192,109,109102,0,'\0','2013-05-08 15:12:06','2013-05-08 15:12:06','0000-00-00 00:00:00'),(117,2,53,179,109,109103,0,'\0','2013-05-08 15:21:16','2013-05-08 15:21:16','0000-00-00 00:00:00'),(118,2,53,193,109,109101,0,'\0','2013-05-08 16:30:49','2013-05-08 16:30:49','0000-00-00 00:00:00'),(119,2,2,52,108,108102,52,'\0','2013-05-08 19:37:41','2013-05-08 19:37:41','0000-00-00 00:00:00'),(120,2,48,4,103,103101,32,'\0','2013-05-09 09:25:24','2013-05-09 09:25:28','0000-00-00 00:00:00'),(121,2,53,200,109,109101,0,'\0','2013-05-09 09:35:34','2013-05-09 09:35:34','0000-00-00 00:00:00'),(122,2,70,202,109,109101,0,'\0','2013-05-09 09:49:19','2013-05-09 09:49:19','0000-00-00 00:00:00'),(123,2,70,203,109,109101,0,'\0','2013-05-09 09:50:17','2013-05-09 09:50:17','0000-00-00 00:00:00'),(124,2,70,204,109,109101,0,'\0','2013-05-09 09:51:29','2013-05-09 09:51:29','0000-00-00 00:00:00'),(125,2,51,53,108,108101,53,'\0','2013-05-09 10:09:17','2013-05-09 10:09:17','0000-00-00 00:00:00'),(127,2,51,54,108,108101,54,'\0','2013-05-09 10:15:35','2013-05-09 10:15:35','0000-00-00 00:00:00'),(128,2,52,208,109,109101,0,'\0','2013-05-09 10:23:48','2013-05-09 10:23:48','0000-00-00 00:00:00'),(129,2,53,20,107,107101,0,'','2013-05-09 10:40:30','2013-05-09 10:40:30','0000-00-00 00:00:00'),(130,2,52,212,109,109101,0,'\0','2013-05-09 10:47:14','2013-05-09 10:47:14','0000-00-00 00:00:00'),(131,2,53,214,109,109101,0,'\0','2013-05-09 10:52:30','2013-05-09 10:52:30','0000-00-00 00:00:00'),(132,2,53,46,108,108102,46,'\0','2013-05-09 10:59:39','2013-05-09 10:59:39','0000-00-00 00:00:00'),(133,2,53,215,109,109101,0,'\0','2013-05-09 11:04:01','2013-05-09 11:04:01','0000-00-00 00:00:00'),(134,2,62,21,107,107101,0,'','2013-05-09 13:01:08','2013-05-09 13:01:08','0000-00-00 00:00:00'),(135,2,62,22,107,107101,0,'','2013-05-09 13:01:10','2013-05-09 13:01:10','0000-00-00 00:00:00'),(136,2,62,23,107,107101,0,'','2013-05-09 13:01:14','2013-05-09 13:01:14','0000-00-00 00:00:00'),(137,2,52,216,109,109101,0,'\0','2013-05-09 13:02:56','2013-05-09 13:02:56','0000-00-00 00:00:00'),(138,2,52,217,109,109101,0,'\0','2013-05-09 13:03:35','2013-05-09 13:03:35','0000-00-00 00:00:00'),(139,2,53,218,109,109101,0,'\0','2013-05-09 13:19:45','2013-05-09 13:19:45','0000-00-00 00:00:00'),(140,2,53,219,109,109101,0,'\0','2013-05-09 13:19:45','2013-05-09 13:19:45','0000-00-00 00:00:00'),(141,2,53,220,109,109101,0,'\0','2013-05-09 13:22:10','2013-05-09 13:22:10','0000-00-00 00:00:00'),(142,2,53,221,109,109101,0,'\0','2013-05-09 13:23:08','2013-05-09 13:23:08','0000-00-00 00:00:00'),(143,2,53,224,109,109101,0,'\0','2013-05-09 13:46:19','2013-05-09 13:46:19','0000-00-00 00:00:00'),(144,2,53,227,109,109101,0,'\0','2013-05-09 13:46:38','2013-05-09 13:46:38','0000-00-00 00:00:00'),(145,2,53,228,109,109101,0,'\0','2013-05-09 13:47:34','2013-05-09 13:47:34','0000-00-00 00:00:00'),(147,2,53,229,109,109101,0,'\0','2013-05-09 14:28:15','2013-05-09 14:28:15','0000-00-00 00:00:00'),(148,2,2,9,103,103101,50,'\0','2013-05-09 14:35:40','2013-05-09 14:35:40','0000-00-00 00:00:00'),(149,2,2,10,103,103101,50,'\0','2013-05-09 14:38:55','2013-05-09 14:38:55','0000-00-00 00:00:00'),(150,2,2,11,103,103101,50,'\0','2013-05-09 14:41:34','2013-05-09 14:41:34','0000-00-00 00:00:00'),(151,2,53,230,109,109105,0,'','2013-05-09 14:54:01','2013-05-09 14:54:01','0000-00-00 00:00:00'),(152,2,53,231,109,109105,0,'','2013-05-09 14:54:59','2013-05-09 14:54:59','0000-00-00 00:00:00'),(153,2,2,12,103,103101,52,'\0','2013-05-09 14:54:17','2013-05-09 14:54:17','0000-00-00 00:00:00'),(154,2,2,13,103,103101,0,'\0','2013-05-09 14:59:19','2013-05-09 14:59:19','0000-00-00 00:00:00'),(155,2,2,14,103,103101,0,'\0','2013-05-09 15:01:34','2013-05-09 15:01:34','0000-00-00 00:00:00'),(156,2,53,235,109,109105,0,'','2013-05-09 15:08:46','2013-05-09 15:08:46','0000-00-00 00:00:00'),(157,2,2,236,109,109105,0,'','2013-05-09 15:12:44','2013-05-09 15:12:44','0000-00-00 00:00:00'),(158,2,2,237,109,109105,0,'','2013-05-09 15:12:44','2013-05-09 15:12:44','0000-00-00 00:00:00'),(159,2,2,238,109,109102,0,'\0','2013-05-09 15:27:37','2013-05-09 15:27:37','0000-00-00 00:00:00'),(160,2,2,119,109,109103,0,'\0','2013-05-09 15:32:53','2013-05-09 15:32:53','0000-00-00 00:00:00'),(161,2,53,239,109,109103,0,'\0','2013-05-09 16:03:55','2013-05-09 16:03:55','0000-00-00 00:00:00'),(162,2,2,15,103,103101,0,'\0','2013-05-09 19:10:04','2013-05-09 19:10:04','0000-00-00 00:00:00'),(163,2,2,16,103,103101,0,'\0','2013-05-09 19:10:23','2013-05-09 19:10:23','0000-00-00 00:00:00'),(164,2,2,17,103,103101,0,'\0','2013-05-09 19:11:25','2013-05-09 19:11:25','0000-00-00 00:00:00'),(165,2,51,55,108,108102,55,'\0','2013-05-10 09:18:18','2013-05-10 09:18:18','0000-00-00 00:00:00'),(166,2,51,32,108,108102,32,'\0','2013-05-10 09:23:56','2013-05-10 09:23:56','0000-00-00 00:00:00'),(167,2,51,31,108,108102,31,'\0','2013-05-10 09:24:30','2013-05-10 09:24:30','0000-00-00 00:00:00'),(168,2,51,31,108,108102,31,'\0','2013-05-10 09:24:32','2013-05-10 09:24:32','0000-00-00 00:00:00'),(169,2,51,44,108,108102,44,'\0','2013-05-10 09:25:03','2013-05-10 09:25:03','0000-00-00 00:00:00'),(170,2,51,44,108,108102,44,'\0','2013-05-10 09:25:09','2013-05-10 09:25:09','0000-00-00 00:00:00'),(171,2,51,44,108,108102,44,'\0','2013-05-10 09:25:39','2013-05-10 09:25:39','0000-00-00 00:00:00'),(172,2,51,44,108,108102,44,'\0','2013-05-10 09:25:47','2013-05-10 09:25:47','0000-00-00 00:00:00'),(173,2,51,28,108,108102,28,'\0','2013-05-10 09:26:52','2013-05-10 09:26:52','0000-00-00 00:00:00'),(174,2,51,39,108,108102,39,'\0','2013-05-10 09:29:39','2013-05-10 09:29:39','0000-00-00 00:00:00'),(175,2,51,39,108,108102,39,'\0','2013-05-10 09:37:56','2013-05-10 09:37:56','0000-00-00 00:00:00'),(176,2,2,2,101,101101,0,'\0','2013-05-10 09:54:46','2013-05-10 09:54:49','0000-00-00 00:00:00'),(177,2,48,2,101,101101,0,'\0','2013-05-10 09:58:48','2013-05-10 09:58:50','0000-00-00 00:00:00'),(178,2,52,25,107,107101,0,'','2013-05-10 00:35:36','2013-05-10 00:35:36','0000-00-00 00:00:00'),(179,2,52,64,108,108101,64,'\0','2013-05-10 00:52:13','2013-05-10 00:52:13','0000-00-00 00:00:00'),(180,2,57,2,101,101101,1,'\0','2013-05-10 15:58:41','2013-05-10 15:58:41','0000-00-00 00:00:00'),(181,1,58,1,101,101101,1,'\0','2013-05-10 15:58:41','2013-05-10 15:58:41','0000-00-00 00:00:00'),(182,3,59,3,101,101101,0,'\0','2013-05-10 15:58:41','2013-05-10 15:58:41','0000-00-00 00:00:00'),(183,2,51,65,108,108101,65,'\0','2013-05-10 16:00:55','2013-05-10 16:00:55','0000-00-00 00:00:00'),(184,2,51,64,108,108102,64,'\0','2013-05-10 16:01:12','2013-05-10 16:01:12','0000-00-00 00:00:00'),(185,2,57,2,101,101101,1,'\0','2013-05-10 19:06:40','2013-05-10 19:06:40','0000-00-00 00:00:00'),(186,1,58,1,101,101101,1,'\0','2013-05-10 19:06:40','2013-05-10 19:06:40','0000-00-00 00:00:00'),(187,3,59,3,101,101101,0,'\0','2013-05-10 19:06:40','2013-05-10 19:06:40','0000-00-00 00:00:00'),(188,2,57,2,101,101101,1,'\0','2013-05-10 19:08:25','2013-05-10 19:08:25','0000-00-00 00:00:00'),(189,1,58,1,101,101101,1,'\0','2013-05-10 19:08:25','2013-05-10 19:08:25','0000-00-00 00:00:00'),(190,3,59,3,101,101101,0,'\0','2013-05-10 19:08:25','2013-05-10 19:08:25','0000-00-00 00:00:00'),(191,1,58,1,101,101101,1,'\0','2013-05-10 19:31:23','2013-05-10 19:31:23','0000-00-00 00:00:00'),(192,2,0,66,108,108101,66,'\0','2013-05-13 10:28:57','2013-05-13 10:28:57','0000-00-00 00:00:00'),(193,2,51,66,108,108102,66,'\0','2013-05-13 10:30:15','2013-05-13 10:30:15','0000-00-00 00:00:00'),(194,2,53,241,109,109105,0,'','2013-05-13 14:08:51','2013-05-13 14:08:51','0000-00-00 00:00:00'),(196,1,82,1,101,101101,1,'\0','2013-05-13 14:14:22','2013-05-13 14:14:22','0000-00-00 00:00:00'),(197,1,81,1,101,101101,1,'\0','2013-05-13 14:17:38','2013-05-13 14:17:38','0000-00-00 00:00:00'),(198,1,83,1,101,101101,1,'\0','2013-05-13 14:29:09','2013-05-13 14:29:09','0000-00-00 00:00:00'),(199,1,84,1,101,101101,1,'\0','2013-05-13 14:40:50','2013-05-13 14:40:50','0000-00-00 00:00:00'),(200,1,85,1,101,101101,1,'\0','2013-05-13 14:45:51','2013-05-13 14:45:51','0000-00-00 00:00:00'),(201,1,86,1,101,101101,1,'\0','2013-05-13 14:46:20','2013-05-13 14:46:20','0000-00-00 00:00:00'),(202,2,53,242,109,109102,0,'\0','2013-05-13 14:58:43','2013-05-13 14:58:43','0000-00-00 00:00:00'),(203,2,53,243,109,109102,0,'\0','2013-05-13 15:10:04','2013-05-13 15:10:04','0000-00-00 00:00:00'),(204,2,53,244,109,109102,0,'\0','2013-05-13 15:10:21','2013-05-13 15:10:21','0000-00-00 00:00:00'),(205,2,53,245,109,109102,0,'\0','2013-05-13 15:19:15','2013-05-13 15:19:15','0000-00-00 00:00:00'),(206,2,53,246,109,109105,0,'','2013-05-13 15:36:53','2013-05-13 15:36:53','0000-00-00 00:00:00'),(207,2,53,247,109,109102,0,'\0','2013-05-13 15:37:16','2013-05-13 15:37:16','0000-00-00 00:00:00'),(208,2,53,248,109,109105,0,'','2013-05-13 15:50:04','2013-05-13 15:50:04','0000-00-00 00:00:00'),(209,2,53,18,103,103101,0,'\0','2013-05-13 16:24:34','2013-05-13 16:24:34','0000-00-00 00:00:00'),(210,2,2,4,103,103102,0,'\0','2013-05-13 16:52:53','2013-05-13 16:52:57','0000-00-00 00:00:00'),(211,2,60,19,103,103101,0,'\0','2013-05-14 08:54:16','2013-05-14 08:54:16','0000-00-00 00:00:00'),(212,2,62,248,109,109103,0,'\0','2013-05-14 09:39:36','2013-05-14 09:39:36','0000-00-00 00:00:00'),(213,2,2,17,103,103101,0,'\0','2013-05-14 11:25:57','2013-05-14 11:25:57','0000-00-00 00:00:00'),(214,2,2,16,103,103101,0,'\0','2013-05-14 11:26:48','2013-05-14 11:26:48','0000-00-00 00:00:00'),(215,2,2,17,103,103101,0,'\0','2013-05-14 11:29:42','2013-05-14 11:29:42','0000-00-00 00:00:00'),(216,2,2,16,103,103101,0,'\0','2013-05-14 11:33:12','2013-05-14 11:33:12','0000-00-00 00:00:00'),(217,2,2,17,103,103101,0,'\0','2013-05-14 11:33:53','2013-05-14 11:33:53','0000-00-00 00:00:00'),(218,2,2,16,103,103101,0,'\0','2013-05-14 11:35:03','2013-05-14 11:35:03','0000-00-00 00:00:00'),(219,2,2,17,103,103101,0,'\0','2013-05-14 11:36:12','2013-05-14 11:36:12','0000-00-00 00:00:00'),(222,2,2,17,103,103101,0,'\0','2013-05-14 11:37:33','2013-05-14 11:37:33','0000-00-00 00:00:00'),(223,2,2,17,103,103101,0,'\0','2013-05-14 11:37:34','2013-05-14 11:37:34','0000-00-00 00:00:00'),(225,2,2,17,103,103101,0,'\0','2013-05-14 11:37:34','2013-05-14 11:37:34','0000-00-00 00:00:00'),(226,2,2,17,103,103101,0,'\0','2013-05-14 11:37:35','2013-05-14 11:37:35','0000-00-00 00:00:00'),(227,2,2,17,103,103101,0,'\0','2013-05-14 11:37:35','2013-05-14 11:37:35','0000-00-00 00:00:00'),(228,2,2,17,103,103101,0,'\0','2013-05-14 12:07:21','2013-05-14 12:07:21','0000-00-00 00:00:00'),(229,2,2,17,103,103101,0,'\0','2013-05-14 12:07:44','2013-05-14 12:07:44','0000-00-00 00:00:00'),(230,2,2,16,103,103101,0,'\0','2013-05-14 12:35:32','2013-05-14 12:35:32','0000-00-00 00:00:00'),(231,2,2,16,103,103101,0,'\0','2013-05-14 12:35:39','2013-05-14 12:35:39','0000-00-00 00:00:00'),(232,2,2,17,103,103101,0,'\0','2013-05-14 12:52:49','2013-05-14 12:52:49','0000-00-00 00:00:00'),(233,2,2,17,103,103102,0,'\0','2013-05-14 13:06:09','2013-05-14 13:06:09','0000-00-00 00:00:00'),(235,2,52,20,103,103101,0,'\0','2013-05-13 23:53:51','2013-05-13 23:53:51','0000-00-00 00:00:00'),(236,2,48,21,103,103101,0,'\0','2013-05-14 15:03:59','2013-05-14 15:03:59','0000-00-00 00:00:00'),(237,2,48,22,103,103101,0,'\0','2013-05-14 15:05:17','2013-05-14 15:05:17','0000-00-00 00:00:00'),(238,2,2,22,103,103102,0,'\0','2013-05-14 15:06:54','2013-05-14 15:06:54','0000-00-00 00:00:00'),(239,2,2,22,103,103103,0,'\0','2013-05-14 15:08:34','2013-05-14 15:08:34','0000-00-00 00:00:00'),(240,2,51,23,103,103101,0,'\0','2013-05-14 16:00:45','2013-05-14 16:00:45','0000-00-00 00:00:00'),(241,2,51,24,103,103101,66,'\0','2013-05-14 16:02:01','2013-05-14 16:02:01','0000-00-00 00:00:00'),(242,2,2,23,103,103102,0,'\0','2013-05-14 16:04:09','2013-05-14 16:04:09','0000-00-00 00:00:00'),(243,2,2,25,103,103101,0,'\0','2013-05-14 16:05:32','2013-05-14 16:05:32','0000-00-00 00:00:00'),(244,2,2,26,103,103101,0,'\0','2013-05-14 21:05:30','2013-05-14 21:05:30','0000-00-00 00:00:00'),(245,2,0,27,103,103101,0,'\0','2013-05-14 21:05:30','2013-05-14 21:05:30','0000-00-00 00:00:00'),(246,2,2,28,103,103101,0,'\0','2013-05-14 21:06:34','2013-05-14 21:06:34','0000-00-00 00:00:00'),(247,2,0,29,103,103101,0,'\0','2013-05-14 21:06:35','2013-05-14 21:06:35','0000-00-00 00:00:00'),(248,2,2,30,103,103101,0,'\0','2013-05-14 21:07:14','2013-05-14 21:07:14','0000-00-00 00:00:00'),(249,2,0,31,103,103101,0,'\0','2013-05-14 21:07:14','2013-05-14 21:07:14','0000-00-00 00:00:00'),(250,2,2,32,103,103101,0,'\0','2013-05-14 21:17:03','2013-05-14 21:17:03','0000-00-00 00:00:00'),(251,2,0,33,103,103101,0,'\0','2013-05-14 21:17:03','2013-05-14 21:17:03','0000-00-00 00:00:00'),(252,2,2,34,103,103101,0,'\0','2013-05-14 21:17:20','2013-05-14 21:17:20','0000-00-00 00:00:00'),(253,2,0,35,103,103101,0,'\0','2013-05-14 21:17:20','2013-05-14 21:17:20','0000-00-00 00:00:00'),(254,2,2,36,103,103101,0,'\0','2013-05-14 21:20:34','2013-05-14 21:20:34','0000-00-00 00:00:00'),(255,2,0,37,103,103101,0,'\0','2013-05-14 21:20:34','2013-05-14 21:20:34','0000-00-00 00:00:00'),(256,2,2,38,103,103101,0,'\0','2013-05-14 21:21:29','2013-05-14 21:21:29','0000-00-00 00:00:00'),(257,2,2,39,103,103101,0,'\0','2013-05-14 21:21:47','2013-05-14 21:21:47','0000-00-00 00:00:00'),(258,2,2,40,103,103101,0,'\0','2013-05-14 21:24:27','2013-05-14 21:24:27','0000-00-00 00:00:00'),(259,2,2,41,103,103101,0,'\0','2013-05-14 21:25:13','2013-05-14 21:25:13','0000-00-00 00:00:00'),(260,2,2,42,103,103101,0,'\0','2013-05-14 21:25:50','2013-05-14 21:25:50','0000-00-00 00:00:00'),(261,2,2,43,103,103101,0,'\0','2013-05-14 21:28:21','2013-05-14 21:28:21','0000-00-00 00:00:00'),(262,2,2,44,103,103101,0,'\0','2013-05-14 21:29:28','2013-05-14 21:29:28','0000-00-00 00:00:00'),(263,2,2,45,103,103101,0,'\0','2013-05-14 21:30:20','2013-05-14 21:30:20','0000-00-00 00:00:00'),(264,2,2,46,103,103101,0,'\0','2013-05-14 21:43:26','2013-05-14 21:43:26','0000-00-00 00:00:00'),(265,2,2,47,103,103101,0,'\0','2013-05-14 21:46:36','2013-05-14 21:46:36','0000-00-00 00:00:00'),(266,2,60,48,103,103101,0,'\0','2013-05-15 08:44:43','2013-05-15 08:44:43','0000-00-00 00:00:00'),(267,1,90,1,101,101101,1,'\0','2013-05-14 02:44:24','2013-05-14 02:44:24','0000-00-00 00:00:00'),(268,2,53,49,103,103101,0,'\0','2013-05-15 09:00:16','2013-05-15 09:00:16','0000-00-00 00:00:00'),(269,2,40,47,103,103102,0,'\0','2013-05-15 09:08:51','2013-05-15 09:08:51','0000-00-00 00:00:00'),(270,2,40,47,103,103103,0,'\0','2013-05-15 09:12:08','2013-05-15 09:12:08','0000-00-00 00:00:00'),(271,2,62,50,103,103101,0,'\0','2013-05-15 09:28:18','2013-05-15 09:28:18','0000-00-00 00:00:00'),(272,2,62,51,103,103101,0,'\0','2013-05-15 09:28:23','2013-05-15 09:28:23','0000-00-00 00:00:00'),(273,2,62,52,103,103101,0,'\0','2013-05-15 09:28:23','2013-05-15 09:28:23','0000-00-00 00:00:00'),(274,2,2,53,103,103101,0,'\0','2013-05-15 09:37:10','2013-05-15 09:37:10','0000-00-00 00:00:00'),(275,2,2,54,103,103101,0,'\0','2013-05-15 09:37:36','2013-05-15 09:37:36','0000-00-00 00:00:00'),(276,2,2,55,103,103101,0,'\0','2013-05-15 09:52:56','2013-05-15 09:52:56','0000-00-00 00:00:00'),(277,2,2,56,103,103101,0,'\0','2013-05-15 10:01:29','2013-05-15 10:01:29','0000-00-00 00:00:00'),(278,2,62,57,103,103101,0,'\0','2013-05-15 10:09:27','2013-05-15 10:09:27','0000-00-00 00:00:00'),(279,2,2,57,103,103102,0,'\0','2013-05-15 10:17:22','2013-05-15 10:17:22','0000-00-00 00:00:00'),(280,2,2,57,103,103103,0,'\0','2013-05-15 10:17:34','2013-05-15 10:17:34','0000-00-00 00:00:00'),(281,2,2,50,103,103102,0,'\0','2013-05-15 10:17:49','2013-05-15 10:17:49','0000-00-00 00:00:00'),(282,2,2,58,103,103101,0,'\0','2013-05-15 10:27:28','2013-05-15 10:27:28','0000-00-00 00:00:00'),(283,2,2,59,103,103101,0,'\0','2013-05-15 10:38:13','2013-05-15 10:38:13','0000-00-00 00:00:00'),(285,2,2,60,103,103101,0,'\0','2013-05-15 11:19:56','2013-05-15 11:19:56','0000-00-00 00:00:00'),(286,2,62,67,108,108101,67,'\0','2013-05-15 13:46:08','2013-05-15 13:46:08','0000-00-00 00:00:00'),(287,2,62,28,107,107101,0,'','2013-05-15 13:49:04','2013-05-15 13:49:04','0000-00-00 00:00:00'),(288,2,2,68,108,108101,68,'\0','2013-05-15 14:04:23','2013-05-15 14:04:23','0000-00-00 00:00:00'),(289,2,51,69,108,108101,69,'\0','2013-05-15 14:03:20','2013-05-15 14:03:20','0000-00-00 00:00:00'),(290,2,2,70,108,108101,70,'\0','2013-05-15 14:07:13','2013-05-15 14:07:13','0000-00-00 00:00:00'),(291,2,51,71,108,108101,71,'\0','2013-05-15 14:10:08','2013-05-15 14:10:08','0000-00-00 00:00:00'),(292,2,51,72,108,108101,72,'\0','2013-05-15 14:24:05','2013-05-15 14:24:05','0000-00-00 00:00:00'),(293,2,51,73,108,108101,73,'\0','2013-05-15 14:31:01','2013-05-15 14:31:01','0000-00-00 00:00:00'),(294,2,51,74,108,108101,74,'\0','2013-05-15 14:31:21','2013-05-15 14:31:21','0000-00-00 00:00:00'),(295,2,53,250,109,109102,0,'\0','2013-05-15 14:32:57','2013-05-15 14:32:57','0000-00-00 00:00:00'),(296,2,2,75,108,108101,75,'\0','2013-05-15 14:40:12','2013-05-15 14:40:12','0000-00-00 00:00:00'),(297,2,53,251,109,109102,0,'\0','2013-05-15 14:39:20','2013-05-15 14:39:20','0000-00-00 00:00:00'),(298,2,91,29,107,107101,0,'','2013-05-15 14:54:45','2013-05-15 14:54:45','0000-00-00 00:00:00'),(299,2,2,76,108,108101,76,'\0','2013-05-15 15:00:49','2013-05-15 15:00:49','0000-00-00 00:00:00'),(300,2,51,77,108,108101,77,'\0','2013-05-15 15:03:29','2013-05-15 15:03:29','0000-00-00 00:00:00'),(301,2,2,30,107,107101,0,'','2013-05-15 15:32:25','2013-05-15 15:32:25','0000-00-00 00:00:00'),(302,2,2,31,107,107101,0,'','2013-05-15 15:33:09','2013-05-15 15:33:09','0000-00-00 00:00:00'),(303,2,2,32,107,107101,0,'','2013-05-15 15:33:57','2013-05-15 15:33:57','0000-00-00 00:00:00'),(304,2,2,33,107,107101,0,'','2013-05-15 15:35:46','2013-05-15 15:35:46','0000-00-00 00:00:00'),(306,2,2,62,103,103101,0,'\0','2013-05-15 16:21:09','2013-05-15 16:21:09','0000-00-00 00:00:00'),(307,2,51,63,103,103101,0,'\0','2013-05-15 16:39:32','2013-05-15 16:39:32','0000-00-00 00:00:00'),(308,2,62,78,108,108101,78,'\0','2013-05-16 09:10:53','2013-05-16 09:10:53','0000-00-00 00:00:00'),(309,2,62,75,108,108102,75,'\0','2013-05-16 09:13:46','2013-05-16 09:13:46','0000-00-00 00:00:00'),(310,2,62,77,108,108102,77,'\0','2013-05-16 09:15:02','2013-05-16 09:15:02','0000-00-00 00:00:00'),(311,2,62,77,108,108102,77,'\0','2013-05-16 09:19:37','2013-05-16 09:19:37','0000-00-00 00:00:00'),(312,2,51,64,103,103101,0,'\0','2013-05-16 09:38:38','2013-05-16 09:38:38','0000-00-00 00:00:00'),(313,2,51,78,108,108102,78,'\0','2013-05-16 09:42:15','2013-05-16 09:42:15','0000-00-00 00:00:00'),(314,2,2,65,103,103101,0,'\0','2013-05-16 09:58:01','2013-05-16 09:58:01','0000-00-00 00:00:00'),(315,2,2,66,103,103101,0,'\0','2013-05-16 09:58:52','2013-05-16 09:58:52','0000-00-00 00:00:00'),(316,2,62,34,107,107101,0,'','2013-05-16 10:22:57','2013-05-16 10:22:57','0000-00-00 00:00:00'),(317,2,62,35,107,107101,0,'','2013-05-16 10:39:28','2013-05-16 10:39:28','0000-00-00 00:00:00'),(318,2,51,78,108,108102,78,'\0','2013-05-16 10:39:10','2013-05-16 10:39:10','0000-00-00 00:00:00'),(319,2,51,78,108,108102,78,'\0','2013-05-16 10:50:28','2013-05-16 10:50:28','0000-00-00 00:00:00'),(320,2,53,255,109,109101,0,'\0','2013-05-16 10:51:05','2013-05-16 10:51:05','0000-00-00 00:00:00'),(321,2,51,75,108,108102,75,'\0','2013-05-16 10:59:29','2013-05-16 10:59:29','0000-00-00 00:00:00'),(322,2,62,36,107,107101,0,'','2013-05-16 11:03:53','2013-05-16 11:03:53','0000-00-00 00:00:00'),(323,2,2,37,107,107101,0,'','2013-05-16 11:06:41','2013-05-16 11:06:41','0000-00-00 00:00:00'),(324,2,2,38,107,107101,0,'','2013-05-16 11:09:01','2013-05-16 11:09:01','0000-00-00 00:00:00'),(325,2,51,79,108,108101,79,'\0','2013-05-16 11:08:28','2013-05-16 11:08:28','0000-00-00 00:00:00'),(326,2,52,67,103,103101,0,'\0','2013-05-16 11:18:20','2013-05-16 11:18:20','0000-00-00 00:00:00'),(327,2,52,79,108,108102,79,'\0','2013-05-16 11:18:25','2013-05-16 11:18:25','0000-00-00 00:00:00'),(328,2,52,0,109,109101,0,'\0','2013-05-16 11:22:25','2013-05-16 11:22:25','0000-00-00 00:00:00'),(329,2,52,256,109,109101,0,'\0','2013-05-16 11:30:50','2013-05-16 11:30:50','0000-00-00 00:00:00'),(331,2,48,65,103,103102,0,'\0','2013-05-16 13:26:24','2013-05-16 13:26:24','0000-00-00 00:00:00'),(332,2,53,258,109,109101,0,'\0','2013-05-16 13:39:47','2013-05-16 13:39:47','0000-00-00 00:00:00'),(337,2,2,67,103,103102,0,'\0','2013-05-16 14:23:51','2013-05-16 14:23:51','0000-00-00 00:00:00'),(339,2,30,68,103,103101,0,'\0','2013-05-16 14:31:02','2013-05-16 14:31:02','0000-00-00 00:00:00'),(340,2,30,69,103,103101,0,'\0','2013-05-16 14:32:10','2013-05-16 14:32:10','0000-00-00 00:00:00'),(341,2,30,70,103,103101,0,'\0','2013-05-16 14:32:15','2013-05-16 14:32:15','0000-00-00 00:00:00'),(342,2,30,71,103,103101,0,'\0','2013-05-16 14:32:36','2013-05-16 14:32:36','0000-00-00 00:00:00'),(343,2,2,71,103,103102,0,'\0','2013-05-16 14:32:40','2013-05-16 14:32:40','0000-00-00 00:00:00'),(344,2,2,71,103,103103,0,'\0','2013-05-16 14:32:49','2013-05-16 14:32:49','0000-00-00 00:00:00'),(345,2,30,72,103,103101,0,'\0','2013-05-16 14:33:47','2013-05-16 14:33:47','0000-00-00 00:00:00'),(346,2,30,73,103,103101,0,'\0','2013-05-16 14:33:57','2013-05-16 14:33:57','0000-00-00 00:00:00'),(347,2,30,74,103,103101,0,'\0','2013-05-16 14:34:14','2013-05-16 14:34:14','0000-00-00 00:00:00'),(348,2,53,259,109,109101,0,'\0','2013-05-16 14:59:35','2013-05-16 14:59:35','0000-00-00 00:00:00'),(349,2,40,67,103,103103,0,'\0','2013-05-16 15:07:18','2013-05-16 15:07:18','0000-00-00 00:00:00'),(362,2,51,81,103,103101,0,'\0','2013-05-16 15:32:21','2013-05-16 15:32:21','0000-00-00 00:00:00'),(372,2,2,89,103,103101,0,'\0','2013-05-16 15:53:32','2013-05-16 15:53:32','0000-00-00 00:00:00'),(373,2,2,90,103,103101,0,'\0','2013-05-16 15:53:59','2013-05-16 15:53:59','0000-00-00 00:00:00'),(374,2,51,91,103,103101,0,'\0','2013-05-16 15:59:16','2013-05-16 15:59:16','0000-00-00 00:00:00'),(375,2,30,92,103,103101,0,'\0','2013-05-16 16:02:00','2013-05-16 16:02:00','0000-00-00 00:00:00'),(376,2,30,93,103,103101,0,'\0','2013-05-16 16:02:18','2013-05-16 16:02:18','0000-00-00 00:00:00'),(378,2,30,95,103,103101,0,'\0','2013-05-16 16:02:30','2013-05-16 16:02:30','0000-00-00 00:00:00'),(383,2,47,50,108,108102,50,'\0','2013-05-16 16:09:20','2013-05-16 16:09:20','0000-00-00 00:00:00'),(385,2,47,101,103,103101,0,'\0','2013-05-16 21:28:12','2013-05-16 21:28:12','0000-00-00 00:00:00'),(386,2,47,102,103,103101,0,'\0','2013-05-16 21:39:47','2013-05-16 21:39:47','0000-00-00 00:00:00'),(387,2,47,103,103,103101,0,'\0','2013-05-16 21:47:55','2013-05-16 21:47:55','0000-00-00 00:00:00'),(388,2,47,104,103,103101,0,'\0','2013-05-16 21:51:32','2013-05-16 21:51:32','0000-00-00 00:00:00'),(389,2,47,105,103,103101,0,'\0','2013-05-16 21:52:11','2013-05-16 21:52:11','0000-00-00 00:00:00'),(390,2,51,106,103,103101,0,'\0','2013-05-17 08:57:03','2013-05-17 08:57:03','0000-00-00 00:00:00'),(391,2,51,107,103,103101,0,'\0','2013-05-17 08:57:06','2013-05-17 08:57:06','0000-00-00 00:00:00'),(392,2,51,108,103,103101,0,'\0','2013-05-17 08:57:09','2013-05-17 08:57:09','0000-00-00 00:00:00'),(393,2,51,80,108,108101,80,'\0','2013-05-17 09:23:12','2013-05-17 09:23:12','0000-00-00 00:00:00'),(394,2,51,109,103,103101,0,'\0','2013-05-17 09:23:36','2013-05-17 09:23:36','0000-00-00 00:00:00'),(395,2,62,39,107,107101,0,'','2013-05-17 09:43:35','2013-05-17 09:43:35','0000-00-00 00:00:00'),(396,2,62,40,107,107101,0,'','2013-05-17 09:44:01','2013-05-17 09:44:01','0000-00-00 00:00:00'),(397,2,51,110,103,103101,0,'\0','2013-05-17 09:47:47','2013-05-17 09:47:47','0000-00-00 00:00:00'),(398,2,62,41,107,107101,0,'','2013-05-17 10:01:57','2013-05-17 10:01:57','0000-00-00 00:00:00'),(399,2,47,111,103,103101,0,'\0','2013-05-17 10:23:25','2013-05-17 10:23:25','0000-00-00 00:00:00'),(403,2,40,67,103,103102,0,'\0','2013-05-17 10:32:48','2013-05-17 10:32:48','0000-00-00 00:00:00'),(404,2,48,42,107,107101,0,'','2013-05-17 10:34:37','2013-05-17 10:34:37','0000-00-00 00:00:00'),(405,2,48,43,107,107101,0,'','2013-05-17 10:34:47','2013-05-17 10:34:47','0000-00-00 00:00:00'),(408,2,62,81,108,108101,81,'\0','2013-05-17 11:04:35','2013-05-17 11:04:35','0000-00-00 00:00:00'),(409,2,62,80,108,108102,80,'\0','2013-05-17 11:08:14','2013-05-17 11:08:14','0000-00-00 00:00:00'),(411,2,2,118,103,103101,0,'\0','2013-05-17 12:28:42','2013-05-17 12:28:42','0000-00-00 00:00:00'),(412,2,2,119,103,103101,0,'\0','2013-05-17 12:28:48','2013-05-17 12:28:48','0000-00-00 00:00:00'),(413,2,2,120,103,103101,0,'\0','2013-05-17 12:28:58','2013-05-17 12:28:58','0000-00-00 00:00:00'),(414,2,2,121,103,103101,0,'\0','2013-05-17 12:30:04','2013-05-17 12:30:04','0000-00-00 00:00:00'),(415,2,2,122,103,103101,0,'\0','2013-05-17 12:30:07','2013-05-17 12:30:07','0000-00-00 00:00:00'),(416,2,2,123,103,103101,0,'\0','2013-05-17 12:32:08','2013-05-17 12:32:08','0000-00-00 00:00:00'),(417,2,2,124,103,103101,0,'\0','2013-05-17 12:32:18','2013-05-17 12:32:18','0000-00-00 00:00:00'),(418,2,51,124,103,103102,0,'\0','2013-05-17 13:18:08','2013-05-17 13:18:08','0000-00-00 00:00:00'),(419,2,52,125,103,103101,0,'\0','2013-05-17 13:29:45','2013-05-17 13:29:45','0000-00-00 00:00:00'),(420,2,52,126,103,103101,0,'\0','2013-05-17 13:29:46','2013-05-17 13:29:46','0000-00-00 00:00:00'),(421,2,52,127,103,103101,0,'\0','2013-05-17 13:29:49','2013-05-17 13:29:49','0000-00-00 00:00:00'),(422,2,52,128,103,103101,0,'\0','2013-05-17 13:29:50','2013-05-17 13:29:50','0000-00-00 00:00:00'),(423,2,52,129,103,103101,0,'\0','2013-05-17 13:29:50','2013-05-17 13:29:50','0000-00-00 00:00:00'),(424,2,52,130,103,103101,0,'\0','2013-05-17 13:29:51','2013-05-17 13:29:51','0000-00-00 00:00:00'),(425,2,51,131,103,103101,50,'\0','2013-05-17 14:35:14','2013-05-17 14:35:14','0000-00-00 00:00:00'),(426,2,51,132,103,103101,50,'\0','2013-05-17 14:36:14','2013-05-17 14:36:14','0000-00-00 00:00:00'),(427,2,51,133,103,103101,50,'\0','2013-05-17 14:37:20','2013-05-17 14:37:20','0000-00-00 00:00:00'),(428,2,51,134,103,103101,50,'\0','2013-05-17 14:37:57','2013-05-17 14:37:57','0000-00-00 00:00:00'),(429,2,51,135,103,103101,50,'\0','2013-05-17 14:38:51','2013-05-17 14:38:51','0000-00-00 00:00:00'),(430,2,62,136,103,103101,0,'\0','2013-05-17 14:46:14','2013-05-17 14:46:14','0000-00-00 00:00:00'),(431,2,51,137,103,103101,0,'\0','2013-05-17 14:44:28','2013-05-17 14:44:28','0000-00-00 00:00:00'),(433,2,91,137,103,103103,0,'\0','2013-05-17 14:58:42','2013-05-17 14:58:42','0000-00-00 00:00:00'),(434,2,47,138,103,103101,0,'\0','2013-05-17 15:37:56','2013-05-17 15:37:56','0000-00-00 00:00:00'),(435,2,52,80,108,108102,80,'\0','2013-05-17 15:48:18','2013-05-17 15:48:18','0000-00-00 00:00:00'),(436,2,51,81,108,108102,81,'\0','2013-05-17 16:02:35','2013-05-17 16:02:35','0000-00-00 00:00:00'),(437,2,2,139,103,103101,0,'\0','2013-05-17 16:23:51','2013-05-17 16:23:51','0000-00-00 00:00:00'),(438,2,51,140,103,103101,0,'\0','2013-05-20 08:53:13','2013-05-20 08:53:13','0000-00-00 00:00:00'),(439,2,62,82,108,108101,82,'\0','2013-05-20 09:29:47','2013-05-20 09:29:47','0000-00-00 00:00:00'),(440,2,62,79,108,108102,79,'\0','2013-05-20 09:34:13','2013-05-20 09:34:13','0000-00-00 00:00:00'),(441,0,38,141,103,103101,0,'\0','2013-05-20 10:33:10','2013-05-20 10:33:10','0000-00-00 00:00:00'),(442,0,38,142,103,103101,0,'\0','2013-05-20 10:33:38','2013-05-20 10:33:38','0000-00-00 00:00:00'),(443,0,38,143,103,103101,0,'\0','2013-05-20 10:34:05','2013-05-20 10:34:05','0000-00-00 00:00:00'),(444,2,0,144,103,103101,0,'\0','2013-05-20 10:36:12','2013-05-20 10:36:12','0000-00-00 00:00:00'),(445,2,0,145,103,103101,0,'\0','2013-05-20 10:37:06','2013-05-20 10:37:06','0000-00-00 00:00:00'),(446,2,62,80,108,108102,80,'\0','2013-05-20 10:44:19','2013-05-20 10:44:19','0000-00-00 00:00:00'),(447,2,2,146,103,103101,0,'\0','2013-05-20 10:50:41','2013-05-20 10:50:41','0000-00-00 00:00:00'),(448,2,2,147,103,103101,0,'\0','2013-05-20 10:50:51','2013-05-20 10:50:51','0000-00-00 00:00:00'),(449,2,30,148,103,103101,0,'\0','2013-05-20 13:16:10','2013-05-20 13:16:10','0000-00-00 00:00:00'),(450,2,30,149,103,103101,0,'\0','2013-05-20 13:16:13','2013-05-20 13:16:13','0000-00-00 00:00:00'),(451,2,30,150,103,103101,0,'\0','2013-05-20 13:16:16','2013-05-20 13:16:16','0000-00-00 00:00:00'),(452,2,30,151,103,103101,0,'\0','2013-05-20 13:16:18','2013-05-20 13:16:18','0000-00-00 00:00:00'),(453,2,57,2,101,101101,1,'\0','2013-05-20 15:50:04','2013-05-20 15:50:04','0000-00-00 00:00:00'),(454,1,58,1,101,101101,1,'\0','2013-05-20 15:50:04','2013-05-20 15:50:04','0000-00-00 00:00:00'),(455,2,57,2,101,101101,1,'\0','2013-05-20 15:54:56','2013-05-20 15:54:56','0000-00-00 00:00:00'),(456,1,58,1,101,101101,1,'\0','2013-05-20 15:54:56','2013-05-20 15:54:56','0000-00-00 00:00:00'),(457,2,57,2,101,101101,1,'\0','2013-05-20 15:59:23','2013-05-20 15:59:23','0000-00-00 00:00:00'),(458,3,59,3,101,101101,0,'\0','2013-05-20 15:59:23','2013-05-20 15:59:23','0000-00-00 00:00:00'),(459,1,58,1,101,101101,1,'\0','2013-05-20 16:01:12','2013-05-20 16:01:12','0000-00-00 00:00:00'),(460,3,59,3,101,101101,0,'\0','2013-05-20 16:01:12','2013-05-20 16:01:12','0000-00-00 00:00:00'),(461,1,58,1,101,101101,1,'\0','2013-05-20 16:03:19','2013-05-20 16:03:19','0000-00-00 00:00:00'),(462,3,59,3,101,101101,0,'\0','2013-05-20 16:03:19','2013-05-20 16:03:19','0000-00-00 00:00:00'),(463,1,58,1,101,101101,1,'\0','2013-05-20 16:03:47','2013-05-20 16:03:47','0000-00-00 00:00:00'),(464,3,59,3,101,101101,0,'\0','2013-05-20 16:03:47','2013-05-20 16:03:47','0000-00-00 00:00:00'),(465,1,58,1,101,101101,1,'\0','2013-05-20 16:08:12','2013-05-20 16:08:12','0000-00-00 00:00:00'),(466,3,59,3,101,101101,0,'\0','2013-05-20 16:08:12','2013-05-20 16:08:12','0000-00-00 00:00:00'),(467,2,57,2,101,101101,1,'\0','2013-05-20 16:28:53','2013-05-20 16:28:53','0000-00-00 00:00:00'),(468,1,58,1,101,101101,1,'\0','2013-05-20 16:28:53','2013-05-20 16:28:53','0000-00-00 00:00:00'),(469,1,96,1,101,101101,1,'\0','2013-05-20 16:29:56','2013-05-20 16:29:56','0000-00-00 00:00:00'),(470,1,97,1,101,101101,1,'\0','2013-05-20 16:31:16','2013-05-20 16:31:16','0000-00-00 00:00:00'),(471,1,58,1,101,101101,1,'\0','2013-05-20 16:34:00','2013-05-20 16:34:00','0000-00-00 00:00:00'),(472,3,59,3,101,101101,0,'\0','2013-05-20 16:34:00','2013-05-20 16:34:00','0000-00-00 00:00:00'),(473,1,98,1,101,101101,1,'\0','2013-05-20 16:44:17','2013-05-20 16:44:17','0000-00-00 00:00:00'),(474,1,99,1,101,101101,1,'\0','2013-05-20 16:47:11','2013-05-20 16:47:11','0000-00-00 00:00:00'),(475,2,2,152,103,103101,0,'\0','2013-05-21 10:41:01','2013-05-21 10:41:01','0000-00-00 00:00:00'),(476,2,2,153,103,103101,0,'\0','2013-05-21 19:58:19','2013-05-21 19:58:19','0000-00-00 00:00:00'),(477,2,2,154,103,103101,0,'\0','2013-05-21 19:58:21','2013-05-21 19:58:21','0000-00-00 00:00:00'),(478,2,2,155,103,103101,0,'\0','2013-05-21 19:58:21','2013-05-21 19:58:21','0000-00-00 00:00:00'),(479,2,2,156,103,103101,0,'\0','2013-05-21 19:58:22','2013-05-21 19:58:22','0000-00-00 00:00:00'),(480,2,2,157,103,103101,0,'\0','2013-05-21 19:58:23','2013-05-21 19:58:23','0000-00-00 00:00:00'),(481,2,2,158,103,103101,0,'\0','2013-05-21 19:59:22','2013-05-21 19:59:22','0000-00-00 00:00:00'),(482,2,53,260,109,109103,0,'\0','2013-05-22 09:15:20','2013-05-22 09:15:20','0000-00-00 00:00:00'),(483,2,53,263,109,109101,0,'\0','2013-05-24 16:13:58','2013-05-24 16:13:58','0000-00-00 00:00:00'),(484,2,53,264,109,109101,0,'\0','2013-05-24 16:16:00','2013-05-24 16:16:00','0000-00-00 00:00:00');
/*!40000 ALTER TABLE `tb_feed` ENABLE KEYS */;
UNLOCK TABLES;

--
-- Table structure for table `tb_feed_avoid`
--

DROP TABLE IF EXISTS `tb_feed_avoid`;
/*!40101 SET @saved_cs_client     = @@character_set_client */;
/*!40101 SET character_set_client = utf8 */;
CREATE TABLE `tb_feed_avoid` (
  `id` int(11) NOT NULL AUTO_INCREMENT,
  `spaceid` int(11) NOT NULL DEFAULT '0' COMMENT '空间ID',
  `employeeid` int(11) NOT NULL DEFAULT '0' COMMENT '用户ID',
  `targetid` int(11) NOT NULL DEFAULT '0' COMMENT '屏蔽对象ID',
  `module` tinyint(4) NOT NULL DEFAULT '0' COMMENT '屏蔽对象类型',
  PRIMARY KEY (`id`)
) ENGINE=MyISAM DEFAULT CHARSET=utf8;
/*!40101 SET character_set_client = @saved_cs_client */;

--
-- Dumping data for table `tb_feed_avoid`
--

LOCK TABLES `tb_feed_avoid` WRITE;
/*!40000 ALTER TABLE `tb_feed_avoid` DISABLE KEYS */;
/*!40000 ALTER TABLE `tb_feed_avoid` ENABLE KEYS */;
UNLOCK TABLES;

--
-- Table structure for table `tb_feed_privacy`
--

DROP TABLE IF EXISTS `tb_feed_privacy`;
/*!40101 SET @saved_cs_client     = @@character_set_client */;
/*!40101 SET character_set_client = utf8 */;
CREATE TABLE `tb_feed_privacy` (
  `id` int(11) NOT NULL AUTO_INCREMENT,
  `feedid` int(11) NOT NULL DEFAULT '0' COMMENT '动态ID',
  `targetid` int(11) NOT NULL DEFAULT '0' COMMENT '产生动态的对象id',
  `module` tinyint(4) NOT NULL DEFAULT '0' COMMENT '产生动态的对象类型',
  `objectid` int(11) NOT NULL DEFAULT '0' COMMENT '对象id  （人员 部门或群组ID）',
  `objecttype` tinyint(4) NOT NULL DEFAULT '0' COMMENT '对象类型  (1 成员  2部门 3群组 )',
  PRIMARY KEY (`id`)
) ENGINE=MyISAM AUTO_INCREMENT=59 DEFAULT CHARSET=utf8;
/*!40101 SET character_set_client = @saved_cs_client */;

--
-- Dumping data for table `tb_feed_privacy`
--

LOCK TABLES `tb_feed_privacy` WRITE;
/*!40000 ALTER TABLE `tb_feed_privacy` DISABLE KEYS */;
INSERT INTO `tb_feed_privacy` VALUES (1,13,11,107,4,1),(2,13,11,107,48,1),(3,13,11,107,2,1),(4,41,12,107,47,1),(5,41,12,107,2,1),(6,41,12,107,30,1),(7,41,12,107,38,1),(8,41,12,107,53,1),(9,41,12,107,51,1),(10,41,12,107,31,1),(11,43,13,107,48,1),(12,44,14,107,2,1),(13,45,15,107,2,1),(14,45,15,107,38,1),(15,45,15,107,47,1),(16,45,15,107,31,1),(17,46,16,107,2,1),(18,47,17,107,30,1),(19,48,18,107,48,1),(20,126,19,107,48,1),(21,129,20,107,53,1),(22,134,21,107,62,1),(23,135,22,107,62,1),(24,136,23,107,62,1),(25,146,24,107,48,1),(26,146,24,107,2,1),(27,146,24,107,31,1),(28,151,230,109,53,1),(29,152,231,109,53,1),(30,156,235,109,53,1),(31,157,236,109,2,1),(32,158,237,109,2,1),(33,178,25,107,52,1),(34,194,241,109,53,1),(35,195,26,107,2,1),(36,206,246,109,53,1),(37,208,248,109,53,1),(38,284,27,107,2,1),(39,284,27,107,38,1),(40,287,28,107,2,1),(41,298,29,107,91,1),(42,301,30,107,2,1),(43,302,31,107,48,1),(44,302,31,107,31,1),(45,303,32,107,2,1),(46,304,33,107,2,1),(47,304,33,107,62,1),(48,317,35,107,2,1),(49,317,35,107,48,1),(50,322,36,107,2,1),(51,323,37,107,62,1),(52,324,38,107,62,1),(53,395,39,107,2,1),(54,396,40,107,2,1),(55,398,41,107,62,1),(56,398,41,107,2,1),(57,404,42,107,48,1),(58,405,43,107,48,1);
/*!40000 ALTER TABLE `tb_feed_privacy` ENABLE KEYS */;
UNLOCK TABLES;

--
-- Table structure for table `tb_feed_topic_relation`
--

DROP TABLE IF EXISTS `tb_feed_topic_relation`;
/*!40101 SET @saved_cs_client     = @@character_set_client */;
/*!40101 SET character_set_client = utf8 */;
CREATE TABLE `tb_feed_topic_relation` (
  `id` int(11) NOT NULL AUTO_INCREMENT,
  `feedid` int(11) NOT NULL DEFAULT '0' COMMENT '动态ID',
  `targetid` int(11) NOT NULL DEFAULT '0' COMMENT '产生动态的对象id',
  `module` tinyint(4) NOT NULL DEFAULT '0' COMMENT '产生动态的对象类型',
  `topicid` int(11) NOT NULL DEFAULT '0' COMMENT '话题ID',
  PRIMARY KEY (`id`)
) ENGINE=MyISAM DEFAULT CHARSET=utf8 COMMENT='动态话题关联表';
/*!40101 SET character_set_client = @saved_cs_client */;

--
-- Dumping data for table `tb_feed_topic_relation`
--

LOCK TABLES `tb_feed_topic_relation` WRITE;
/*!40000 ALTER TABLE `tb_feed_topic_relation` DISABLE KEYS */;
/*!40000 ALTER TABLE `tb_feed_topic_relation` ENABLE KEYS */;
UNLOCK TABLES;

--
-- Table structure for table `tb_feed_user_operation`
--

DROP TABLE IF EXISTS `tb_feed_user_operation`;
/*!40101 SET @saved_cs_client     = @@character_set_client */;
/*!40101 SET character_set_client = utf8 */;
CREATE TABLE `tb_feed_user_operation` (
  `id` int(11) NOT NULL AUTO_INCREMENT,
  `feedid` int(11) NOT NULL DEFAULT '0' COMMENT '动态ID',
  `targetid` int(11) NOT NULL DEFAULT '0' COMMENT '产生动态的对象id',
  `module` tinyint(4) NOT NULL DEFAULT '0' COMMENT '产生动态的对象类型',
  `employeeid` int(11) NOT NULL DEFAULT '0' COMMENT '成员id',
  `operationtype` tinyint(4) NOT NULL DEFAULT '0' COMMENT '喜好类型 1喜欢 2收藏 3屏蔽',
  PRIMARY KEY (`id`)
) ENGINE=MyISAM AUTO_INCREMENT=59 DEFAULT CHARSET=utf8;
/*!40101 SET character_set_client = @saved_cs_client */;

--
-- Dumping data for table `tb_feed_user_operation`
--

LOCK TABLES `tb_feed_user_operation` WRITE;
/*!40000 ALTER TABLE `tb_feed_user_operation` DISABLE KEYS */;
INSERT INTO `tb_feed_user_operation` VALUES (1,0,129,109,2,1),(2,0,129,109,32,1),(3,0,129,109,38,2),(4,210,4,103,2,1),(5,210,4,103,2,2),(24,231,16,103,2,1),(25,232,17,103,2,2),(28,238,22,103,2,1),(29,239,22,103,2,2),(30,242,23,103,2,1),(31,269,47,103,40,1),(32,270,47,103,40,2),(33,279,57,103,2,1),(34,280,57,103,2,2),(35,281,50,103,2,1),(37,331,65,103,48,1),(42,326,67,103,2,1),(44,342,71,103,2,1),(45,342,71,103,2,2),(46,349,67,103,40,2),(55,326,67,103,40,1),(56,417,124,103,51,1);
/*!40000 ALTER TABLE `tb_feed_user_operation` ENABLE KEYS */;
UNLOCK TABLES;

--
-- Table structure for table `tb_file`
--

DROP TABLE IF EXISTS `tb_file`;
/*!40101 SET @saved_cs_client     = @@character_set_client */;
/*!40101 SET character_set_client = utf8 */;
CREATE TABLE `tb_file` (
  `id` int(11) NOT NULL AUTO_INCREMENT,
  `parentid` int(11) NOT NULL DEFAULT '0' COMMENT '父节点ID',
  `ancestorids` varchar(256) NOT NULL DEFAULT '' COMMENT '祖先IDs',
  `level` tinyint(4) NOT NULL DEFAULT '0' COMMENT '层级',
  `isleaf` bit(1) NOT NULL DEFAULT b'0' COMMENT '是否是叶子节点',
  `spaceid` int(11) NOT NULL DEFAULT '0' COMMENT '空间ID',
  `title` varchar(256) NOT NULL DEFAULT '' COMMENT '资源的标题',
  `content` varchar(1024) NOT NULL DEFAULT '' COMMENT '资源描述',
  `createtime` datetime NOT NULL DEFAULT '0000-00-00 00:00:00' COMMENT '创建时间',
  `creatorid` int(11) NOT NULL DEFAULT '0' COMMENT ' 创建人ID',
  `folderid` int(11) NOT NULL DEFAULT '0' COMMENT '所属文件夹id',
  `fromid` int(11) NOT NULL DEFAULT '0' COMMENT '来源的ID',
  `fromtype` tinyint(4) NOT NULL DEFAULT '0' COMMENT '来源类型',
  `crmtype` tinyint(4) NOT NULL DEFAULT '0' COMMENT 'CRM文档类型 1 销售机会 2 客户',
  `keywords` varchar(512) NOT NULL DEFAULT '' COMMENT '标题的搜索关键字',
  `isdownloadable` bit(1) NOT NULL DEFAULT b'1' COMMENT '是否允许下载',
  `follownum` int(11) NOT NULL DEFAULT '0' COMMENT '关注量',
  `commentnum` int(11) NOT NULL DEFAULT '0' COMMENT '评论量',
  `downnum` int(11) NOT NULL DEFAULT '0' COMMENT '下载量',
  `viewnum` int(11) NOT NULL DEFAULT '0' COMMENT '浏览量',
  `isvisible` bit(1) NOT NULL DEFAULT b'1' COMMENT '是否显示',
  PRIMARY KEY (`id`)
) ENGINE=MyISAM AUTO_INCREMENT=265 DEFAULT CHARSET=utf8;
/*!40101 SET character_set_client = @saved_cs_client */;

--
-- Dumping data for table `tb_file`
--

LOCK TABLES `tb_file` WRITE;
/*!40000 ALTER TABLE `tb_file` DISABLE KEYS */;
INSERT INTO `tb_file` VALUES (1,0,'',0,'\0',2,'sss','sss','0000-00-00 00:00:00',3,0,24,108,0,'','',0,0,0,0,''),(2,0,'',0,'\0',2,'这是聊天绿化率','','0000-00-00 00:00:00',2,0,24,108,0,'','',0,0,0,0,''),(3,0,'|',0,'',2,'rrrr','','2013-04-18 16:04:18',2,0,24,108,0,'','',0,0,0,0,''),(4,0,'|',0,'',2,'rrrr','','2013-04-18 16:05:10',3,0,24,108,0,'','',0,0,0,0,''),(5,0,'|',0,'',2,'rrrr','','2013-04-18 16:06:31',3,0,24,108,0,'','',0,0,0,0,''),(6,0,'|',0,'',2,'logo140','','2013-04-18 16:07:09',3,0,24,108,0,'','',0,0,0,0,''),(7,0,'|',0,'',2,'自行车','','2013-04-18 16:07:51',3,0,24,108,0,'','',0,0,0,0,''),(9,0,'|',0,'',2,'logo140','','2013-04-19 08:41:29',3,0,24,108,0,'','',0,0,0,0,''),(10,0,'|',0,'',2,'logo140','','2013-04-19 09:19:21',3,0,38,108,0,'','',0,0,0,0,''),(11,0,'|',0,'',2,'身边的感动','','2013-04-19 11:00:24',3,0,24,108,0,'','',0,0,1,0,''),(12,0,'|',0,'',2,'身边的感动','','2013-04-19 11:31:24',3,0,37,108,0,'','',0,0,0,0,''),(13,0,'|',0,'',2,'2','2222222222222222222222222222222222222222222222222222222222222222222222222222222222222222222222222222222222222222222222222222222222222222222222222222222222222222222222222222222222222222222222222222222222222222222222222222222222222222222222222222222','2013-04-19 15:51:02',1185,0,0,0,0,'','\0',0,0,0,0,''),(14,0,'|',0,'',2,'3','333333333333333333333333333333333333333333333333333333333333333333333333333333333333333333333333333333333333333333333333333333333333333333333333333333333333333333333333333333333333333333333333333333333333333333333333','2013-04-19 15:51:05',1185,0,0,0,0,'','\0',0,0,0,0,''),(15,0,'|',0,'',2,'4','44444444444444444444444444444444444444444444444444444444444444444444444444444444444444444444444444444444444444444444444444444444444444444444444444','2013-04-19 15:51:09',1185,0,0,0,0,'','\0',0,0,0,0,''),(16,0,'|',0,'',2,'5','5555555555555555555555555555555555555555555555555555555555555555555555555555555555555555555555555555555555555555555555555555555555555555555555555555555555555555555555555555555555555555555','2013-04-19 15:51:14',1185,0,0,0,0,'','\0',0,0,0,0,''),(17,0,'|',0,'',2,'06e7f2b102674047092302a4','06e7f2b102674047092302a406e7f2b102674047092302a406e7f2b102674047092302a406e7f2b102674047092302a406e7f2b102674047092302a406e7f2b102674047092302a4','2013-04-19 15:51:18',1185,0,0,0,0,'','\0',0,0,0,0,''),(18,0,'|',0,'',2,'6','','2013-04-19 15:51:21',1185,0,0,0,0,'','',0,0,0,0,''),(19,0,'|',0,'\0',2,'4','getFilesgetFilesgetFilesgetFilesgetFilesgetFilesgetFilesgetFilesgetFilesgetFilesgetFilesgetFiles','2013-04-19 16:00:45',2,0,38,108,0,'','\0',0,5,0,0,''),(20,0,'|',0,'',2,'5','55555555555555555555555555555555555555555555555555555555555555555555555555555555555555555555555555555555555555555555555555555555555555555555555555555555','2013-04-19 16:00:50',2,0,38,108,0,'','\0',0,0,0,0,''),(21,0,'|',0,'',2,'06e7f2b102674047092302a4','06e7f2b102674047092302a406e7f2b102674047092302a406e7f2b102674047092302a406e7f2b102674047092302a406e7f2b102674047092302a4','2013-04-19 16:00:53',2,0,38,108,0,'','\0',0,0,0,0,'\0'),(22,0,'|',0,'',2,'6','666666666666666666666666666666666666666666666666666666666666666666666666666666666666666666666666666666666666666666666666666666666666666666666666','2013-04-19 16:00:57',2,0,38,108,0,'','\0',0,0,0,0,''),(23,0,'|',0,'',2,'7','7777777777777777777777777777777777777777777777777777777777777777777777777777777777777777777777777777777777777777777777777777777777777777777777777777777777777777','2013-04-19 16:01:00',2,0,38,108,0,'','\0',0,0,0,0,''),(24,0,'|',0,'',2,'2','','2013-04-19 16:04:53',2,0,38,108,0,'','\0',0,1,0,0,''),(25,0,'|',0,'\0',2,'55555555555555555','','2013-04-19 16:04:57',2,0,38,108,0,'','\0',0,0,0,0,''),(26,0,'|',0,'',2,'4','','2013-04-19 16:05:01',2,0,38,108,0,'','\0',0,0,0,0,'\0'),(27,0,'|',0,'',2,'5','','2013-04-19 16:05:07',2,0,38,108,0,'','\0',0,0,0,0,'\0'),(28,0,'|',0,'',2,'06e7f2b102674047092302a4','','2013-04-19 16:05:10',2,0,38,108,0,'','\0',0,0,0,0,'\0'),(29,0,'|',0,'',2,'6','','2013-04-19 16:05:14',2,0,38,108,0,'','',0,0,1,0,'\0'),(30,0,'|',0,'',2,'7','','2013-04-19 16:14:24',2,0,38,108,0,'','\0',0,0,0,0,'\0'),(31,0,'|',0,'\0',2,'6','','2013-04-19 16:14:46',2,-1,0,0,0,'','\0',0,0,0,0,''),(32,0,'|',0,'',2,'2','','2013-04-19 16:51:01',2,0,38,108,0,'','\0',0,0,0,0,'\0'),(33,0,'|',0,'',2,'3','','2013-04-19 16:51:04',2,0,38,108,0,'','\0',0,0,0,0,'\0'),(34,0,'|',0,'',2,'4','','2013-04-19 16:51:08',2,0,38,108,0,'','\0',0,0,0,0,'\0'),(35,0,'|',0,'',2,'5','','2013-04-19 16:51:13',2,0,38,108,0,'','\0',0,0,0,0,'\0'),(36,0,'|',0,'',2,'06e7f2b102674047092302a4','','2013-04-19 16:51:18',2,0,38,108,0,'','\0',0,0,0,0,'\0'),(37,0,'|',0,'',2,'61111','1111111111111111111,11122222','2013-04-19 16:51:21',2,0,38,108,0,'','\0',0,0,0,0,'\0'),(38,0,'|',0,'',2,'7','','2013-04-20 10:37:59',2,0,38,108,0,'','\0',0,0,0,0,'\0'),(39,0,'|',0,'',2,'修改文档标题的索引成功了吧','11111','2013-04-20 10:39:14',2,0,38,108,0,'','\0',0,0,0,0,'\0'),(40,0,'|',0,'',2,'888888888888888888888888','66666666666666666666666666666','2013-04-20 10:42:10',2,0,38,108,0,'','\0',0,0,0,0,'\0'),(41,0,'|',0,'',2,'7','','2013-04-20 10:44:32',2,0,38,108,0,'','\0',0,0,0,0,'\0'),(42,0,'|',0,'',2,'8c72fbb9tw1dnkh0htj53j','','2013-04-20 10:49:19',2,0,38,108,0,'','\0',0,0,0,0,'\0'),(43,0,'|',0,'',2,'2','22222222222222222','2013-04-20 10:50:14',2,0,38,108,0,'','\0',0,0,0,0,'\0'),(44,0,'|',0,'',2,'3','3333333333333333333','2013-04-20 10:50:17',2,0,38,108,0,'','\0',0,0,0,0,'\0'),(45,0,'|',0,'\0',2,'2','','2013-04-20 10:53:30',2,0,38,108,0,'','\0',0,0,0,0,'\0'),(46,0,'|',0,'',2,'3','','2013-04-20 10:53:34',2,0,38,108,0,'','\0',0,0,0,0,'\0'),(47,31,'|31|',1,'',2,'7','','2013-04-20 11:33:25',2,-1,0,0,0,'','',0,0,0,0,''),(48,25,'|25|',1,'\0',2,'7777777777777777777777','','2013-04-20 11:35:46',2,0,38,108,0,'','',0,0,0,0,''),(49,25,'|25|',1,'\0',2,'7777777777777777777777','','2013-04-20 11:36:17',2,0,38,108,0,'','',0,0,0,0,''),(50,25,'|25|',1,'',2,'7777777777777777777777','','2013-04-20 11:38:08',2,0,38,108,0,'','',0,0,0,0,''),(51,0,'|',0,'\0',2,'2','','2013-04-20 15:43:29',2,0,38,108,0,'','\0',0,0,0,0,''),(52,0,'|',0,'',2,'7','777777777777777777777777777777777777777777777777777777777777777777777777777777777777777777777777777777777777777777777777777777777777777777777777777777777','2013-04-20 15:44:31',2,0,38,108,0,'','\0',0,0,0,0,''),(53,0,'|',0,'',2,'6','','2013-04-20 15:57:31',2,0,38,108,0,'','\0',0,0,0,0,''),(54,0,'|',0,'\0',2,'6','是dsd酸发送到冯绍峰是否是','2013-04-20 15:58:54',2,0,38,108,0,'','\0',0,0,0,0,''),(55,0,'|',0,'',2,'8','','2013-04-20 15:59:48',2,-1,0,0,0,'','',0,6,0,0,'\0'),(56,0,'|',0,'',2,'8','','2013-04-20 16:01:10',2,-1,0,0,0,'','',0,0,0,0,''),(57,0,'|',0,'',2,'看看','','2013-04-22 09:32:11',2,0,42,108,0,'','',0,0,0,0,''),(58,54,'|54|',1,'',2,'6','是dsd酸发送到冯绍峰是否是','2013-04-22 14:29:07',2,0,38,108,0,'','',0,0,0,0,''),(59,19,'|19|',1,'',2,'4','','2013-04-23 10:45:44',2,0,38,108,0,'','',0,5,0,0,''),(60,0,'|',0,'\0',2,'7','','2013-04-23 11:16:52',2,0,38,108,0,'','\0',0,0,0,0,''),(61,60,'|60|',1,'',2,'7','','2013-04-23 11:17:39',2,0,38,108,0,'','',0,0,0,0,''),(62,0,'|',0,'\0',2,'5','','2013-04-23 11:20:22',2,0,38,108,0,'','\0',0,4,0,0,''),(63,62,'|62|',1,'',2,'5','','2013-04-23 11:22:38',2,0,38,108,0,'','',0,4,0,0,''),(64,0,'|',0,'',2,'3','','2013-04-23 11:24:32',2,0,42,108,0,'','\0',0,0,0,1,''),(65,0,'|',0,'',2,'2','','2013-04-23 11:25:20',2,0,38,108,0,'','\0',0,0,0,0,''),(66,0,'|',0,'',2,'3','','2013-04-23 11:25:25',2,0,38,108,0,'','',0,0,0,0,''),(67,0,'|',0,'',2,'jiaju','','2013-04-24 15:56:36',2,0,45,108,0,'','',0,0,0,0,''),(68,0,'|',0,'',2,'看看','','2013-04-24 16:16:14',2,0,45,108,0,'','',0,0,0,0,''),(69,51,'|51|',1,'',2,'2','','2013-04-24 16:26:34',2,0,38,108,0,'','',0,0,0,0,''),(70,0,'|',0,'',2,'看看','','2013-04-24 16:29:48',2,0,45,108,0,'','',0,0,0,0,''),(71,0,'|',0,'',2,'logo140','','2013-04-24 16:31:04',2,0,45,108,0,'','',0,0,0,0,''),(72,0,'|',0,'',2,'1346381822v4qm.jpg.thumb','','2013-04-24 16:31:52',2,0,45,108,0,'','',0,1,0,0,''),(73,0,'|',0,'',2,'rrrr','','2013-04-24 16:32:15',2,0,45,108,0,'','',0,0,0,0,''),(74,0,'|',0,'',2,'自行车','','2013-04-24 16:32:36',2,0,45,108,0,'','',0,0,0,0,''),(75,0,'|',0,'',2,'rrrr','','2013-04-24 16:32:53',2,0,45,108,0,'','',0,0,0,0,''),(76,0,'|',0,'',2,'rrrr','','2013-04-24 16:49:10',2,0,45,108,0,'','',0,0,0,0,''),(77,0,'|',0,'',2,'group_bj','','2013-04-24 16:49:26',2,0,45,108,0,'','',0,0,0,0,''),(78,0,'|',0,'',2,'1346381822v4qm.jpg.thumb','','2013-04-24 16:49:39',2,0,45,108,0,'','',0,0,0,0,''),(79,0,'|',0,'',2,'自然美景','','2013-04-25 08:38:53',3,0,45,108,0,'','',0,0,0,0,''),(80,0,'|',0,'',2,'1346381822v4qm.jpg.thumb','','2013-04-25 08:43:34',3,0,45,108,0,'','',0,0,0,1,''),(81,0,'|',0,'',2,'1346381822v4qm.jpg.thumb','','2013-04-25 08:44:37',3,0,45,108,0,'','',0,0,0,0,''),(82,0,'|',0,'',2,'logo140','','2013-04-25 08:45:08',3,0,45,108,0,'','',0,0,0,0,''),(83,0,'|',0,'',2,'logo140','','2013-04-25 08:45:35',3,0,45,108,0,'','',0,0,0,0,''),(84,0,'|',0,'',2,'让伙伴轻松获利','','2013-04-25 08:53:20',3,0,45,108,0,'','',0,0,0,0,''),(85,0,'|',0,'',2,'group_bj','','2013-04-25 09:01:03',3,0,45,108,0,'','',0,0,0,0,''),(86,0,'|',0,'',2,'logo140','','2013-04-26 08:58:38',3,0,45,108,0,'','',0,0,0,0,''),(87,0,'|',0,'',2,'rrrr','','2013-04-26 09:01:31',3,0,45,108,0,'','',0,0,0,0,''),(88,0,'|',0,'',2,'logo140','','2013-04-26 09:24:24',3,0,45,108,0,'','',0,0,0,0,''),(89,0,'|',0,'',2,'自行车','','2013-04-26 09:59:18',51,0,42,108,0,'','',0,0,0,0,''),(90,0,'|',0,'',2,'1346381822v4qm.jpg.thumb','','2013-04-26 10:05:38',51,0,42,108,0,'','',0,0,0,0,''),(91,0,'|',0,'',2,'rrrr','','2013-04-26 10:07:00',51,0,42,108,0,'','',0,0,0,0,''),(92,0,'|',0,'',2,'rrrr','','2013-04-26 10:08:06',51,0,42,108,0,'','',0,0,0,0,''),(93,0,'|',0,'',2,'自行车','','2013-04-26 10:09:54',51,0,42,108,0,'','',0,0,0,0,''),(94,0,'|',0,'',2,'group_bj','','2013-04-26 10:11:20',51,0,42,108,0,'','',0,0,0,0,''),(95,0,'|',0,'',2,'1346381822v4qm.jpg.thumb','','2013-04-26 10:11:54',51,0,42,108,0,'','',0,0,0,0,''),(96,0,'|',0,'',2,'自行车','','2013-04-26 10:14:56',2,0,45,108,0,'','',0,0,0,0,''),(97,0,'|',0,'',2,'rrrr','','2013-04-26 10:33:24',51,0,45,108,0,'','',0,0,0,0,''),(98,0,'|',0,'\0',2,'自然美景','','2013-04-26 16:23:39',51,0,46,108,0,'','',0,2,2,0,''),(99,0,'|',0,'',2,'1.jpg.1thumb','','2013-04-27 14:57:03',2,0,38,108,0,'','\0',0,0,0,0,''),(100,0,'|',0,'',2,'1.jpg.1thumb','','2013-04-27 14:57:18',2,0,45,108,0,'','\0',0,0,0,0,''),(101,0,'|',0,'',2,'6','','2013-04-27 14:58:57',2,0,45,108,0,'','\0',0,0,0,0,''),(102,0,'|',0,'',2,'29','','2013-04-27 15:06:54',2,0,45,108,0,'','\0',0,0,0,0,''),(103,0,'|',0,'',2,'11.5文档的1','','2013-04-27 15:13:26',2,-1,0,0,0,'','\0',0,0,0,0,''),(104,0,'|',0,'',2,'11.5文档的1','','2013-04-27 15:19:01',0,-1,0,0,0,'','\0',0,0,0,0,''),(105,0,'|',0,'',2,'11.5文档的1','','2013-04-27 15:19:26',0,-1,0,0,0,'','\0',0,0,0,0,''),(106,0,'|',0,'',0,'1','','2013-04-27 15:22:57',0,0,0,0,0,'','',0,0,0,0,''),(107,0,'|',0,'',2,'11.5文档的1','','2013-04-27 15:30:47',0,-1,0,0,0,'','\0',0,0,0,0,''),(108,0,'|',0,'',0,'11.5文档的1','','2013-04-27 15:35:31',0,0,0,0,0,'','',0,0,0,0,''),(109,0,'|',0,'',0,'1','','2013-04-27 15:37:27',0,0,0,0,0,'','',0,0,0,0,''),(110,0,'|',0,'',0,'1','','2013-04-27 15:38:05',0,0,0,0,0,'','',0,0,0,0,''),(111,0,'|',0,'',0,'1','','2013-04-27 15:38:27',0,0,0,0,0,'','',0,0,0,0,''),(112,0,'|',0,'',0,'1','','2013-04-27 15:41:03',0,0,0,0,0,'','',0,0,0,0,''),(113,0,'|',0,'',0,'1','','2013-04-27 15:41:56',0,0,0,0,0,'','',0,0,0,0,''),(114,0,'|',0,'',0,'11.5文档的1','','2013-04-27 15:42:44',0,0,0,0,0,'','',0,0,0,0,''),(115,0,'|',0,'',2,'11.5文档的1','','2013-04-27 15:47:26',53,0,0,0,0,'','',0,0,0,0,''),(116,0,'|',0,'',2,'11.5文档的1','','2013-04-27 15:49:32',53,0,0,0,0,'','',0,0,0,0,''),(117,0,'|',0,'',2,'11.5文档的1','ddddd','2013-04-27 15:51:55',53,3,0,0,0,'','\0',0,0,0,0,''),(118,0,'|',0,'',2,'1','','2013-04-27 15:52:17',53,0,0,0,0,'','\0',0,0,0,0,''),(119,0,'|',0,'\0',2,'1','','2013-04-27 15:53:44',53,-1,0,0,0,'','',0,-1,2,5,''),(120,0,'|',0,'',2,'1.jpg.1thumb','','2013-04-27 16:19:10',53,0,0,0,0,'','\0',0,0,0,0,''),(121,0,'|',0,'',2,'2','','2013-04-27 16:19:13',53,0,0,0,0,'','',0,0,0,0,''),(122,0,'|',0,'',2,'2','','2013-04-27 16:20:11',53,0,0,0,0,'','\0',0,0,0,0,''),(123,0,'|',0,'',2,'3','','2013-04-27 16:20:13',53,0,0,0,0,'','\0',0,0,0,0,''),(124,0,'|',0,'',2,'06e7f2b102674047092302a4','','2013-04-27 16:21:02',53,0,0,0,0,'','\0',0,0,0,0,''),(125,0,'|',0,'',2,'1.jpg.1thumb','','2013-04-28 10:05:24',53,0,0,0,0,'','\0',0,0,0,0,''),(126,0,'|',0,'',2,'06e7f2b102674047092302a4','','2013-04-28 10:05:47',53,0,0,0,0,'','',0,0,0,0,''),(127,0,'|',0,'',2,'rrrr','','2013-04-28 10:21:58',2,0,24,108,0,'','',0,0,1,0,''),(128,98,'|98|',1,'\0',2,'自然美景','','2013-04-28 10:26:03',53,0,46,108,0,'','',0,2,0,0,''),(129,98,'|98|',1,'',2,'自然美景','','2013-04-28 10:26:12',53,0,46,108,0,'','',0,2,0,0,''),(130,0,'|',0,'',2,'1.jpg.1thumb','','2013-04-28 11:07:07',53,0,46,108,0,'','\0',0,0,0,0,''),(131,0,'|',0,'',2,'2','','2013-04-28 11:07:10',53,0,46,108,0,'','\0',0,0,0,0,''),(132,0,'|',0,'',2,'3','','2013-04-28 11:07:14',53,0,46,108,0,'','\0',0,0,0,0,''),(133,0,'|',0,'',2,'1.jpg.1thumb','','2013-04-28 11:08:20',53,0,46,108,0,'','',0,0,0,0,''),(134,0,'|',0,'',2,'2','','2013-04-28 11:11:42',53,0,46,108,0,'','',0,0,1,0,'\0'),(135,0,'|',0,'',2,'06e7f2b102674047092302a4','','2013-04-28 11:13:21',53,0,46,108,0,'','',0,0,0,0,''),(136,0,'|',0,'',2,'5','','2013-04-28 11:13:54',53,0,46,108,0,'','',0,0,1,0,''),(137,0,'|',0,'',2,'5','','2013-04-28 11:14:44',53,0,46,108,0,'','',0,0,0,0,''),(138,0,'|',0,'',2,'1.jpg.1thumb','','2013-04-28 11:16:17',53,0,46,108,0,'','',0,0,0,0,''),(139,0,'|',0,'',2,'5','','2013-04-28 11:18:29',53,0,0,0,0,'','',0,0,0,0,''),(140,0,'|',0,'',2,'1.jpg.1thumb','ddddsdddd','2013-04-28 11:23:20',53,0,0,0,0,'','\0',0,0,0,0,''),(141,0,'|',0,'\0',2,'06e7f2b102674047092302a4','','2013-04-28 13:32:18',53,0,0,0,0,'','\0',0,0,0,0,''),(142,0,'|',0,'',2,'06e7f2b102674047092302a4','','2013-04-28 13:35:43',53,0,0,0,0,'','\0',0,0,0,0,'\0'),(143,0,'|',0,'',2,'06e7f2b102674047092302a4','','2013-04-28 13:44:29',53,0,46,108,0,'','\0',0,0,0,0,''),(144,0,'|',0,'',2,'7','','2013-04-28 13:44:55',53,0,46,108,0,'','\0',0,0,0,1,''),(145,0,'|',0,'',2,'06e7f2b102674047092302a4','','2013-04-28 13:53:39',53,0,0,0,0,'','',0,0,0,0,''),(146,0,'|',0,'',2,'06e7f2b102674047092302a4333','fsdfsdsd','2013-04-28 13:56:41',53,0,46,108,0,'','\0',0,6,0,0,''),(147,0,'|',0,'',2,'06e7f2b102674047092302a4','','2013-04-28 13:57:09',53,0,0,108,0,'','\0',0,0,0,0,''),(148,0,'|',0,'',2,'5','','2013-04-28 14:01:47',53,0,46,108,0,'','',0,0,0,0,''),(149,0,'|',0,'',2,'6','','2013-04-28 14:14:31',53,0,0,0,0,'','\0',0,0,0,0,''),(150,0,'|',0,'',2,'3','','2013-04-28 14:15:53',53,0,45,108,0,'','',0,1,0,3,''),(151,0,'|',0,'\0',2,'06e7f2b102674047092302a4','','2013-04-28 14:18:59',53,0,0,108,0,'','',0,43,0,0,''),(152,0,'|',0,'',2,'06e7f2b102674047092302a4','','2013-04-28 14:19:36',53,0,0,108,0,'','',0,0,0,0,''),(153,0,'|',0,'',2,'06e7f2b102674047092302a4','','2013-04-28 14:20:04',53,0,0,108,0,'','',0,0,0,0,''),(154,0,'|',0,'',2,'5','','2013-04-28 14:22:02',53,0,0,108,0,'','',0,0,0,0,''),(155,0,'|',0,'',2,'06e7f2b102674047092302a4','','2013-04-28 14:23:59',53,-1,0,108,0,'','\0',0,0,0,0,''),(156,0,'|',0,'\0',2,'2','','2013-04-28 14:42:18',53,0,0,108,0,'','\0',0,0,0,0,''),(157,156,'|156|',1,'',2,'2','','2013-04-28 14:43:17',53,0,0,108,0,'','',0,0,0,0,''),(158,0,'|',0,'',2,'5','','2013-04-28 14:43:56',53,0,0,108,0,'','',0,0,0,0,''),(159,0,'|',0,'',2,'6','','2013-04-28 14:45:25',53,0,0,0,0,'','\0',0,0,0,0,''),(160,0,'|',0,'',2,'5','','2013-04-28 14:48:07',53,0,46,108,0,'','',0,0,0,0,''),(161,0,'|',0,'',2,'5','','2013-04-28 14:49:25',53,0,0,0,0,'','',0,0,0,0,''),(162,0,'|',0,'',2,'06e7f2b102674047092302a4','','2013-04-28 14:49:33',53,0,0,0,0,'','',0,0,0,0,''),(163,0,'|',0,'',2,'5','','2013-04-28 14:49:43',53,0,0,0,0,'','',0,0,0,0,''),(164,0,'|',0,'',2,'5','','2013-04-28 14:51:34',53,0,46,108,0,'','',0,0,0,0,''),(165,0,'|',0,'',2,'5','','2013-04-28 14:51:47',53,0,0,0,0,'','',0,0,0,0,''),(166,0,'|',0,'',2,'7','','2013-04-28 14:51:53',53,0,0,0,0,'','',0,0,0,0,''),(167,0,'|',0,'',2,'5','','2013-04-28 14:51:59',53,0,0,0,0,'','',0,0,0,0,''),(168,0,'|',0,'',2,'5','','2013-04-28 14:52:29',53,0,46,108,0,'','',0,0,0,0,''),(169,0,'|',0,'',2,'5','','2013-04-28 14:53:07',53,0,45,108,0,'','',0,0,0,6,''),(170,0,'|',0,'',2,'2','','2013-04-28 14:53:18',53,0,46,108,0,'','',0,0,0,0,''),(171,0,'|',0,'',2,'5','','2013-04-28 14:54:00',53,0,46,108,0,'','',0,1,0,0,''),(172,0,'|',0,'',2,'5','','2013-04-28 14:54:57',53,0,46,108,0,'','',0,0,0,0,''),(173,0,'|',0,'',2,'1.jpg.1thumb','','2013-04-28 14:56:06',53,0,46,108,0,'','',0,0,0,0,''),(174,0,'|',0,'',2,'2','','2013-04-28 14:57:53',53,0,46,108,0,'','',0,0,0,0,''),(175,0,'|',0,'',2,'card','','2013-04-28 14:59:15',53,0,0,0,0,'','',0,0,0,0,''),(176,0,'|',0,'',2,'5','','2013-04-28 15:00:08',53,0,46,108,0,'','',0,0,2,2,''),(177,0,'|',0,'',2,'3','','2013-04-28 15:00:20',53,0,0,0,0,'','',0,1,0,0,''),(178,0,'|',0,'',2,'1.jpg.1thumb','','2013-04-28 15:00:34',53,0,0,0,0,'','',0,0,0,0,''),(179,0,'|',0,'',2,'5','','2013-04-28 15:02:21',53,0,0,0,0,'','',0,1,1,0,''),(180,0,'|',0,'',2,'admin','','2013-04-28 15:04:13',53,0,0,0,0,'','\0',0,2,0,0,''),(181,0,'|',0,'',2,'5','','2013-04-28 15:04:38',53,0,0,0,0,'','\0',0,1,0,0,''),(182,0,'|',0,'',2,'5','','2013-04-28 15:05:04',53,0,0,0,0,'','',0,0,0,0,''),(183,0,'|',0,'',2,'06e7f2b102674047092302a4','','2013-04-28 15:06:12',53,0,0,0,0,'','',0,1,0,0,''),(184,0,'|',0,'',2,'5','','2013-04-28 15:07:01',53,0,0,0,0,'','\0',0,22,0,0,''),(185,0,'|',0,'',2,'5','','2013-04-28 16:36:13',53,-1,0,0,0,'','',0,5,0,0,'\0'),(186,0,'|',0,'',2,'logo140','','2013-05-02 08:56:30',51,0,19,108,0,'','',0,0,0,0,''),(187,0,'|',0,'',2,'rrrr','','2013-05-02 10:03:13',51,0,6,108,0,'','',0,0,0,0,''),(188,0,'|',0,'',2,'1346381822v4qm.jpg.thumb','','2013-05-02 11:36:10',51,0,48,108,0,'','',0,0,0,0,''),(189,0,'|',0,'\0',2,'5','','2013-05-07 13:36:05',53,0,0,0,0,'','',0,0,0,0,''),(190,189,'|189|',1,'',2,'5','','2013-05-07 13:42:35',53,0,0,0,0,'','',0,0,0,0,''),(191,151,'|151|',1,'',2,'06e7f2b102674047092302a4','','2013-05-08 10:24:33',53,0,0,108,0,'','',0,39,1,44,''),(192,141,'|141|',1,'',2,'06e7f2b102674047092302a4','','2013-05-08 15:12:06',53,0,0,0,0,'','',0,0,0,0,''),(193,0,'|',0,'',2,'11.5文档的1','','2013-05-08 16:30:46',53,0,0,0,0,'','',0,0,0,0,''),(194,0,'|',0,'',2,'11.5文档的1','','2013-05-08 16:31:21',53,0,0,0,0,'','',0,0,0,0,''),(195,0,'|',0,'',2,'11.5文档的1','','2013-05-08 16:33:01',53,0,0,0,0,'','',0,0,0,0,''),(196,0,'|',0,'',2,'11.5文档的1','','2013-05-08 16:38:12',53,0,0,0,0,'','',0,0,0,0,''),(197,0,'|',0,'',2,'11.5文档的1','','2013-05-08 16:50:53',53,0,0,0,0,'','',0,0,0,0,''),(198,0,'|',0,'',2,'11.5文档的1','','2013-05-08 16:55:43',53,0,0,0,0,'','',0,2,0,0,''),(199,0,'|',0,'',2,'1','','2013-05-09 09:24:05',53,0,0,0,0,'','',0,0,0,0,''),(200,0,'|',0,'',2,'11.5文档的1','','2013-05-09 09:34:11',53,0,0,0,0,'','',0,0,0,0,''),(201,0,'|',0,'',0,'11.5文档的1','','2013-05-09 09:47:47',0,0,0,0,0,'','',0,0,0,0,''),(202,0,'|',0,'',2,'1','','2013-05-09 09:49:09',0,0,0,0,0,'','',0,0,0,0,''),(203,0,'|',0,'',2,'11.5文档的1','','2013-05-09 09:50:10',0,0,0,0,0,'','',0,0,0,0,''),(204,0,'|',0,'',2,'1.jpg.1thumb','','2013-05-09 09:50:53',0,0,0,0,0,'','',0,0,0,0,''),(205,0,'|',0,'',0,'2','','2013-05-09 10:07:59',0,0,0,0,0,'','',0,0,0,0,''),(206,0,'|',0,'',0,'3','','2013-05-09 10:09:16',0,0,0,0,0,'','',0,0,0,0,''),(207,0,'|',0,'',0,'5','','2013-05-09 10:12:41',0,0,0,0,0,'','',0,0,0,0,''),(208,0,'|',0,'',2,'1-12121q93005941','haha','2013-05-09 10:23:42',0,0,0,0,0,'','',0,0,0,0,''),(209,0,'|',0,'',0,'5','','2013-05-09 10:28:33',0,0,0,0,0,'','',0,0,0,0,''),(210,0,'|',0,'',0,'7','','2013-05-09 10:39:18',0,0,0,0,0,'','',0,0,0,0,''),(211,0,'|',0,'',0,'5','','2013-05-09 10:41:50',0,0,0,0,0,'','',0,0,0,0,''),(212,0,'|',0,'',2,'1-12121q93005941','第三方的说法','2013-05-09 10:47:11',52,0,0,0,0,'','',0,0,0,0,''),(213,0,'|',0,'',2,'1-12121q93005941','','2013-05-09 10:49:00',52,0,0,0,0,'','',0,0,0,0,''),(214,0,'|',0,'',2,'5','','2013-05-09 10:52:27',53,0,0,0,0,'','',0,0,0,0,''),(215,0,'|',0,'',2,'35_1284886893pmh1','','2013-05-09 11:03:54',53,0,0,0,0,'','',0,0,0,0,''),(216,0,'|',0,'',2,'1-12121q93005941','的说法','2013-05-09 13:02:53',52,0,0,0,0,'','',0,0,0,1,''),(217,0,'|',0,'',2,'123','是滴是滴','2013-05-09 13:03:30',52,0,0,0,0,'','',0,0,0,0,''),(218,0,'|',0,'',2,'1.jpg.1thumb','','2013-05-09 13:18:49',53,0,0,0,0,'','',0,0,0,0,'\0'),(219,0,'|',0,'',2,'2','','2013-05-09 13:18:51',53,0,0,0,0,'','',0,0,0,0,'\0'),(220,0,'|',0,'',2,'map','','2013-05-09 13:22:01',53,0,0,0,0,'','',0,0,0,0,''),(221,0,'|',0,'',2,'winter in my heartsdsdddd','dsdsdsdd','2013-05-09 13:23:06',53,0,0,0,0,'','',0,3,0,0,''),(222,0,'|',0,'',2,'06e7f2b102674047092302a4','','2013-05-09 13:35:43',53,0,0,0,0,'','',0,0,0,0,''),(223,0,'|',0,'',2,'06e7f2b102674047092302a4','','2013-05-09 13:35:59',53,0,0,0,0,'','',0,0,0,0,''),(224,0,'|',0,'',2,'5','','2013-05-09 13:41:12',53,0,0,0,0,'','',0,0,0,0,''),(225,0,'|',0,'',2,'5','','2013-05-09 13:42:43',53,0,0,0,0,'','',0,0,0,0,''),(226,0,'|',0,'',2,'06e7f2b102674047092302a4','','2013-05-09 13:43:40',53,0,0,0,0,'','',0,0,0,0,''),(227,0,'|',0,'',2,'7','','2013-05-09 13:46:36',53,0,0,0,0,'','',0,0,0,0,''),(228,0,'|',0,'',2,'6','','2013-05-09 13:47:30',53,0,0,0,0,'','',0,12,0,0,'\0'),(229,0,'|',0,'',2,'7','','2013-05-09 14:28:11',53,0,0,0,0,'','\0',0,0,0,0,''),(230,0,'|',0,'',2,'7','速度速度','2013-05-09 14:53:45',53,-1,0,0,0,'','',0,0,0,0,''),(231,0,'|',0,'',2,'2','','2013-05-09 14:54:50',53,6,0,0,0,'','',0,0,0,0,''),(232,0,'|',0,'',2,'5','','2013-05-09 15:01:28',53,0,0,0,0,'','',0,0,0,0,''),(233,0,'|',0,'',2,'06e7f2b102674047092302a4','','2013-05-09 15:04:00',53,0,0,0,0,'','',0,0,0,0,''),(234,0,'|',0,'',2,'5','','2013-05-09 15:08:27',53,6,0,0,0,'','',0,0,0,0,''),(235,0,'|',0,'',2,'2','','2013-05-09 15:08:39',53,-1,0,0,0,'','',-1,0,0,0,''),(236,0,'|',0,'',2,'2','','2013-05-09 15:12:26',2,1,0,0,0,'','',0,0,0,0,''),(237,0,'|',0,'',2,'3','','2013-05-09 15:12:30',2,1,0,0,0,'','',0,0,0,0,''),(238,119,'|119|',1,'',2,'1','','2013-05-09 15:27:37',2,-1,0,0,0,'','',0,1,0,0,''),(239,0,'|',0,'',2,'06e7f2b102674047092302a4','','2013-05-09 16:03:44',53,-1,0,0,0,'','',1,6,1,31,''),(240,0,'|',0,'',2,'1346381822v4qm.jpg.thumb','','2013-05-10 13:30:41',51,0,53,108,0,'','',1,1,0,3,''),(241,0,'|',0,'\0',2,'5','','2013-05-13 14:08:41',53,-1,0,0,0,'','',1,0,0,5,''),(242,241,'|241|',1,'\0',2,'5','','2013-05-13 14:58:42',53,-1,0,0,0,'','',1,0,0,7,''),(243,242,'|241|242|',2,'\0',2,'5','','2013-05-13 15:10:04',53,-1,0,0,0,'','',0,0,0,0,''),(244,242,'|241|242|',2,'\0',2,'5','','2013-05-13 15:10:21',53,-1,0,0,0,'','',0,0,0,0,''),(245,242,'|241|242|',2,'',2,'5','','2013-05-13 15:19:15',53,-1,0,0,0,'','',0,0,0,2,''),(246,0,'|',0,'\0',2,'1.jpg.1thumb','','2013-05-13 15:36:39',53,-1,0,0,0,'','',1,0,0,2,''),(247,246,'|246|',1,'',2,'1.jpg.1thumb','','2013-05-13 15:37:16',53,-1,0,0,0,'','',0,0,0,2,''),(248,0,'|',0,'\0',2,'1.jpg.1thumb','','2013-05-13 15:49:50',53,-1,0,0,0,'','',1,1,1,15,''),(249,0,'|',0,'',2,'06e7f2b102674047092302a4','','2013-05-15 14:19:34',53,0,44,108,0,'','',2,1,1,5,''),(250,248,'|248|',1,'\0',2,'1.jpg.1thumb','','2013-05-15 14:32:57',53,-1,0,0,0,'','',0,0,0,5,''),(251,250,'|248|250|',2,'',2,'1.jpg.1thumb','','2013-05-15 14:39:20',53,-1,0,0,0,'','',0,0,0,1,''),(252,0,'|',0,'',2,'rrrr','','2013-05-15 15:22:26',51,0,77,108,0,'','',0,0,0,0,''),(253,0,'|',0,'',2,'1364870788qntv','','2013-05-15 16:30:43',51,0,74,108,0,'','',0,0,0,3,''),(254,0,'|',0,'',2,'tulips','','2013-05-15 19:52:17',47,0,0,0,0,'','',1,0,0,3,''),(255,0,'|',0,'',2,'2','','2013-05-16 10:51:03',53,0,0,0,0,'','',1,0,0,1,''),(256,0,'|',0,'',2,'180_180','sdf','2013-05-16 11:30:47',52,0,0,0,0,'','',1,0,0,4,''),(257,0,'|',0,'',2,'logo140','','2013-05-16 13:21:57',51,0,79,108,0,'','',0,1,0,2,''),(258,0,'|',0,'',2,'3','','2013-05-16 13:39:43',53,0,0,0,0,'','',1,0,0,0,''),(259,0,'|',0,'',2,'06e7f2b102674047092302a4','','2013-05-16 14:59:33',53,0,0,0,0,'','',1,0,0,0,''),(260,0,'|',0,'',2,'desert','','2013-05-17 09:44:29',2,0,0,0,0,'','',1,1,1,3,''),(261,0,'|',0,'',2,'06e7f2b102674047092302a4','','2013-05-17 11:17:38',53,0,0,0,0,'','',1,1,0,1,''),(262,0,'|',0,'',2,'06e7f2b102674047092302a4','','2013-05-23 11:10:43',53,0,0,0,0,'','',1,0,0,2,''),(263,0,'|',0,'',2,'1.jpg.1thumb','','2013-05-24 16:13:54',53,0,0,0,0,'','',1,0,0,1,''),(264,0,'|',0,'',2,'a3710540','','2013-05-24 16:15:40',53,0,0,0,0,'','',1,0,0,1,'');
/*!40000 ALTER TABLE `tb_file` ENABLE KEYS */;
UNLOCK TABLES;

--
-- Table structure for table `tb_file_folder`
--

DROP TABLE IF EXISTS `tb_file_folder`;
/*!40101 SET @saved_cs_client     = @@character_set_client */;
/*!40101 SET character_set_client = utf8 */;
CREATE TABLE `tb_file_folder` (
  `id` int(11) NOT NULL AUTO_INCREMENT,
  `name` varchar(128) NOT NULL DEFAULT '' COMMENT '文件夹名称',
  `parentid` int(11) NOT NULL DEFAULT '0' COMMENT '父级节点ID',
  `creatorid` int(11) NOT NULL DEFAULT '0' COMMENT '创建人ID',
  `spaceid` int(11) NOT NULL DEFAULT '0' COMMENT '空间ID',
  `createtime` datetime NOT NULL DEFAULT '0000-00-00 00:00:00' COMMENT '创建时间',
  `type` tinyint(4) NOT NULL DEFAULT '0' COMMENT '文件夹类型 1 个人 2 企业',
  `sortvalue` int(11) NOT NULL DEFAULT '0' COMMENT '排序码',
  `isvisible` bit(1) NOT NULL DEFAULT b'0' COMMENT '是否删除 1是 0否',
  `isuploadable` bit(1) NOT NULL DEFAULT b'0' COMMENT '是否允许上传',
  PRIMARY KEY (`id`)
) ENGINE=MyISAM AUTO_INCREMENT=16 DEFAULT CHARSET=utf8;
/*!40101 SET character_set_client = @saved_cs_client */;

--
-- Dumping data for table `tb_file_folder`
--

LOCK TABLES `tb_file_folder` WRITE;
/*!40000 ALTER TABLE `tb_file_folder` DISABLE KEYS */;
INSERT INTO `tb_file_folder` VALUES (1,'edddddd',0,2,2,'2013-04-19 16:09:58',1,1,'\0','\0'),(2,'sdsdsdsd',0,2,2,'2013-04-19 16:10:02',1,2,'\0','\0'),(3,'sdddddeeeeffff',0,2,2,'2013-04-19 16:12:52',2,3,'','\0'),(4,'ttt',0,51,2,'2013-04-28 16:46:33',1,4,'\0','\0'),(5,'ewewee',0,53,2,'2013-05-08 16:13:00',1,5,'','\0'),(6,'434444555',0,53,2,'2013-05-08 16:17:12',1,6,'','\0'),(7,'rerrr',3,53,2,'2013-05-08 16:18:15',2,7,'','\0'),(8,'是大幅度发放sfdsfs',0,53,2,'2013-05-09 14:52:13',2,8,'\0','\0'),(9,'test',0,62,2,'2013-05-17 11:18:12',1,9,'','\0'),(10,'test12334444444444444444444444444444444444444444444444444444444444',0,62,2,'2013-05-17 11:18:15',1,10,'','\0'),(11,'test',0,62,2,'2013-05-17 11:25:46',1,11,'','\0'),(12,'1234',0,62,2,'2013-05-17 11:28:24',2,12,'\0','\0'),(13,'test',12,62,2,'2013-05-17 11:28:37',2,13,'\0','\0'),(14,'tt',12,62,2,'2013-05-17 11:28:49',2,14,'','\0'),(15,'dd',3,53,2,'2013-05-17 12:25:41',2,15,'','\0');
/*!40000 ALTER TABLE `tb_file_folder` ENABLE KEYS */;
UNLOCK TABLES;

--
-- Table structure for table `tb_file_share`
--

DROP TABLE IF EXISTS `tb_file_share`;
/*!40101 SET @saved_cs_client     = @@character_set_client */;
/*!40101 SET character_set_client = utf8 */;
CREATE TABLE `tb_file_share` (
  `id` int(11) NOT NULL AUTO_INCREMENT,
  `fileid` int(11) NOT NULL DEFAULT '0' COMMENT '文件ID',
  `toid` int(11) NOT NULL DEFAULT '0' COMMENT '共享目的人ID',
  `sharetime` datetime NOT NULL DEFAULT '0000-00-00 00:00:00' COMMENT '共享时间',
  `fromid` int(11) NOT NULL DEFAULT '0' COMMENT '共享人ID',
  PRIMARY KEY (`id`)
) ENGINE=MyISAM AUTO_INCREMENT=74 DEFAULT CHARSET=utf8;
/*!40101 SET character_set_client = @saved_cs_client */;

--
-- Dumping data for table `tb_file_share`
--

LOCK TABLES `tb_file_share` WRITE;
/*!40000 ALTER TABLE `tb_file_share` DISABLE KEYS */;
INSERT INTO `tb_file_share` VALUES (1,31,1185,'2013-04-19 16:14:48',2),(2,31,2,'2013-04-19 16:14:48',2),(4,55,1185,'2013-04-20 15:59:49',2),(5,55,2,'2013-04-20 15:59:49',2),(6,56,1185,'2013-04-20 16:01:27',2),(30,56,4,'2013-04-24 10:55:49',2),(32,103,2,'2013-04-27 15:13:37',2),(33,103,3,'2013-04-27 15:13:38',2),(34,103,4,'2013-04-27 15:13:38',2),(35,103,30,'2013-04-27 15:13:38',2),(36,104,2,'2013-04-27 15:19:10',2),(37,104,3,'2013-04-27 15:19:10',2),(38,104,4,'2013-04-27 15:19:10',2),(39,119,2,'2013-04-27 15:53:55',2),(40,119,3,'2013-04-27 15:53:56',2),(41,119,4,'2013-04-27 15:53:56',2),(42,119,30,'2013-04-27 15:53:56',2),(43,119,31,'2013-04-27 15:53:56',2),(44,119,32,'2013-04-27 15:58:22',2),(45,119,38,'2013-04-27 15:58:22',2),(46,119,46,'2013-04-27 15:58:22',2),(47,119,47,'2013-04-27 15:58:22',2),(48,155,2,'2013-04-28 14:26:40',2),(49,155,3,'2013-04-28 14:26:40',2),(50,155,4,'2013-04-28 14:26:41',2),(51,155,30,'2013-04-28 14:26:41',2),(52,155,31,'2013-04-28 14:26:41',2),(53,185,2,'2013-04-28 16:36:22',2),(54,185,3,'2013-04-28 16:36:22',2),(55,185,4,'2013-04-28 16:36:23',2),(56,185,30,'2013-04-28 16:36:23',2),(57,230,2,'2013-05-09 14:54:01',2),(58,231,2,'2013-05-09 14:54:59',2),(59,235,2,'2013-05-09 15:08:46',2),(60,236,53,'2013-05-09 15:12:43',2),(61,236,38,'2013-05-09 15:12:44',2),(62,237,53,'2013-05-09 15:12:44',2),(63,237,38,'2013-05-09 15:12:44',2),(64,239,2,'2013-05-09 16:37:49',2),(65,239,3,'2013-05-09 16:37:49',2),(66,239,4,'2013-05-09 16:37:49',2),(68,246,2,'2013-05-13 15:36:53',53),(69,246,3,'2013-05-13 15:36:53',53),(70,246,48,'2013-05-13 15:36:53',53),(71,248,2,'2013-05-13 15:50:03',53),(72,248,3,'2013-05-13 15:50:03',53),(73,248,48,'2013-05-13 15:50:03',53);
/*!40000 ALTER TABLE `tb_file_share` ENABLE KEYS */;
UNLOCK TABLES;

--
-- Table structure for table `tb_file_userlog`
--

DROP TABLE IF EXISTS `tb_file_userlog`;
/*!40101 SET @saved_cs_client     = @@character_set_client */;
/*!40101 SET character_set_client = utf8 */;
CREATE TABLE `tb_file_userlog` (
  `id` int(11) NOT NULL AUTO_INCREMENT,
  `fileid` int(11) NOT NULL DEFAULT '0' COMMENT '文件ID',
  `employeeid` int(11) NOT NULL DEFAULT '0' COMMENT '操作用户id',
  `operatetype` tinyint(4) NOT NULL DEFAULT '0' COMMENT '操作类型  1浏览  2下载 ',
  `operatetime` datetime NOT NULL DEFAULT '0000-00-00 00:00:00' COMMENT '操作时间',
  PRIMARY KEY (`id`)
) ENGINE=MyISAM AUTO_INCREMENT=17 DEFAULT CHARSET=utf8;
/*!40101 SET character_set_client = @saved_cs_client */;

--
-- Dumping data for table `tb_file_userlog`
--

LOCK TABLES `tb_file_userlog` WRITE;
/*!40000 ALTER TABLE `tb_file_userlog` DISABLE KEYS */;
INSERT INTO `tb_file_userlog` VALUES (1,29,2,2,'2013-04-19 16:13:18'),(2,11,2,2,'2013-04-20 11:41:47'),(3,98,2,2,'2013-04-26 16:23:52'),(4,98,53,2,'2013-04-28 10:16:04'),(5,127,2,2,'2013-04-28 10:22:08'),(6,136,51,2,'2013-04-28 11:18:48'),(7,119,53,2,'2013-04-28 16:53:08'),(8,176,53,2,'2013-05-07 13:47:58'),(9,179,53,2,'2013-05-08 15:21:16'),(10,134,53,2,'2013-05-09 11:02:54'),(11,119,2,2,'2013-05-09 15:32:53'),(12,239,53,2,'2013-05-09 16:03:55'),(13,191,53,2,'2013-05-10 10:14:57'),(14,248,62,2,'2013-05-14 09:39:36'),(15,249,2,2,'2013-05-15 14:27:56'),(16,260,53,2,'2013-05-22 09:15:20');
/*!40000 ALTER TABLE `tb_file_userlog` ENABLE KEYS */;
UNLOCK TABLES;

--
-- Table structure for table `tb_followed`
--

DROP TABLE IF EXISTS `tb_followed`;
/*!40101 SET @saved_cs_client     = @@character_set_client */;
/*!40101 SET character_set_client = utf8 */;
CREATE TABLE `tb_followed` (
  `id` int(11) NOT NULL AUTO_INCREMENT COMMENT '自增主键',
  `employeeid` int(11) NOT NULL DEFAULT '0' COMMENT '关注成员id			',
  `followid` int(11) NOT NULL DEFAULT '0' COMMENT '被关注对象id',
  `followtype` tinyint(4) NOT NULL DEFAULT '0' COMMENT '被关注对象类型',
  `createtime` datetime NOT NULL DEFAULT '0000-00-00 00:00:00' COMMENT '关注时间',
  PRIMARY KEY (`id`)
) ENGINE=MyISAM AUTO_INCREMENT=343 DEFAULT CHARSET=utf8;
/*!40101 SET character_set_client = @saved_cs_client */;

--
-- Dumping data for table `tb_followed`
--

LOCK TABLES `tb_followed` WRITE;
/*!40000 ALTER TABLE `tb_followed` DISABLE KEYS */;
INSERT INTO `tb_followed` VALUES (303,40,2,102,'2013-05-15 20:23:48'),(305,53,2,102,'2013-05-16 08:52:51'),(306,53,3,102,'2013-05-16 08:52:53'),(307,53,4,102,'2013-05-16 08:52:53'),(308,91,2,102,'2013-05-16 10:07:32'),(309,91,3,102,'2013-05-16 10:07:32'),(310,91,4,102,'2013-05-16 10:07:33'),(311,91,30,102,'2013-05-16 10:07:33'),(312,91,31,102,'2013-05-16 10:07:34'),(313,91,32,102,'2013-05-16 10:07:34'),(314,91,38,102,'2013-05-16 10:07:35'),(315,53,255,109,'0000-00-00 00:00:00'),(316,52,256,109,'0000-00-00 00:00:00'),(317,53,258,109,'0000-00-00 00:00:00'),(318,2,3,102,'2013-05-16 13:44:06'),(319,2,4,102,'2013-05-16 13:44:06'),(320,2,30,102,'2013-05-16 13:44:06'),(321,2,31,102,'2013-05-16 13:44:06'),(322,2,32,102,'2013-05-16 13:44:06'),(323,2,38,102,'2013-05-16 13:44:06'),(324,2,39,102,'2013-05-16 13:44:06'),(325,2,40,102,'2013-05-16 13:44:06'),(326,2,46,102,'2013-05-16 13:44:06'),(327,2,47,102,'2013-05-16 13:44:07'),(328,2,48,102,'2013-05-16 13:44:07'),(329,2,51,102,'2013-05-16 13:44:07'),(330,2,52,102,'2013-05-16 13:44:07'),(331,2,53,102,'2013-05-16 13:44:07'),(332,53,259,109,'0000-00-00 00:00:00'),(333,2,260,109,'0000-00-00 00:00:00'),(335,62,3,102,'2013-05-17 11:08:14'),(336,62,2,102,'2013-05-17 11:08:16'),(337,62,4,102,'2013-05-17 11:08:17'),(338,62,30,102,'2013-05-17 11:08:18'),(339,53,261,109,'0000-00-00 00:00:00'),(340,53,262,109,'0000-00-00 00:00:00'),(341,53,263,109,'0000-00-00 00:00:00'),(342,53,264,109,'0000-00-00 00:00:00');
/*!40000 ALTER TABLE `tb_followed` ENABLE KEYS */;
UNLOCK TABLES;

--
-- Table structure for table `tb_followed_group`
--

DROP TABLE IF EXISTS `tb_followed_group`;
/*!40101 SET @saved_cs_client     = @@character_set_client */;
/*!40101 SET character_set_client = utf8 */;
CREATE TABLE `tb_followed_group` (
  `id` int(11) NOT NULL AUTO_INCREMENT COMMENT '自增主键',
  `name` varchar(32) NOT NULL DEFAULT '' COMMENT '分组名称',
  `employeeid` int(11) NOT NULL DEFAULT '0' COMMENT '用户ID',
  `createtime` datetime NOT NULL DEFAULT '0000-00-00 00:00:00' COMMENT '创建时间',
  `updatetime` datetime NOT NULL DEFAULT '0000-00-00 00:00:00' COMMENT '更新时间',
  PRIMARY KEY (`id`)
) ENGINE=MyISAM AUTO_INCREMENT=17 DEFAULT CHARSET=utf8;
/*!40101 SET character_set_client = @saved_cs_client */;

--
-- Dumping data for table `tb_followed_group`
--

LOCK TABLES `tb_followed_group` WRITE;
/*!40000 ALTER TABLE `tb_followed_group` DISABLE KEYS */;
INSERT INTO `tb_followed_group` VALUES (12,'分组1',40,'0000-00-00 00:00:00','0000-00-00 00:00:00'),(13,'分组2',40,'0000-00-00 00:00:00','0000-00-00 00:00:00'),(14,'同事',51,'0000-00-00 00:00:00','0000-00-00 00:00:00'),(15,'test',62,'0000-00-00 00:00:00','0000-00-00 00:00:00'),(16,'test',62,'0000-00-00 00:00:00','0000-00-00 00:00:00');
/*!40000 ALTER TABLE `tb_followed_group` ENABLE KEYS */;
UNLOCK TABLES;

--
-- Table structure for table `tb_followed_group_member`
--

DROP TABLE IF EXISTS `tb_followed_group_member`;
/*!40101 SET @saved_cs_client     = @@character_set_client */;
/*!40101 SET character_set_client = utf8 */;
CREATE TABLE `tb_followed_group_member` (
  `id` int(11) NOT NULL AUTO_INCREMENT COMMENT '自增主键',
  `employeeid` int(11) NOT NULL DEFAULT '0' COMMENT '成员ID',
  `groupid` int(11) NOT NULL DEFAULT '0' COMMENT '分组ID',
  `followedid` int(11) NOT NULL DEFAULT '0' COMMENT '关注人ID',
  PRIMARY KEY (`id`)
) ENGINE=MyISAM AUTO_INCREMENT=2 DEFAULT CHARSET=utf8;
/*!40101 SET character_set_client = @saved_cs_client */;

--
-- Dumping data for table `tb_followed_group_member`
--

LOCK TABLES `tb_followed_group_member` WRITE;
/*!40000 ALTER TABLE `tb_followed_group_member` DISABLE KEYS */;
/*!40000 ALTER TABLE `tb_followed_group_member` ENABLE KEYS */;
UNLOCK TABLES;

--
-- Table structure for table `tb_goods`
--

DROP TABLE IF EXISTS `tb_goods`;
/*!40101 SET @saved_cs_client     = @@character_set_client */;
/*!40101 SET character_set_client = utf8 */;
CREATE TABLE `tb_goods` (
  `id` int(10) unsigned NOT NULL AUTO_INCREMENT,
  `goodsguid` varchar(36) NOT NULL DEFAULT '' COMMENT '商品id',
  `spaceid` int(10) unsigned NOT NULL DEFAULT '0' COMMENT '圈子id',
  `name` varchar(30) NOT NULL DEFAULT '' COMMENT '商品名称',
  `typeguid` varchar(50) NOT NULL DEFAULT '' COMMENT '规格型号',
  `imageid` int(10) NOT NULL DEFAULT '0' COMMENT '商品封面图 资源ID',
  `imageurl` varchar(128) NOT NULL DEFAULT '' COMMENT '商品封面图 资源url',
  `isnew` bit(1) NOT NULL DEFAULT b'0' COMMENT '是否新品1是，0不是',
  `openprice` decimal(32,8) NOT NULL DEFAULT '0.00000000' COMMENT '市场价',
  `commentcount` int(10) NOT NULL DEFAULT '0' COMMENT '评论数',
  `isonsale` bit(1) NOT NULL DEFAULT b'0' COMMENT '上1下0架',
  `goodscode` varchar(64) NOT NULL DEFAULT '' COMMENT '存货编码',
  `unitguid` varchar(36) NOT NULL DEFAULT '' COMMENT '销售单位id',
  `unitname` varchar(64) NOT NULL DEFAULT '' COMMENT '销售单位名称',
  `classid1` int(10) unsigned NOT NULL DEFAULT '0',
  `classid2` int(10) unsigned NOT NULL DEFAULT '0',
  `classid3` int(10) unsigned NOT NULL DEFAULT '0',
  `classid4` int(10) unsigned NOT NULL DEFAULT '0',
  `classid5` int(10) unsigned NOT NULL DEFAULT '0',
  `classid6` int(10) unsigned NOT NULL DEFAULT '0',
  `classid7` int(10) unsigned NOT NULL DEFAULT '0',
  `classid8` int(10) unsigned NOT NULL DEFAULT '0',
  `classid9` int(10) unsigned NOT NULL DEFAULT '0',
  `classid10` int(10) unsigned NOT NULL DEFAULT '0',
  `updatetime` datetime NOT NULL DEFAULT '0000-00-00 00:00:00' COMMENT '上下架更新时间',
  `createtime` datetime NOT NULL DEFAULT '0000-00-00 00:00:00' COMMENT '商品创建时间',
  PRIMARY KEY (`id`),
  KEY `openprice` (`openprice`),
  KEY `goodsguid` (`goodsguid`),
  KEY `namecodetype` (`name`,`goodscode`,`typeguid`),
  KEY `goodsonsale` (`spaceid`,`isonsale`)
) ENGINE=MyISAM AUTO_INCREMENT=1412976 DEFAULT CHARSET=utf8 COMMENT='商品';
/*!40101 SET character_set_client = @saved_cs_client */;

--
-- Dumping data for table `tb_goods`
--

LOCK TABLES `tb_goods` WRITE;
/*!40000 ALTER TABLE `tb_goods` DISABLE KEYS */;
INSERT INTO `tb_goods` VALUES (1,'ad139be1-718a-4dc3-9ddc-4dd8528ee33b',162,'存货2','x',0,'http://esn.uu.com.cn/images/new_qz/jxs/goods_middle.jpg','\0',11.00000000,1,'','ch2','f1951aae-de9b-4751-9134-a89577b8362a','m',3,0,0,0,0,0,0,0,0,0,'2013-05-08 09:58:05','2013-05-08 09:58:05'),(2,'2f04fbca-249a-4e4a-814b-b9e2a275e0b7',162,'存货1','x',0,'http://esn.uu.com.cn/images/new_qz/jxs/goods_middle.jpg','',22.00000000,222,'','ch1','d32880ee-6709-4bb0-9d78-a0b450cd9d29','g',4,5,0,0,0,0,0,0,0,0,'2013-05-08 09:58:05','2013-05-08 09:58:05'),(3,'d114fa3d-8100-4455-b864-d33f4391f147',162,'存货3','x',0,'http://esn.uu.com.cn/images/new_qz/jxs/goods_middle.jpg','',33.00000000,4444,'','ch3','d32880ee-6709-4bb0-9d78-a0b450cd9d29','g',4,5,0,0,0,0,0,0,0,0,'2013-05-08 09:58:05','2013-05-08 09:58:05');
/*!40000 ALTER TABLE `tb_goods` ENABLE KEYS */;
UNLOCK TABLES;

--
-- Table structure for table `tb_goods_class`
--

DROP TABLE IF EXISTS `tb_goods_class`;
/*!40101 SET @saved_cs_client     = @@character_set_client */;
/*!40101 SET character_set_client = utf8 */;
CREATE TABLE `tb_goods_class` (
  `id` int(10) unsigned NOT NULL AUTO_INCREMENT,
  `name` varchar(64) NOT NULL DEFAULT '' COMMENT '分类名称)',
  `spaceid` int(10) unsigned NOT NULL DEFAULT '0' COMMENT '圈子id',
  `parentid` int(10) unsigned NOT NULL DEFAULT '0' COMMENT '上级分类ID',
  `isshow` bit(1) NOT NULL DEFAULT b'1' COMMENT '是否显示',
  `sortvalue` int(10) unsigned NOT NULL DEFAULT '0' COMMENT '排序',
  PRIMARY KEY (`id`),
  KEY `spaceid` (`spaceid`),
  KEY `parentid` (`parentid`),
  KEY `name` (`name`)
) ENGINE=MyISAM AUTO_INCREMENT=6 DEFAULT CHARSET=utf8 COMMENT='商品分类表';
/*!40101 SET character_set_client = @saved_cs_client */;

--
-- Dumping data for table `tb_goods_class`
--

LOCK TABLES `tb_goods_class` WRITE;
/*!40000 ALTER TABLE `tb_goods_class` DISABLE KEYS */;
INSERT INTO `tb_goods_class` VALUES (1,'业务分类',162,0,'',1),(2,'品牌',162,0,'',2),(3,'存货分类2',162,1,'',0),(4,'存货分类1',162,1,'',0),(5,'品牌1',162,2,'',0);
/*!40000 ALTER TABLE `tb_goods_class` ENABLE KEYS */;
UNLOCK TABLES;

--
-- Table structure for table `tb_goods_detail`
--

DROP TABLE IF EXISTS `tb_goods_detail`;
/*!40101 SET @saved_cs_client     = @@character_set_client */;
/*!40101 SET character_set_client = utf8 */;
CREATE TABLE `tb_goods_detail` (
  `id` int(10) unsigned NOT NULL AUTO_INCREMENT,
  `goodsid` int(10) NOT NULL COMMENT '商品id',
  `customdesc` text NOT NULL COMMENT '本地可修改描述',
  `readonlydesc` mediumtext NOT NULL COMMENT '描述(从接口获取，不可修改)',
  `freeitems` varchar(1024) NOT NULL DEFAULT '' COMMENT '商品自由项,序列化',
  PRIMARY KEY (`id`),
  KEY `goodsid` (`goodsid`)
) ENGINE=MyISAM AUTO_INCREMENT=4 DEFAULT CHARSET=utf8 COMMENT='商品详细表';
/*!40101 SET character_set_client = @saved_cs_client */;

--
-- Dumping data for table `tb_goods_detail`
--

LOCK TABLES `tb_goods_detail` WRITE;
/*!40000 ALTER TABLE `tb_goods_detail` DISABLE KEYS */;
INSERT INTO `tb_goods_detail` VALUES (1,1,'据中国之声《新闻晚高峰》报道，去年10月，财政部和教育部曾联合发出通知，由中央财政拿出17亿元，为全国农村中小学生每人免费配发一本《新华字典》。如今时隔半年多，记者调查发现，河南多地农村中小学生却并未领到字典。\r\n\r\n河南商丘市梁园区刘口乡农民姜女士的孩子正上小学三年级，去年秋季新学年开始，她就听说了国家要为农村义务教育阶段学生免费配发《新华字典》的消息，但学期都快结束了也没见到字典。为了不耽误孩子学习，姜女士无奈自掏腰包。\r\n\r\n姜女士：我买了个字典花了十来块钱，凑合着能用。不过前两天小孩还说有错字，盗版的印的不好。一个好字典好几十，我这农村一个月才能挣多少钱？先凑合的用吧。\r\n\r\n没拿到字典的不仅仅是商丘的农村学生，记者随机用电话联系平顶山鲁山县、南阳唐河县、许昌长葛县等多地农村中小学，家长和老师都说，没有拿到字典。还有不少农村学生家长和姜女士一样，实在等不及免费字典，只好挤出一些生活费用先给孩子买一本凑合用着。\r\n\r\n几天前，有媒体曝光，湖北省教育厅为孩子采购的320万册《新华字典》都是盗版，书中错误比比皆是，政府采购的中标价格居然高于零售价，让人大跌眼镜。那么，免费配发新华字典的政策在河南究竟何时落实，中央财政下拨款项的使用能否经得起学生老师的检验和社会的监督呢？\r\n\r\n家长乔涛：应该给大家一个比较清晰的说法。到底教育部和财政部拨了多少钱，其次就是说我们字典采购了多少，采购价是多少。\r\n\r\n就家长和老师担心的问题，记者通过电话咨询河南省教育厅，一名工作人员表示，这项工作由财政部门主导，目前资金已拨付到县，正在与新华书店合作协商。\r\n\r\n工作人员：钱不在我们这，采购权也不在我们这。财政部教育部联合拨放的资金是放在财政厅，资金基本上已经拨放到县，采购我们是按照教科书的采购，也是比较严格，程序上都比较严谨，现在问题是采购这一块在出版集团，新华书店这一块。\r\n\r\n漯河市新华书店教材科副主任寇洪波证实了教育部门的说法，他解释说，河南农村中小学生人数较多，货源比较紧张，目前正抓紧联系印厂出货。河南省教育厅基础教育一处的工作人员表示，免费配发新华字典属于政府采购，为了保证字典质量，避免发生类似外地\"配发盗版字典\"的尴尬，工作推进较为谨慎，预计最快今年6月开始发放免费字典。','{\"\\u52a9\\u8bb0\\u7801\":\"CH3\",\"\\u7a0e\\u7387%\":\"11\",\"\\u8ba1\\u4ef7\\u65b9\\u5f0f\":\"\\u5168\\u6708\\u5e73\\u5747\",\"\\u5efa\\u6863\\u65e5\\u671f\":\"2013-02-19 0:00:00\",\"\\u8ba1\\u91cf\\u5355\\u4f4d\":\"g\",\"\\u96f6\\u552e\\u5e38\\u7528\\u5355\\u4f4d\":\"g\",\"\\u91c7\\u8d2d\\u5e38\\u7528\\u5355\\u4f4d\":\"g\",\"\\u5e93\\u5b58\\u5e38\\u7528\\u5355\\u4f4d\":\"g\",\"\\u751f\\u4ea7\\u5e38\\u7528\\u5355\\u4f4d\":\"g\",\"\\u5b58\\u8d27\\u63cf\\u8ff0\":\"\\u63cf\\u8ff0\",\"\\u9500\\u552e\":\"1\",\"\\u59d4\\u5916\":\"1\",\"\\u5916\\u8d2d\":\"1\",\"\\u751f\\u4ea7\\u8017\\u7528\":\"1\",\"\\u8ba1\\u91cf\\u65b9\\u5f0f\":\"\\u5355\\u8ba1\\u91cf\",\"\\u53c2\\u8003\\u6210\\u672c\":\"1.00000000000000\",\"\\u6700\\u4f4e\\u5e93\\u5b58\":\"2.00000000000000\",\"\\u6700\\u9ad8\\u5e93\\u5b58\":\"3.00000000000000\",\"\\u5b89\\u5168\\u5e93\\u5b58\":\"2.50000000000000\",\"\\u9ed8\\u8ba4\\u4f9b\\u5e94\\u5546\":\"\\u5f80\\u67651\",\"\\u6807\\u51c6\\u5468\\u8f6c\\u5929\\u6570\":\"5.00000000000000\",\"\\u9ed8\\u8ba4\\u4ed3\\u5e93\":\"\\u4ed3\\u5e93\",\"\\u91c7\\u8d2d\\u6279\\u91cf\":\"6.00000000000000\"}','[{\"Name\":\"freeitem2\",\"Title\":\"\\u81ea\\u7531\\u98793\",\"FreeItemEnumItems\":[{\"Code\":\"1\",\"Name\":\"11\"}]},{\"Name\":\"freeitem0\",\"Title\":\"\\u81ea\\u7531\\u98791\",\"FreeItemEnumItems\":[{\"Code\":\"MyFreeItem1\",\"Name\":\"\\u98791\"},{\"Code\":\"MyFreeItem2\",\"Name\":\"\\u98792\"}]},{\"Name\":\"freeitem1\",\"Title\":\"\\u81ea\\u7531\\u98792\",\"FreeItemEnumItems\":[{\"Code\":\"MyFreeItem2_1\",\"Name\":\"\\u98792_1\"},{\"Code\":\"MyFreeItem2_2\",\"Name\":\"\\u98792_2\"}]}]'),(2,2,'据中国之声《新闻晚高峰》报道，去年10月，财政部和教育部曾联合发出通知，由中央财政拿出17亿元，为全国农村中小学生每人免费配发一本《新华字典》。如今时隔半年多，记者调查发现，河南多地农村中小学生却并未领到字典。\r\n\r\n河南商丘市梁园区刘口乡农民姜女士的孩子正上小学三年级，去年秋季新学年开始，她就听说了国家要为农村义务教育阶段学生免费配发《新华字典》的消息，但学期都快结束了也没见到字典。为了不耽误孩子学习，姜女士无奈自掏腰包。\r\n\r\n姜女士：我买了个字典花了十来块钱，凑合着能用。不过前两天小孩还说有错字，盗版的印的不好。一个好字典好几十，我这农村一个月才能挣多少钱？先凑合的用吧。\r\n\r\n没拿到字典的不仅仅是商丘的农村学生，记者随机用电话联系平顶山鲁山县、南阳唐河县、许昌长葛县等多地农村中小学，家长和老师都说，没有拿到字典。还有不少农村学生家长和姜女士一样，实在等不及免费字典，只好挤出一些生活费用先给孩子买一本凑合用着。\r\n\r\n几天前，有媒体曝光，湖北省教育厅为孩子采购的320万册《新华字典》都是盗版，书中错误比比皆是，政府采购的中标价格居然高于零售价，让人大跌眼镜。那么，免费配发新华字典的政策在河南究竟何时落实，中央财政下拨款项的使用能否经得起学生老师的检验和社会的监督呢？\r\n\r\n家长乔涛：应该给大家一个比较清晰的说法。到底教育部和财政部拨了多少钱，其次就是说我们字典采购了多少，采购价是多少。\r\n\r\n就家长和老师担心的问题，记者通过电话咨询河南省教育厅，一名工作人员表示，这项工作由财政部门主导，目前资金已拨付到县，正在与新华书店合作协商。\r\n\r\n工作人员：钱不在我们这，采购权也不在我们这。财政部教育部联合拨放的资金是放在财政厅，资金基本上已经拨放到县，采购我们是按照教科书的采购，也是比较严格，程序上都比较严谨，现在问题是采购这一块在出版集团，新华书店这一块。\r\n\r\n漯河市新华书店教材科副主任寇洪波证实了教育部门的说法，他解释说，河南农村中小学生人数较多，货源比较紧张，目前正抓紧联系印厂出货。河南省教育厅基础教育一处的工作人员表示，免费配发新华字典属于政府采购，为了保证字典质量，避免发生类似外地\"配发盗版字典\"的尴尬，工作推进较为谨慎，预计最快今年6月开始发放免费字典。','{\"\\u52a9\\u8bb0\\u7801\":\"CH3\",\"\\u7a0e\\u7387%\":\"11\",\"\\u8ba1\\u4ef7\\u65b9\\u5f0f\":\"\\u5168\\u6708\\u5e73\\u5747\",\"\\u5efa\\u6863\\u65e5\\u671f\":\"2013-02-19 0:00:00\",\"\\u8ba1\\u91cf\\u5355\\u4f4d\":\"g\",\"\\u96f6\\u552e\\u5e38\\u7528\\u5355\\u4f4d\":\"g\",\"\\u91c7\\u8d2d\\u5e38\\u7528\\u5355\\u4f4d\":\"g\",\"\\u5e93\\u5b58\\u5e38\\u7528\\u5355\\u4f4d\":\"g\",\"\\u751f\\u4ea7\\u5e38\\u7528\\u5355\\u4f4d\":\"g\",\"\\u5b58\\u8d27\\u63cf\\u8ff0\":\"\\u63cf\\u8ff0\",\"\\u9500\\u552e\":\"1\",\"\\u59d4\\u5916\":\"1\",\"\\u5916\\u8d2d\":\"1\",\"\\u751f\\u4ea7\\u8017\\u7528\":\"1\",\"\\u8ba1\\u91cf\\u65b9\\u5f0f\":\"\\u5355\\u8ba1\\u91cf\",\"\\u53c2\\u8003\\u6210\\u672c\":\"1.00000000000000\",\"\\u6700\\u4f4e\\u5e93\\u5b58\":\"2.00000000000000\",\"\\u6700\\u9ad8\\u5e93\\u5b58\":\"3.00000000000000\",\"\\u5b89\\u5168\\u5e93\\u5b58\":\"2.50000000000000\",\"\\u9ed8\\u8ba4\\u4f9b\\u5e94\\u5546\":\"\\u5f80\\u67651\",\"\\u6807\\u51c6\\u5468\\u8f6c\\u5929\\u6570\":\"5.00000000000000\",\"\\u9ed8\\u8ba4\\u4ed3\\u5e93\":\"\\u4ed3\\u5e93\",\"\\u91c7\\u8d2d\\u6279\\u91cf\":\"6.00000000000000\"}','[{\"Name\":\"freeitem2\",\"Title\":\"\\u81ea\\u7531\\u98793\",\"FreeItemEnumItems\":[{\"Code\":\"1\",\"Name\":\"11\"}]},{\"Name\":\"freeitem0\",\"Title\":\"\\u81ea\\u7531\\u98791\",\"FreeItemEnumItems\":[{\"Code\":\"MyFreeItem1\",\"Name\":\"\\u98791\"},{\"Code\":\"MyFreeItem2\",\"Name\":\"\\u98792\"}]},{\"Name\":\"freeitem1\",\"Title\":\"\\u81ea\\u7531\\u98792\",\"FreeItemEnumItems\":[{\"Code\":\"MyFreeItem2_1\",\"Name\":\"\\u98792_1\"},{\"Code\":\"MyFreeItem2_2\",\"Name\":\"\\u98792_2\"}]}]'),(3,3,'据中国之声《新闻晚高峰》报道，去年10月，财政部和教育部曾联合发出通知，由中央财政拿出17亿元，为全国农村中小学生每人免费配发一本《新华字典》。如今时隔半年多，记者调查发现，河南多地农村中小学生却并未领到字典。\r\n\r\n河南商丘市梁园区刘口乡农民姜女士的孩子正上小学三年级，去年秋季新学年开始，她就听说了国家要为农村义务教育阶段学生免费配发《新华字典》的消息，但学期都快结束了也没见到字典。为了不耽误孩子学习，姜女士无奈自掏腰包。\r\n\r\n姜女士：我买了个字典花了十来块钱，凑合着能用。不过前两天小孩还说有错字，盗版的印的不好。一个好字典好几十，我这农村一个月才能挣多少钱？先凑合的用吧。\r\n\r\n没拿到字典的不仅仅是商丘的农村学生，记者随机用电话联系平顶山鲁山县、南阳唐河县、许昌长葛县等多地农村中小学，家长和老师都说，没有拿到字典。还有不少农村学生家长和姜女士一样，实在等不及免费字典，只好挤出一些生活费用先给孩子买一本凑合用着。\r\n\r\n几天前，有媒体曝光，湖北省教育厅为孩子采购的320万册《新华字典》都是盗版，书中错误比比皆是，政府采购的中标价格居然高于零售价，让人大跌眼镜。那么，免费配发新华字典的政策在河南究竟何时落实，中央财政下拨款项的使用能否经得起学生老师的检验和社会的监督呢？\r\n\r\n家长乔涛：应该给大家一个比较清晰的说法。到底教育部和财政部拨了多少钱，其次就是说我们字典采购了多少，采购价是多少。\r\n\r\n就家长和老师担心的问题，记者通过电话咨询河南省教育厅，一名工作人员表示，这项工作由财政部门主导，目前资金已拨付到县，正在与新华书店合作协商。\r\n\r\n工作人员：钱不在我们这，采购权也不在我们这。财政部教育部联合拨放的资金是放在财政厅，资金基本上已经拨放到县，采购我们是按照教科书的采购，也是比较严格，程序上都比较严谨，现在问题是采购这一块在出版集团，新华书店这一块。\r\n\r\n漯河市新华书店教材科副主任寇洪波证实了教育部门的说法，他解释说，河南农村中小学生人数较多，货源比较紧张，目前正抓紧联系印厂出货。河南省教育厅基础教育一处的工作人员表示，免费配发新华字典属于政府采购，为了保证字典质量，避免发生类似外地\"配发盗版字典\"的尴尬，工作推进较为谨慎，预计最快今年6月开始发放免费字典。','{\"\\u52a9\\u8bb0\\u7801\":\"CH3\",\"\\u7a0e\\u7387%\":\"11\",\"\\u8ba1\\u4ef7\\u65b9\\u5f0f\":\"\\u5168\\u6708\\u5e73\\u5747\",\"\\u5efa\\u6863\\u65e5\\u671f\":\"2013-02-19 0:00:00\",\"\\u8ba1\\u91cf\\u5355\\u4f4d\":\"g\",\"\\u96f6\\u552e\\u5e38\\u7528\\u5355\\u4f4d\":\"g\",\"\\u91c7\\u8d2d\\u5e38\\u7528\\u5355\\u4f4d\":\"g\",\"\\u5e93\\u5b58\\u5e38\\u7528\\u5355\\u4f4d\":\"g\",\"\\u751f\\u4ea7\\u5e38\\u7528\\u5355\\u4f4d\":\"g\",\"\\u5b58\\u8d27\\u63cf\\u8ff0\":\"\\u63cf\\u8ff0\",\"\\u9500\\u552e\":\"1\",\"\\u59d4\\u5916\":\"1\",\"\\u5916\\u8d2d\":\"1\",\"\\u751f\\u4ea7\\u8017\\u7528\":\"1\",\"\\u8ba1\\u91cf\\u65b9\\u5f0f\":\"\\u5355\\u8ba1\\u91cf\",\"\\u53c2\\u8003\\u6210\\u672c\":\"1.00000000000000\",\"\\u6700\\u4f4e\\u5e93\\u5b58\":\"2.00000000000000\",\"\\u6700\\u9ad8\\u5e93\\u5b58\":\"3.00000000000000\",\"\\u5b89\\u5168\\u5e93\\u5b58\":\"2.50000000000000\",\"\\u9ed8\\u8ba4\\u4f9b\\u5e94\\u5546\":\"\\u5f80\\u67651\",\"\\u6807\\u51c6\\u5468\\u8f6c\\u5929\\u6570\":\"5.00000000000000\",\"\\u9ed8\\u8ba4\\u4ed3\\u5e93\":\"\\u4ed3\\u5e93\",\"\\u91c7\\u8d2d\\u6279\\u91cf\":\"6.00000000000000\"}','[{\"Name\":\"freeitem2\",\"Title\":\"\\u81ea\\u7531\\u98793\",\"FreeItemEnumItems\":[{\"Code\":\"1\",\"Name\":\"11\"}]},{\"Name\":\"freeitem0\",\"Title\":\"\\u81ea\\u7531\\u98791\",\"FreeItemEnumItems\":[{\"Code\":\"MyFreeItem1\",\"Name\":\"\\u98791\"},{\"Code\":\"MyFreeItem2\",\"Name\":\"\\u98792\"}]},{\"Name\":\"freeitem1\",\"Title\":\"\\u81ea\\u7531\\u98792\",\"FreeItemEnumItems\":[{\"Code\":\"MyFreeItem2_1\",\"Name\":\"\\u98792_1\"},{\"Code\":\"MyFreeItem2_2\",\"Name\":\"\\u98792_2\"}]}]');
/*!40000 ALTER TABLE `tb_goods_detail` ENABLE KEYS */;
UNLOCK TABLES;

--
-- Table structure for table `tb_goods_order`
--

DROP TABLE IF EXISTS `tb_goods_order`;
/*!40101 SET @saved_cs_client     = @@character_set_client */;
/*!40101 SET character_set_client = utf8 */;
CREATE TABLE `tb_goods_order` (
  `id` int(10) unsigned NOT NULL AUTO_INCREMENT,
  `ordernum` varchar(19) NOT NULL DEFAULT '' COMMENT '订单号,年月日小时分钟秒数毫秒数（6）+4位随机数',
  `ordernumfrom` varchar(36) NOT NULL DEFAULT '' COMMENT '来自对方的订单号',
  `voucherguid` varchar(36) NOT NULL DEFAULT '' COMMENT '来自对方的单据id',
  `spaceid` int(10) unsigned NOT NULL DEFAULT '0' COMMENT '圈子id',
  `status` tinyint(1) NOT NULL DEFAULT '0' COMMENT '-1删除，1确认订单，0未确认',
  `employeeid` int(10) unsigned NOT NULL DEFAULT '0' COMMENT '创建人id',
  `createtime` datetime NOT NULL DEFAULT '0000-00-00 00:00:00' COMMENT '创建时间',
  `freeitems` varchar(4096) NOT NULL DEFAULT '' COMMENT '自由项',
  PRIMARY KEY (`id`),
  KEY `spaceid` (`spaceid`),
  KEY `creatorid` (`employeeid`),
  KEY `voucherguid` (`voucherguid`)
) ENGINE=MyISAM AUTO_INCREMENT=9 DEFAULT CHARSET=utf8 COMMENT='订单表';
/*!40101 SET character_set_client = @saved_cs_client */;

--
-- Dumping data for table `tb_goods_order`
--

LOCK TABLES `tb_goods_order` WRITE;
/*!40000 ALTER TABLE `tb_goods_order` DISABLE KEYS */;
INSERT INTO `tb_goods_order` VALUES (4,'2013051300000000001','100','',162,1,66,'2013-05-13 16:00:50',''),(5,'2013051300000000005','100','',162,1,66,'2013-05-13 16:15:48',''),(6,'2013051300000000006','100','',162,1,66,'2013-05-13 16:18:43',''),(7,'2013051300000000007','100','',162,1,66,'2013-05-13 16:35:56',''),(8,'2013051300000000008','100','',162,1,66,'2013-05-13 17:44:11','');
/*!40000 ALTER TABLE `tb_goods_order` ENABLE KEYS */;
UNLOCK TABLES;

--
-- Table structure for table `tb_goods_order_follow`
--

DROP TABLE IF EXISTS `tb_goods_order_follow`;
/*!40101 SET @saved_cs_client     = @@character_set_client */;
/*!40101 SET character_set_client = utf8 */;
CREATE TABLE `tb_goods_order_follow` (
  `id` int(10) unsigned NOT NULL AUTO_INCREMENT,
  `employeeid` int(10) unsigned NOT NULL DEFAULT '0' COMMENT '用户id',
  `orderid` int(10) unsigned NOT NULL DEFAULT '0' COMMENT '订单id',
  `spaceid` int(10) unsigned NOT NULL DEFAULT '0' COMMENT '圈子id',
  `createtime` datetime NOT NULL DEFAULT '0000-00-00 00:00:00' COMMENT '创建时间',
  PRIMARY KEY (`id`),
  KEY `employeeid` (`employeeid`)
) ENGINE=MyISAM DEFAULT CHARSET=utf8 COMMENT='关注订单表';
/*!40101 SET character_set_client = @saved_cs_client */;

--
-- Dumping data for table `tb_goods_order_follow`
--

LOCK TABLES `tb_goods_order_follow` WRITE;
/*!40000 ALTER TABLE `tb_goods_order_follow` DISABLE KEYS */;
/*!40000 ALTER TABLE `tb_goods_order_follow` ENABLE KEYS */;
UNLOCK TABLES;

--
-- Table structure for table `tb_goods_order_list`
--

DROP TABLE IF EXISTS `tb_goods_order_list`;
/*!40101 SET @saved_cs_client     = @@character_set_client */;
/*!40101 SET character_set_client = utf8 */;
CREATE TABLE `tb_goods_order_list` (
  `id` int(10) unsigned NOT NULL AUTO_INCREMENT,
  `orderid` int(10) unsigned NOT NULL DEFAULT '0' COMMENT '订单号',
  `goodsid` int(10) unsigned NOT NULL DEFAULT '0' COMMENT '商品id',
  `buycount` decimal(32,6) unsigned NOT NULL DEFAULT '0.000000' COMMENT '购买数量',
  `discountprice` decimal(32,8) unsigned NOT NULL DEFAULT '0.00000000' COMMENT '折扣价',
  `freeitems` varchar(1024) NOT NULL DEFAULT '' COMMENT '自由项',
  PRIMARY KEY (`id`),
  KEY `orderid` (`orderid`),
  KEY `goodsid` (`goodsid`)
) ENGINE=MyISAM AUTO_INCREMENT=14 DEFAULT CHARSET=utf8 COMMENT='订单商品列表';
/*!40101 SET character_set_client = @saved_cs_client */;

--
-- Dumping data for table `tb_goods_order_list`
--

LOCK TABLES `tb_goods_order_list` WRITE;
/*!40000 ALTER TABLE `tb_goods_order_list` DISABLE KEYS */;
INSERT INTO `tb_goods_order_list` VALUES (6,4,1,4.000000,0.00000000,''),(7,4,1,4.000000,0.00000000,''),(8,4,1,1.000000,0.00000000,''),(9,5,1,1.000000,0.00000000,''),(10,6,1,1.000000,0.00000000,''),(11,7,1,1.000000,0.00000000,''),(12,7,1,1.000000,0.00000000,''),(13,8,1,1.000000,0.00000000,'');
/*!40000 ALTER TABLE `tb_goods_order_list` ENABLE KEYS */;
UNLOCK TABLES;

--
-- Table structure for table `tb_goods_order_statement`
--

DROP TABLE IF EXISTS `tb_goods_order_statement`;
/*!40101 SET @saved_cs_client     = @@character_set_client */;
/*!40101 SET character_set_client = utf8 */;
CREATE TABLE `tb_goods_order_statement` (
  `id` int(10) unsigned NOT NULL AUTO_INCREMENT,
  `title` varchar(1024) NOT NULL DEFAULT '',
  `url` varchar(256) NOT NULL DEFAULT '' COMMENT '对账单url',
  `employeeid` int(10) unsigned NOT NULL DEFAULT '0',
  `spaceid` int(10) unsigned NOT NULL COMMENT '圈子id',
  `filesize` varchar(32) NOT NULL DEFAULT '' COMMENT '文件大小',
  `createtime` datetime NOT NULL DEFAULT '0000-00-00 00:00:00' COMMENT '创建时间',
  PRIMARY KEY (`id`),
  KEY `spaceid` (`spaceid`)
) ENGINE=MyISAM DEFAULT CHARSET=utf8 COMMENT='对账单';
/*!40101 SET character_set_client = @saved_cs_client */;

--
-- Dumping data for table `tb_goods_order_statement`
--

LOCK TABLES `tb_goods_order_statement` WRITE;
/*!40000 ALTER TABLE `tb_goods_order_statement` DISABLE KEYS */;
/*!40000 ALTER TABLE `tb_goods_order_statement` ENABLE KEYS */;
UNLOCK TABLES;

--
-- Table structure for table `tb_goods_order_statement_role`
--

DROP TABLE IF EXISTS `tb_goods_order_statement_role`;
/*!40101 SET @saved_cs_client     = @@character_set_client */;
/*!40101 SET character_set_client = utf8 */;
CREATE TABLE `tb_goods_order_statement_role` (
  `id` int(10) unsigned NOT NULL AUTO_INCREMENT,
  `orderstatementid` int(10) unsigned NOT NULL DEFAULT '0' COMMENT '对账单id',
  `spaceid` int(10) unsigned NOT NULL DEFAULT '0' COMMENT '圈子id',
  `employeeid` int(10) unsigned NOT NULL DEFAULT '0' COMMENT '用户id',
  PRIMARY KEY (`id`),
  KEY `employeeid` (`employeeid`),
  KEY `spaceid` (`spaceid`)
) ENGINE=MyISAM DEFAULT CHARSET=utf8 COMMENT='对账单权限列表';
/*!40101 SET character_set_client = @saved_cs_client */;

--
-- Dumping data for table `tb_goods_order_statement_role`
--

LOCK TABLES `tb_goods_order_statement_role` WRITE;
/*!40000 ALTER TABLE `tb_goods_order_statement_role` DISABLE KEYS */;
/*!40000 ALTER TABLE `tb_goods_order_statement_role` ENABLE KEYS */;
UNLOCK TABLES;

--
-- Table structure for table `tb_goods_order_user`
--

DROP TABLE IF EXISTS `tb_goods_order_user`;
/*!40101 SET @saved_cs_client     = @@character_set_client */;
/*!40101 SET character_set_client = utf8 */;
CREATE TABLE `tb_goods_order_user` (
  `id` int(10) unsigned NOT NULL AUTO_INCREMENT,
  `orderid` int(10) unsigned NOT NULL DEFAULT '0' COMMENT '对象id',
  `employeeid` int(10) unsigned NOT NULL DEFAULT '0' COMMENT '用户id',
  `createtime` datetime NOT NULL DEFAULT '0000-00-00 00:00:00' COMMENT '创建时间',
  `role` tinyint(1) unsigned NOT NULL DEFAULT '1' COMMENT '角色：1创建者，2参与者，3知会人',
  PRIMARY KEY (`id`),
  KEY `orderid` (`orderid`),
  KEY `employeeid` (`employeeid`)
) ENGINE=MyISAM AUTO_INCREMENT=4 DEFAULT CHARSET=utf8 COMMENT='订单访问权限表';
/*!40101 SET character_set_client = @saved_cs_client */;

--
-- Dumping data for table `tb_goods_order_user`
--

LOCK TABLES `tb_goods_order_user` WRITE;
/*!40000 ALTER TABLE `tb_goods_order_user` DISABLE KEYS */;
/*!40000 ALTER TABLE `tb_goods_order_user` ENABLE KEYS */;
UNLOCK TABLES;

--
-- Table structure for table `tb_goods_shopping_cart`
--

DROP TABLE IF EXISTS `tb_goods_shopping_cart`;
/*!40101 SET @saved_cs_client     = @@character_set_client */;
/*!40101 SET character_set_client = utf8 */;
CREATE TABLE `tb_goods_shopping_cart` (
  `id` int(10) unsigned NOT NULL AUTO_INCREMENT,
  `employeeid` int(10) unsigned NOT NULL DEFAULT '0' COMMENT '用户id',
  `goodsid` int(10) unsigned NOT NULL DEFAULT '0' COMMENT '商品id',
  `spaceid` int(10) unsigned NOT NULL DEFAULT '0' COMMENT '圈子id',
  `buycount` decimal(32,6) unsigned NOT NULL DEFAULT '0.000000' COMMENT '购买数量',
  `discountprice` decimal(32,8) unsigned NOT NULL DEFAULT '0.00000000' COMMENT '折扣价',
  `freeitems` varchar(1024) DEFAULT '' COMMENT '自由项',
  `createtime` datetime NOT NULL DEFAULT '0000-00-00 00:00:00' COMMENT '创建时间',
  PRIMARY KEY (`id`),
  KEY `employeeid` (`employeeid`),
  KEY `spaceid` (`spaceid`)
) ENGINE=MyISAM AUTO_INCREMENT=12 DEFAULT CHARSET=utf8 COMMENT='购物车';
/*!40101 SET character_set_client = @saved_cs_client */;

--
-- Dumping data for table `tb_goods_shopping_cart`
--

LOCK TABLES `tb_goods_shopping_cart` WRITE;
/*!40000 ALTER TABLE `tb_goods_shopping_cart` DISABLE KEYS */;
INSERT INTO `tb_goods_shopping_cart` VALUES (1,38,3,1,1.000000,1.00000000,'freeitem2|红色;freeitem1|尺寸','2013-05-13 14:40:05');
/*!40000 ALTER TABLE `tb_goods_shopping_cart` ENABLE KEYS */;
UNLOCK TABLES;

--
-- Table structure for table `tb_goods_user_address`
--

DROP TABLE IF EXISTS `tb_goods_user_address`;
/*!40101 SET @saved_cs_client     = @@character_set_client */;
/*!40101 SET character_set_client = utf8 */;
CREATE TABLE `tb_goods_user_address` (
  `id` int(10) NOT NULL AUTO_INCREMENT,
  `employeeid` int(10) NOT NULL DEFAULT '0' COMMENT '用户id',
  `spaceid` int(10) unsigned NOT NULL DEFAULT '0' COMMENT '圈子id',
  `province` varchar(30) NOT NULL DEFAULT '' COMMENT '省份',
  `city` varchar(30) NOT NULL DEFAULT '' COMMENT '城市',
  `address` varchar(128) NOT NULL DEFAULT '' COMMENT '地址',
  `postcode` varchar(6) NOT NULL DEFAULT '' COMMENT '邮编',
  `receiver` varchar(32) NOT NULL DEFAULT '' COMMENT '接收人',
  `phone` varchar(32) NOT NULL DEFAULT '' COMMENT '固定电话',
  `mobile` varchar(11) NOT NULL DEFAULT '' COMMENT '手机',
  `isdefault` bit(1) NOT NULL DEFAULT b'0' COMMENT '是否是默认地址，0-否，1-是',
  `createtime` datetime NOT NULL DEFAULT '0000-00-00 00:00:00' COMMENT '创建时间',
  PRIMARY KEY (`id`),
  KEY `employeeid` (`employeeid`),
  KEY `spaceid` (`spaceid`)
) ENGINE=MyISAM AUTO_INCREMENT=20 DEFAULT CHARSET=utf8 COMMENT='收货人地址薄';
/*!40101 SET character_set_client = @saved_cs_client */;

--
-- Dumping data for table `tb_goods_user_address`
--

LOCK TABLES `tb_goods_user_address` WRITE;
/*!40000 ALTER TABLE `tb_goods_user_address` DISABLE KEYS */;
INSERT INTO `tb_goods_user_address` VALUES (10,66,162,'北京','海淀区','上地1','100094','张晓','','15811171124','\0','0000-00-00 00:00:00'),(11,66,162,'北京','海淀区','上地2','100094','张爱','010','15811171124','\0','0000-00-00 00:00:00'),(12,66,162,'北京','海淀区','上地3','100094','李巧','010','15811171124','\0','0000-00-00 00:00:00'),(18,66,162,'北京','海淀区','上地4','100094','小李','010','15811171124','\0','0000-00-00 00:00:00'),(19,66,162,'北京','海淀区','上地5','100094','谢谢','010','15811171124','','0000-00-00 00:00:00');
/*!40000 ALTER TABLE `tb_goods_user_address` ENABLE KEYS */;
UNLOCK TABLES;

--
-- Table structure for table `tb_group`
--

DROP TABLE IF EXISTS `tb_group`;
/*!40101 SET @saved_cs_client     = @@character_set_client */;
/*!40101 SET character_set_client = utf8 */;
CREATE TABLE `tb_group` (
  `id` int(11) NOT NULL AUTO_INCREMENT,
  `name` varchar(64) NOT NULL DEFAULT '' COMMENT '群组名称',
  `spaceid` int(11) NOT NULL DEFAULT '0' COMMENT '空间ID',
  `creatorid` int(11) NOT NULL DEFAULT '0' COMMENT '创建人ID',
  `logoid` int(11) NOT NULL DEFAULT '0' COMMENT '群组logo资源ID',
  `logourl` varchar(128) NOT NULL DEFAULT '' COMMENT '群组logo的资源地址',
  `showinlist` tinyint(4) NOT NULL DEFAULT '0' COMMENT '私密群组是否显示在群组列表，0-否，1-是',
  `messagenum` int(11) NOT NULL DEFAULT '0' COMMENT '会话数',
  `employeenum` int(11) NOT NULL DEFAULT '0' COMMENT '成员数',
  `description` varchar(512) NOT NULL DEFAULT '' COMMENT '群组描述',
  `announce` varchar(256) NOT NULL DEFAULT '' COMMENT '群组公告',
  `firstletter` char(255) NOT NULL DEFAULT '' COMMENT '群组首字母',
  `status` tinyint(4) NOT NULL DEFAULT '1' COMMENT '群组状态，0-已删除,1-正常',
  `bgid` int(11) NOT NULL DEFAULT '0' COMMENT '背景图片资源ID',
  `bgurl` varchar(128) NOT NULL DEFAULT '' COMMENT '背景图片的资源地址',
  `updatetime` datetime NOT NULL DEFAULT '0000-00-00 00:00:00' COMMENT '更新时间',
  `createtime` datetime NOT NULL DEFAULT '0000-00-00 00:00:00' COMMENT '创建时间',
  `source` tinyint(4) NOT NULL DEFAULT '0' COMMENT '创建来源：1为CRM调接口生成；后续有其他可以扩展',
  PRIMARY KEY (`id`)
) ENGINE=MyISAM AUTO_INCREMENT=83 DEFAULT CHARSET=utf8;
/*!40101 SET character_set_client = @saved_cs_client */;

--
-- Dumping data for table `tb_group`
--

LOCK TABLES `tb_group` WRITE;
/*!40000 ALTER TABLE `tb_group` DISABLE KEYS */;
INSERT INTO `tb_group` VALUES (1,'畅捷通全体',2,2,0,'',0,0,3,'畅捷通全体成员','','c',1,0,'','2013-04-24 09:02:24','0000-00-00 00:00:00',0),(2,'abc',2,2,0,'',0,0,1,'wddf','','',1,0,'','0000-00-00 00:00:00','2013-03-27 09:04:14',0),(3,'佛挡杀佛',2,2,0,'',0,0,0,'打算打算','','',1,0,'','0000-00-00 00:00:00','2013-04-11 18:16:26',0),(6,'群组测试3',2,2,0,'',0,0,2,'','','',1,0,'','2013-05-02 09:52:46','2013-04-13 16:15:14',0),(7,'群组测试4',2,2,0,'',0,0,2,'','','',1,0,'','2013-05-08 11:12:10','2013-04-13 16:24:47',0),(8,'群组测试5',2,2,0,'',0,0,1,'','','',1,0,'','0000-00-00 00:00:00','2013-04-13 16:25:22',0),(9,'群组测试6',2,2,0,'',0,0,1,'','','',1,0,'','0000-00-00 00:00:00','2013-04-13 16:29:10',0),(10,'群组测试7',2,2,0,'',0,0,9,'','','',1,0,'','0000-00-00 00:00:00','2013-04-13 16:30:20',0),(11,'群组测试8',2,2,0,'',0,0,2,'这里是群组描述，仔细看看','','',1,0,'','2013-04-28 14:58:40','2013-04-13 16:31:21',0),(12,'群组测试9',2,2,0,'',0,0,1,'这里是群组描述，仔细看看','','q',1,0,'','0000-00-00 00:00:00','2013-04-13 16:42:23',0),(14,'群组测试',2,2,0,'',0,0,1,'这里是群组描述，仔细看看','','',1,0,'','0000-00-00 00:00:00','2013-04-15 13:54:45',0),(15,'群组测试10',2,2,0,'',0,0,1,'这里是群组描述，仔细看看','','',1,0,'','0000-00-00 00:00:00','2013-04-15 14:33:12',0),(16,'test',2,2,0,'',0,0,1,'test group','','',1,0,'','0000-00-00 00:00:00','2013-04-16 12:47:17',0),(17,'群组测试11',2,2,0,'',0,0,2,'群组测试11群组测试11群组测试11群组测试11群组测试11群组测试11群组测试11群组测试11群组测试11群组测试11','','',1,0,'','2013-05-08 11:21:29','2013-04-16 13:02:33',0),(18,'群组测试12',2,2,0,'',0,0,1,'群组测试12群组测试12群组测试12','','q',1,0,'','0000-00-00 00:00:00','2013-04-16 13:05:03',0),(19,'群组测试13',2,2,0,'',0,0,2,'群组测试13群组测试13群组测试13群组测试13群组测试13群组测试13','','',1,0,'','2013-05-02 08:53:53','2013-04-16 13:09:51',0),(20,'群组测试14',2,2,0,'',0,0,1,'群组测试14群组测试14群组测试14群组测试14群组测试14群组测试14群组测试14群组测试14群组测试14群组测试14','','q',1,0,'','0000-00-00 00:00:00','2013-04-16 13:15:04',0),(21,'群组测试15',2,2,0,'',0,0,1,'群组测试15群组测试15群组测试15','','',1,0,'','0000-00-00 00:00:00','2013-04-16 13:15:59',0),(22,'群组测试15',2,2,0,'',0,0,1,'群组测试15群组测试15群组测试15','','',1,0,'','0000-00-00 00:00:00','2013-04-16 13:16:04',0),(23,'群组测试16',2,2,0,'',0,0,2,'群组测试16群组测试16群组测试16群组测试16','','',1,0,'','2013-04-18 20:10:27','2013-04-16 13:16:41',0),(24,'群组测试28',2,2,36,'201304/18/1366274219915S.jpg',0,0,7,'群组测试28群组测试28','啊啊啊啊啊啊啊啊啊啊啊','',1,27,'201304/17/13661827059gV5.png','2013-04-22 09:30:23','2013-04-16 13:27:44',0),(26,'game',2,3,0,'',0,0,2,'paly games','','',1,0,'','0000-00-00 00:00:00','2013-04-16 13:41:02',0),(27,'群组测试17',2,2,0,'',0,0,2,'群组测试17群组测试17群组测试17群组测试17群组测试17','','',1,0,'','2013-04-24 09:41:28','2013-04-16 16:56:43',0),(28,'群组测试18',2,2,0,'',0,0,1,'群组测试18群组测试18群组测试18群组测试18','','',1,0,'','2013-05-10 09:30:26','2013-04-16 17:02:10',0),(31,'群组测试21',2,2,12,'201304/17/1366160535FAPh.jpg',0,0,3,'群组测试21群组测试21','','',1,0,'','2013-05-10 09:30:50','2013-04-17 09:03:18',0),(32,'group 1',2,2,25,'201304/17/1366181029s6b7.jpg',0,0,2,'wwwww','','',1,0,'201304/17/1366160733O8g7.jpg','2013-05-10 09:23:56','2013-04-17 09:06:37',0),(33,'群组测试23',2,2,14,'201304/17/1366160917Yu4t.jpg',0,0,5,'得得网期待','','q',1,0,'','2013-05-02 09:48:51','2013-04-17 09:09:40',0),(34,'test33',0,0,0,'',0,0,0,'','','',1,0,'','0000-00-00 00:00:00','0000-00-00 00:00:00',0),(36,'群组测试25',2,3,17,'201304/17/1366175014o4mM.jpg',0,0,2,'群组测试25群组测试25','','q',1,0,'','2013-04-19 09:38:34','2013-04-17 13:04:35',0),(37,'群组测试26',2,3,18,'201304/17/1366175141MuEr.jpg',0,0,2,'群组测试26','公告公告公告公告公告公告公告公告公告公告公告公告公告公告公告公告公告','q',1,0,'','2013-04-24 13:14:23','2013-04-17 13:06:42',0),(38,'群组测试27',2,3,19,'201304/17/1366178802HsZL.jpg',0,0,2,'群组测试27群组测试27','','q',1,0,'','2013-04-20 14:58:47','2013-04-17 14:07:43',0),(39,'群组测试29',2,3,42,'201304/19/1366353148alfg.jpg',0,0,5,'群组测试29群组测试29群组测试29群组测试29','','',1,0,'','2013-05-13 16:34:36','2013-04-19 14:33:30',0),(40,'群组测试32',2,3,43,'201304/19/1366353211tqAf.jpg',0,0,3,'群组测试32','','',1,0,'','2013-05-02 09:43:25','2013-04-19 14:34:33',0),(41,'群组测试30',2,3,0,'',0,0,1,'群组测试30群组测试30群组测试30','这里有好消息fddd','',1,0,'','2013-04-20 10:30:03','2013-04-19 14:47:18',0),(42,'群组测试33',2,2,0,'',0,0,7,'群组测试33群组测试33ddddddddddd','哥特让他共同','',1,0,'','2013-04-26 09:51:11','2013-04-22 09:04:57',0),(43,'群组测试34',2,2,0,'',0,0,3,'群组测试34群组测试34群组测试34','','q',1,0,'','2013-04-26 14:57:59','2013-04-24 10:48:20',0),(44,'测试群组35',2,2,0,'',0,0,6,'测试群组35测试群组35','','c',1,0,'','2013-05-10 09:30:32','2013-04-24 10:49:04',0),(45,'群组测试36',2,2,98,'201304/24/1366789321bZsv.jpg',0,0,6,'群组测试36群组测试36群组测试36','','q',1,0,'','2013-05-02 10:22:11','2013-04-24 10:49:23',0),(46,'群组测试38',2,51,156,'201304/26/1366963900qmon.jpg',0,0,2,'群组测试38群组测试38群组测试38','告诉你个好消息告诉你个好消息告诉你个好消息告诉你个好消息告诉你个好消息告诉你个好消息告诉你个好消息告诉你个好消息告诉你个好消息','q',1,0,'','2013-05-09 11:00:02','2013-04-26 16:11:42',0),(47,'群组测试39',2,51,0,'',0,0,3,'群组测试39群组测试39群组测试39群组测试39','','q',1,0,'','2013-05-08 10:24:23','2013-04-28 16:46:56',0),(48,'群组测试40',2,51,250,'201305/2/1367465745d7t7.jpg',0,0,10,'群组测试40群组测试40','','q',1,0,'','2013-05-08 10:28:36','2013-05-02 11:35:46',0),(49,'群组测试41',2,51,252,'201305/2/1367481252LDD7.jpg',0,0,3,'群组测试41群组测试41群组测试41','点点滴滴点点滴滴的的的的的的的的的的','q',1,0,'','2013-05-08 16:00:13','2013-05-02 15:54:14',0),(50,'网球联盟',2,51,332,'201305/17/1368777589llfe.jpg',0,0,4,'打网球吧','','w',1,0,'','2013-05-17 15:59:49','2013-05-07 16:20:34',0),(51,'群组测试42',2,51,0,'',0,0,1,'群组测试42群组测试42','','q',1,0,'','0000-00-00 00:00:00','2013-05-08 11:32:11',0),(52,'群组测试43',2,51,258,'201305/8/136799262672vX.jpg',0,0,2,'群组群组群组群组群组群组群组群组群组','群组群组群组群组群组群组群组群组群组群组','q',1,0,'','2013-05-15 14:13:02','2013-05-08 13:45:51',0),(53,'群组测试44',2,51,0,'',0,0,1,'群组测试44群组测试44','','q',1,0,'','0000-00-00 00:00:00','2013-05-09 10:09:17',0),(54,'群组测试45',2,51,0,'',0,0,1,'群组测试45','','q',1,0,'','0000-00-00 00:00:00','2013-05-09 10:15:35',0),(55,'花感伤',2,40,307,'201305/9/13681008425KBs.jpg',0,0,1,'花感伤花感伤花感伤花感伤花感伤花感伤花感伤花感伤','','h',1,0,'','2013-05-10 09:18:31','2013-05-09 20:00:45',0),(56,'士大夫',2,0,0,'',0,0,1,'撒地方','','s',1,0,'','0000-00-00 00:00:00','2013-05-10 00:33:49',0),(57,'士大夫',2,0,0,'',0,0,1,'撒地方','','s',1,0,'','0000-00-00 00:00:00','2013-05-10 00:33:56',0),(58,'士大夫',2,52,0,'',0,0,1,'所发生的','','s',1,0,'','0000-00-00 00:00:00','2013-05-10 00:34:17',0),(59,'夏天到了',2,0,0,'',0,0,1,'','','x',1,0,'','0000-00-00 00:00:00','2013-05-10 15:39:04',0),(60,'士大夫',2,52,0,'',0,0,1,'是飞','','s',1,0,'','0000-00-00 00:00:00','2013-05-10 00:48:51',0),(61,'士大夫',2,52,0,'',0,0,1,'是飞','','s',1,0,'','0000-00-00 00:00:00','2013-05-10 00:49:45',0),(62,'士大夫',2,52,0,'',0,0,1,'是飞','','s',1,0,'','0000-00-00 00:00:00','2013-05-10 00:49:57',0),(63,'士大夫',2,52,0,'',0,0,1,'是飞','','s',1,0,'','0000-00-00 00:00:00','2013-05-10 00:50:56',0),(64,'士大夫',2,52,0,'',0,0,2,'是飞','','s',1,0,'','2013-05-10 16:01:12','2013-05-10 00:52:13',0),(65,'eeee',2,51,0,'',0,0,2,'eeee','','e',1,0,'','2013-05-13 16:35:15','2013-05-10 16:00:55',0),(66,'谈天说地',2,0,0,'',0,0,2,'','','t',1,0,'','2013-05-13 10:30:15','2013-05-13 10:28:57',0),(67,'test',2,62,0,'',0,0,1,'test','','t',1,0,'','0000-00-00 00:00:00','2013-05-15 13:45:05',0),(68,'test',2,2,0,'',0,0,1,'test','','t',1,0,'','0000-00-00 00:00:00','2013-05-15 14:03:20',0),(69,'群组测试51',2,51,0,'',0,0,1,'','','q',1,0,'','2013-05-15 14:08:03','2013-05-15 14:03:19',0),(70,'test',2,2,0,'',0,0,1,'test','','t',1,0,'','2013-05-15 15:08:43','2013-05-15 14:06:10',0),(71,'谈天',2,51,0,'',0,0,1,'43r','','t',1,0,'','2013-05-16 08:44:41','2013-05-15 14:10:07',0),(72,'群组测试55',2,51,0,'',0,0,1,'','','q',1,0,'','0000-00-00 00:00:00','2013-05-15 14:24:05',0),(73,'group 2',2,51,0,'',0,0,1,'','','g',0,0,'','2013-05-15 16:10:28','2013-05-15 14:31:01',0),(74,'group 3',2,51,0,'',0,0,1,'','','g',1,0,'','2013-05-16 15:39:54','2013-05-15 14:31:21',0),(75,'123',2,2,0,'',0,0,3,'123','','1',1,0,'','2013-05-16 10:59:29','2013-05-15 14:39:09',0),(77,'group 4',2,51,320,'201305/15/13686014077e7o.jpg',0,0,1,'','','g',0,0,'','2013-05-16 09:22:36','2013-05-15 15:03:29',0),(78,'3',2,62,0,'',0,0,3,'','','3',1,0,'','2013-05-16 10:50:28','2013-05-16 09:09:50',0),(79,'rrr',2,51,328,'201305/16/13686834928857.jpg',0,0,4,'rr','','r',1,0,'','2013-05-20 09:33:10','2013-05-16 11:08:27',0),(80,'五月天',2,51,333,'201305/20/1369013452eQDN.jpg',0,0,2,'五月天','','w',1,0,'','2013-05-20 10:43:16','2013-05-17 09:23:12',0),(81,'gaoran',2,62,0,'',0,0,2,'gaoran','','g',1,0,'','2013-05-17 16:02:35','2013-05-17 11:03:32',0),(82,'r',2,62,0,'',0,0,1,'','','r',1,0,'','0000-00-00 00:00:00','2013-05-20 09:28:44',0);
/*!40000 ALTER TABLE `tb_group` ENABLE KEYS */;
UNLOCK TABLES;

--
-- Table structure for table `tb_group_employee`
--

DROP TABLE IF EXISTS `tb_group_employee`;
/*!40101 SET @saved_cs_client     = @@character_set_client */;
/*!40101 SET character_set_client = utf8 */;
CREATE TABLE `tb_group_employee` (
  `id` int(11) NOT NULL AUTO_INCREMENT,
  `groupid` int(11) NOT NULL DEFAULT '0' COMMENT '群组ID',
  `employeeid` int(11) NOT NULL DEFAULT '0' COMMENT '人员ID',
  `status` tinyint(4) NOT NULL DEFAULT '0' COMMENT '参与状态:0-待审核，1-已参与,2-创建者,3-管理员',
  `jointime` datetime NOT NULL DEFAULT '0000-00-00 00:00:00' COMMENT '加入时间',
  PRIMARY KEY (`id`)
) ENGINE=MyISAM AUTO_INCREMENT=223 DEFAULT CHARSET=utf8;
/*!40101 SET character_set_client = @saved_cs_client */;

--
-- Dumping data for table `tb_group_employee`
--

LOCK TABLES `tb_group_employee` WRITE;
/*!40000 ALTER TABLE `tb_group_employee` DISABLE KEYS */;
INSERT INTO `tb_group_employee` VALUES (1,0,2,3,'2013-03-26 20:00:28'),(2,2,2,3,'2013-03-27 09:04:14'),(4,4,2,3,'2013-04-11 18:29:23'),(5,5,2,3,'2013-04-11 19:28:32'),(6,9,2,2,'2013-04-13 16:29:10'),(8,11,2,2,'2013-04-13 16:31:21'),(9,13,2,2,'2013-04-13 16:42:56'),(12,10,2,1,'2013-04-15 13:34:27'),(13,10,2,1,'2013-04-15 13:35:00'),(14,14,2,2,'2013-04-15 13:54:45'),(15,15,2,2,'2013-04-15 14:33:12'),(16,16,2,2,'2013-04-16 12:47:17'),(17,17,2,2,'2013-04-16 13:02:33'),(18,18,2,2,'2013-04-16 13:05:03'),(19,19,2,2,'2013-04-16 13:09:51'),(20,20,2,2,'2013-04-16 13:15:04'),(21,21,2,2,'2013-04-16 13:15:59'),(22,22,2,2,'2013-04-16 13:16:04'),(23,23,2,2,'2013-04-16 13:16:41'),(26,26,3,2,'2013-04-16 13:41:02'),(27,24,3,1,'2013-04-16 14:05:44'),(28,24,3,1,'2013-04-16 14:34:24'),(31,26,2,1,'2013-04-16 16:17:11'),(32,27,2,2,'2013-04-16 16:56:43'),(33,28,2,2,'2013-04-16 17:02:10'),(36,31,2,2,'2013-04-17 09:03:18'),(37,32,2,2,'2013-04-17 09:06:37'),(38,33,2,2,'2013-04-17 09:09:40'),(42,36,3,2,'2013-04-17 13:04:35'),(43,37,3,2,'2013-04-17 13:06:42'),(47,31,3,1,'2013-04-17 13:59:09'),(48,38,3,2,'2013-04-17 14:07:44'),(49,23,3,1,'2013-04-18 20:11:27'),(50,33,3,1,'2013-04-18 20:11:46'),(51,33,30,1,'2013-04-18 20:42:26'),(52,33,31,1,'2013-04-18 20:43:37'),(54,24,2,1,'2013-04-19 08:56:27'),(55,36,2,1,'2013-04-19 09:39:34'),(57,24,39,1,'2013-04-19 11:17:15'),(58,24,32,1,'2013-04-19 12:41:45'),(59,24,40,1,'2013-04-19 12:42:12'),(60,40,3,2,'2013-04-19 14:34:33'),(61,41,3,2,'2013-04-19 14:48:19'),(67,39,3,1,'2013-04-19 15:36:38'),(69,38,2,1,'2013-04-20 14:59:47'),(70,40,2,1,'2013-04-21 15:47:23'),(72,42,2,2,'2013-04-22 09:05:53'),(73,42,40,1,'2013-04-22 09:10:11'),(74,42,30,1,'2013-04-23 10:16:43'),(75,42,46,1,'2013-04-23 18:21:46'),(76,42,30,1,'2013-04-23 18:27:28'),(77,1,38,1,'2013-04-24 09:02:14'),(78,1,3,1,'2013-04-24 09:02:49'),(79,27,46,1,'2013-04-24 09:42:31'),(80,43,2,2,'2013-04-24 10:49:24'),(81,44,2,2,'2013-04-24 10:50:08'),(82,45,2,2,'2013-04-24 10:50:26'),(83,37,30,1,'2013-04-24 13:15:27'),(84,45,38,1,'2013-04-24 16:34:26'),(85,45,38,1,'2013-04-24 16:34:29'),(86,45,32,1,'2013-04-24 16:34:40'),(87,45,4,1,'2013-04-24 16:35:00'),(88,45,30,1,'2013-04-24 16:35:17'),(96,44,3,1,'2013-04-25 13:53:15'),(99,45,3,1,'2013-04-25 16:09:07'),(101,43,3,1,'2013-04-25 17:00:07'),(106,42,3,1,'2013-04-26 09:30:01'),(109,42,51,1,'2013-04-26 09:52:18'),(112,43,51,1,'2013-04-26 14:59:07'),(114,46,51,2,'2013-04-26 16:12:50'),(115,46,3,1,'2013-04-26 16:13:24'),(118,45,53,1,'2013-04-28 10:07:42'),(119,44,53,1,'2013-04-28 10:07:43'),(120,11,51,1,'2013-04-28 14:59:53'),(122,47,30,1,'2013-05-01 20:56:08'),(123,19,51,1,'2013-05-02 08:55:32'),(125,40,51,1,'2013-05-02 09:45:04'),(126,33,51,1,'2013-05-02 09:50:30'),(127,6,51,1,'2013-05-02 09:54:26'),(128,45,51,1,'2013-05-02 10:23:50'),(130,49,51,2,'2013-05-02 15:55:39'),(131,48,47,1,'2013-05-02 15:55:52'),(132,48,52,1,'2013-05-02 15:56:32'),(146,47,2,1,'2013-05-03 15:59:04'),(147,50,51,2,'2013-05-07 16:22:14'),(148,47,51,1,'2013-05-08 10:26:05'),(149,48,51,1,'2013-05-08 10:30:17'),(150,49,48,1,'2013-05-08 10:57:04'),(151,50,48,1,'2013-05-08 10:57:21'),(152,7,51,1,'2013-05-08 11:13:51'),(153,17,51,1,'2013-05-08 11:23:10'),(154,51,51,2,'2013-05-08 11:33:53'),(155,52,51,2,'2013-05-08 13:47:34'),(156,49,2,1,'2013-05-08 16:01:56'),(158,53,51,2,'2013-05-09 10:10:58'),(159,54,51,2,'2013-05-09 10:17:16'),(161,55,40,2,'2013-05-09 20:02:28'),(163,32,51,1,'2013-05-10 09:25:40'),(172,39,51,1,'2013-05-10 09:39:40'),(173,56,0,2,'2013-05-10 15:39:12'),(174,57,0,2,'2013-05-10 15:39:18'),(175,58,52,2,'2013-05-10 15:39:40'),(176,59,0,2,'2013-05-10 15:40:49'),(177,60,52,2,'2013-05-10 15:54:14'),(178,61,52,2,'2013-05-10 15:55:08'),(179,62,52,2,'2013-05-10 15:55:20'),(180,63,52,2,'2013-05-10 15:56:18'),(181,64,52,2,'2013-05-10 15:57:36'),(182,65,51,2,'2013-05-10 16:02:40'),(183,64,51,1,'2013-05-10 16:02:57'),(184,66,0,2,'2013-05-13 10:31:11'),(185,66,51,1,'2013-05-13 10:32:29'),(186,39,48,1,'2013-05-13 16:36:30'),(187,65,48,3,'2013-05-13 16:37:09'),(188,67,62,2,'2013-05-15 13:45:05'),(189,68,2,2,'2013-05-15 14:03:20'),(190,69,51,2,'2013-05-15 14:05:20'),(191,70,2,2,'2013-05-15 14:06:10'),(192,71,51,2,'2013-05-15 14:12:08'),(193,52,30,1,'2013-05-15 14:12:28'),(194,72,51,2,'2013-05-15 14:26:06'),(195,73,51,2,'2013-05-15 14:33:01'),(196,74,51,2,'2013-05-15 14:33:22'),(197,75,2,2,'2013-05-15 14:39:09'),(198,76,2,2,'2013-05-15 14:59:46'),(199,77,51,2,'2013-05-15 15:05:30'),(201,78,62,2,'2013-05-16 09:09:50'),(202,75,62,1,'2013-05-16 09:12:43'),(206,78,51,0,'2013-05-16 10:41:13'),(207,78,51,0,'2013-05-16 10:52:31'),(208,75,51,0,'2013-05-16 11:01:32'),(209,79,51,2,'2013-05-16 11:10:31'),(210,79,2,3,'2013-05-16 11:10:49'),(211,79,52,1,'2013-05-16 11:20:28'),(212,50,47,1,'2013-05-16 16:11:22'),(213,80,51,2,'2013-05-17 09:25:14'),(214,50,2,3,'2013-05-17 10:32:43'),(215,81,62,2,'2013-05-17 11:03:32'),(219,81,51,0,'2013-05-17 16:04:39'),(220,82,62,2,'2013-05-20 09:28:44'),(221,79,62,1,'2013-05-20 09:33:10'),(222,80,62,1,'2013-05-20 10:43:16');
/*!40000 ALTER TABLE `tb_group_employee` ENABLE KEYS */;
UNLOCK TABLES;

--
-- Table structure for table `tb_job`
--

DROP TABLE IF EXISTS `tb_job`;
/*!40101 SET @saved_cs_client     = @@character_set_client */;
/*!40101 SET character_set_client = utf8 */;
CREATE TABLE `tb_job` (
  `id` int(11) NOT NULL AUTO_INCREMENT,
  `spaceid` int(11) NOT NULL DEFAULT '0',
  `name` varchar(32) NOT NULL DEFAULT '',
  `jobserialid` int(11) NOT NULL DEFAULT '0' COMMENT '岗位序列ID',
  `isenabled` bit(1) NOT NULL DEFAULT b'1' COMMENT '是否有效',
  `remark` varchar(128) NOT NULL DEFAULT '',
  PRIMARY KEY (`id`)
) ENGINE=MyISAM AUTO_INCREMENT=6 DEFAULT CHARSET=utf8 COMMENT='岗位表';
/*!40101 SET character_set_client = @saved_cs_client */;

--
-- Dumping data for table `tb_job`
--

LOCK TABLES `tb_job` WRITE;
/*!40000 ALTER TABLE `tb_job` DISABLE KEYS */;
INSERT INTO `tb_job` VALUES (1,2,'总经理',1,'',''),(4,2,'部门经理',1,'',''),(5,2,'普通员工',2,'','');
/*!40000 ALTER TABLE `tb_job` ENABLE KEYS */;
UNLOCK TABLES;

--
-- Table structure for table `tb_job_serial`
--

DROP TABLE IF EXISTS `tb_job_serial`;
/*!40101 SET @saved_cs_client     = @@character_set_client */;
/*!40101 SET character_set_client = utf8 */;
CREATE TABLE `tb_job_serial` (
  `id` int(11) NOT NULL AUTO_INCREMENT,
  `spaceid` int(11) NOT NULL DEFAULT '0',
  `name` varchar(32) NOT NULL DEFAULT '' COMMENT '名称',
  PRIMARY KEY (`id`)
) ENGINE=MyISAM AUTO_INCREMENT=4 DEFAULT CHARSET=utf8 COMMENT='岗位序列表';
/*!40101 SET character_set_client = @saved_cs_client */;

--
-- Dumping data for table `tb_job_serial`
--

LOCK TABLES `tb_job_serial` WRITE;
/*!40000 ALTER TABLE `tb_job_serial` DISABLE KEYS */;
INSERT INTO `tb_job_serial` VALUES (1,2,'管理序列'),(2,2,'技术序列'),(3,2,'测试序列');
/*!40000 ALTER TABLE `tb_job_serial` ENABLE KEYS */;
UNLOCK TABLES;

--
-- Table structure for table `tb_notice`
--

DROP TABLE IF EXISTS `tb_notice`;
/*!40101 SET @saved_cs_client     = @@character_set_client */;
/*!40101 SET character_set_client = utf8 */;
CREATE TABLE `tb_notice` (
  `id` int(11) NOT NULL AUTO_INCREMENT,
  `targetid` int(11) NOT NULL DEFAULT '0' COMMENT '产生动态的对象id',
  `module` tinyint(4) NOT NULL DEFAULT '0' COMMENT '产生动态的对象类型',
  `objectid` int(11) NOT NULL DEFAULT '0' COMMENT '对象id  （人员 部门或群组ID）',
  `objecttype` tinyint(4) NOT NULL DEFAULT '0' COMMENT '对象类型  (0 全员 1 成员  2部门 3群组 )',
  `template` int(11) NOT NULL DEFAULT '0' COMMENT '动态标识,用于寻找动态模板 ',
  `spaceid` int(11) NOT NULL DEFAULT '0' COMMENT '空间ID',
  `authorid` int(11) NOT NULL DEFAULT '0' COMMENT '通知发出者uid 0 系统通知',
  `content` text NOT NULL COMMENT '通知内容',
  `createtime` datetime NOT NULL DEFAULT '0000-00-00 00:00:00' COMMENT '通知添加时间',
  PRIMARY KEY (`id`)
) ENGINE=MyISAM AUTO_INCREMENT=780 DEFAULT CHARSET=utf8;
/*!40101 SET character_set_client = @saved_cs_client */;

--
-- Dumping data for table `tb_notice`
--

LOCK TABLES `tb_notice` WRITE;
/*!40000 ALTER TABLE `tb_notice` DISABLE KEYS */;
INSERT INTO `tb_notice` VALUES (1,1,107,2,1,107201,2,48,'','2013-04-19 10:16:21'),(2,1,107,31,1,107202,2,48,'','2013-04-19 10:16:21'),(3,2,107,48,1,107201,2,2,'','2013-04-19 10:22:20'),(4,2,107,31,1,107202,2,2,'','2013-04-19 10:22:20'),(5,3,107,0,1,107201,2,2,'','2013-04-19 10:47:31'),(6,3,107,48,1,107201,2,2,'','2013-04-19 10:47:31'),(7,4,107,2,1,107202,2,48,'','2013-04-19 11:05:19'),(8,3,107,2,1,107203,2,48,'','2013-04-19 11:15:49'),(9,2,107,2,1,107204,2,48,'','2013-04-19 11:17:21'),(10,6,107,3,1,107201,2,48,'','2013-04-19 14:56:30'),(11,6,107,4,1,107202,2,48,'','2013-04-19 14:56:30'),(12,6,107,2,1,107201,2,48,'','2013-04-19 14:56:30'),(13,3,107,2,1,107204,2,48,'','2013-04-19 15:19:15'),(14,3,107,2,1,107205,2,48,'','2013-04-19 15:19:26'),(15,3,107,2,1,107205,2,48,'','2013-04-19 15:19:43'),(16,3,107,2,1,107205,2,48,'','2013-04-19 15:21:38'),(17,3,107,2,1,107205,2,48,'','2013-04-19 15:22:03'),(18,3,107,2,1,107205,2,48,'','2013-04-19 15:23:07'),(19,3,107,2,1,107205,2,48,'','2013-04-19 15:24:32'),(20,3,107,2,1,107205,2,48,'','2013-04-19 15:26:48'),(21,3,107,2,1,107205,2,48,'','2013-04-19 15:27:53'),(22,2,107,2,1,107203,2,48,'','2013-04-19 16:10:40'),(23,31,109,1185,102,59,2,2,'共享文档','2013-04-19 16:15:15'),(24,31,109,2,102,59,2,2,'共享文档','2013-04-19 16:15:15'),(25,31,109,3,102,60,2,2,'删除某人的共享文档','2013-04-19 16:30:24'),(26,6,107,3,1,107206,2,48,'','2013-04-20 13:20:19'),(27,6,107,4,1,107206,2,48,'','2013-04-20 13:20:19'),(28,6,107,2,1,107206,2,48,'','2013-04-20 13:20:19'),(29,6,107,3,1,107207,2,48,'','2013-04-20 13:21:20'),(30,6,107,4,1,107207,2,48,'','2013-04-20 13:21:20'),(31,6,107,2,1,107207,2,48,'','2013-04-20 13:21:20'),(32,6,107,3,1,107206,2,48,'','2013-04-20 13:21:37'),(33,6,107,4,1,107206,2,48,'','2013-04-20 13:21:37'),(34,6,107,2,1,107206,2,48,'','2013-04-20 13:21:37'),(35,6,107,3,1,107207,2,48,'','2013-04-20 13:22:08'),(36,6,107,4,1,107207,2,48,'','2013-04-20 13:22:08'),(37,6,107,2,1,107207,2,48,'','2013-04-20 13:22:08'),(38,6,107,48,1,107203,2,2,'','2013-04-20 13:26:10'),(39,1,107,48,1,107204,2,2,'','2013-04-20 13:29:25'),(40,6,107,48,1,107205,2,2,'','2013-04-20 13:30:58'),(41,55,109,1185,102,109201,2,2,'共享文档','2013-04-20 16:00:15'),(42,55,109,2,102,109201,2,2,'共享文档','2013-04-20 16:00:15'),(43,56,109,1185,102,109201,2,2,'共享文档','2013-04-20 16:01:53'),(44,56,109,2,102,109201,2,2,'共享文档','2013-04-20 16:01:53'),(45,39,108,3,1,108201,2,2,'','2013-04-21 15:49:30'),(46,39,108,3,1,108201,2,2,'','2013-04-21 15:50:02'),(47,42,108,40,1,108203,2,2,'','2013-04-22 09:10:11'),(48,5,107,46,1,107201,2,48,'','2013-04-22 14:43:36'),(49,5,107,47,1,107202,2,48,'','2013-04-22 14:43:36'),(50,5,107,46,1,107201,2,48,'','2013-04-22 14:43:46'),(51,5,107,47,1,107202,2,48,'','2013-04-22 14:43:46'),(52,5,107,46,1,107201,2,48,'','2013-04-22 14:43:49'),(53,5,107,47,1,107202,2,48,'','2013-04-22 14:43:49'),(54,5,107,46,1,107201,2,48,'','2013-04-22 14:44:31'),(55,5,107,47,1,107202,2,48,'','2013-04-22 14:44:31'),(56,5,107,46,1,107201,2,48,'','2013-04-22 14:46:27'),(57,5,107,47,1,107202,2,48,'','2013-04-22 14:46:27'),(58,42,108,40,1,108205,2,2,'','2013-04-22 16:27:53'),(59,42,108,40,1,108206,2,2,'','2013-04-22 16:28:25'),(60,42,108,30,1,108203,2,2,'','2013-04-23 10:16:43'),(62,7,107,4,1,107201,2,3,'','2013-04-23 15:54:37'),(63,7,107,48,1,107202,2,3,'','2013-04-23 15:54:37'),(64,7,107,2,1,107201,2,3,'','2013-04-23 15:54:37'),(65,8,107,4,1,107201,2,3,'','2013-04-23 16:02:39'),(66,8,107,48,1,107202,2,3,'','2013-04-23 16:02:39'),(67,8,107,2,1,107201,2,3,'','2013-04-23 16:02:39'),(68,9,107,4,1,107201,2,3,'','2013-04-23 16:07:10'),(69,9,107,48,1,107202,2,3,'','2013-04-23 16:07:10'),(70,9,107,2,1,107201,2,3,'','2013-04-23 16:07:10'),(71,10,107,4,1,107201,2,3,'','2013-04-23 16:17:39'),(72,10,107,48,1,107202,2,3,'','2013-04-23 16:17:39'),(73,10,107,2,1,107201,2,3,'','2013-04-23 16:17:39'),(74,11,107,4,1,107201,2,3,'','2013-04-23 16:18:11'),(75,11,107,48,1,107202,2,3,'','2013-04-23 16:18:11'),(76,11,107,2,1,107201,2,3,'','2013-04-23 16:18:11'),(77,42,108,46,1,108203,2,2,'','2013-04-23 18:20:46'),(78,42,108,30,1,108203,2,2,'','2013-04-23 18:26:29'),(79,1,108,38,1,108203,2,2,'','2013-04-24 09:01:49'),(80,1,108,3,1,108203,2,2,'','2013-04-24 09:02:24'),(81,27,108,46,1,108203,2,2,'','2013-04-24 09:41:28'),(82,56,109,3,102,109201,2,2,'共享文档','2013-04-24 10:15:56'),(84,56,109,4,102,109201,2,2,'共享文档','2013-04-24 10:25:08'),(85,56,109,46,102,109201,2,2,'共享文档','2013-04-24 10:25:42'),(86,56,109,46,102,109202,2,2,'删除某人的共享文档','2013-04-24 10:26:54'),(87,56,109,4,102,109202,2,2,'删除某人的共享文档','2013-04-24 10:26:59'),(88,56,109,3,102,109202,2,2,'删除某人的共享文档','2013-04-24 10:27:04'),(89,56,109,2,102,109202,2,2,'删除某人的共享文档','2013-04-24 10:27:08'),(90,56,109,2,102,109201,2,2,'共享文档','2013-04-24 10:27:34'),(91,56,109,3,102,109201,2,2,'共享文档','2013-04-24 10:27:35'),(92,56,109,4,102,109201,2,2,'共享文档','2013-04-24 10:27:36'),(93,56,109,30,102,109201,2,2,'共享文档','2013-04-24 10:27:36'),(94,56,109,31,102,109201,2,2,'共享文档','2013-04-24 10:27:36'),(95,56,109,3,102,109202,2,2,'删除某人的共享文档','2013-04-24 10:32:56'),(96,56,109,2,102,109202,2,2,'删除某人的共享文档','2013-04-24 10:32:57'),(97,56,109,4,102,109202,2,2,'删除某人的共享文档','2013-04-24 10:32:58'),(98,56,109,30,102,109202,2,2,'删除某人的共享文档','2013-04-24 10:33:00'),(99,56,109,31,102,109202,2,2,'删除某人的共享文档','2013-04-24 10:33:02'),(100,56,109,2,102,109201,2,2,'共享文档','2013-04-24 10:33:14'),(101,56,109,3,102,109201,2,2,'共享文档','2013-04-24 10:33:14'),(102,56,109,30,102,109201,2,2,'共享文档','2013-04-24 10:33:40'),(103,56,109,31,102,109201,2,2,'共享文档','2013-04-24 10:33:40'),(104,56,109,31,102,109202,2,2,'删除某人的共享文档','2013-04-24 10:34:05'),(105,56,109,30,102,109202,2,2,'删除某人的共享文档','2013-04-24 10:34:06'),(106,56,109,3,102,109202,2,2,'删除某人的共享文档','2013-04-24 10:34:07'),(107,56,109,2,102,109202,2,2,'删除某人的共享文档','2013-04-24 10:34:08'),(108,56,109,2,102,109201,2,2,'共享文档','2013-04-24 10:34:20'),(109,56,109,3,102,109201,2,2,'共享文档','2013-04-24 10:34:20'),(110,56,109,3,102,109202,2,2,'删除某人的共享文档','2013-04-24 10:34:47'),(111,56,109,2,102,109202,2,2,'删除某人的共享文档','2013-04-24 10:34:48'),(112,56,109,4,102,109201,2,2,'共享文档','2013-04-24 10:34:55'),(113,56,109,30,102,109201,2,2,'共享文档','2013-04-24 10:34:55'),(114,56,109,30,102,109202,2,2,'删除某人的共享文档','2013-04-24 10:35:10'),(115,56,109,4,102,109202,2,2,'删除某人的共享文档','2013-04-24 10:35:11'),(116,56,109,2,102,109201,2,2,'共享文档','2013-04-24 10:35:47'),(117,56,109,2,102,109202,2,2,'删除某人的共享文档','2013-04-24 10:36:37'),(118,56,109,2,102,109201,2,2,'共享文档','2013-04-24 10:38:01'),(119,56,109,2,102,109202,2,2,'删除某人的共享文档','2013-04-24 10:38:49'),(120,56,109,2,102,109201,2,2,'共享文档','2013-04-24 10:41:42'),(121,56,109,2,102,109202,2,2,'删除某人的共享文档','2013-04-24 10:46:20'),(122,56,109,2,102,109201,2,2,'共享文档','2013-04-24 10:53:28'),(123,56,109,2,102,109202,2,2,'删除某人的共享文档','2013-04-24 10:55:35'),(124,56,109,4,102,109201,2,2,'共享文档','2013-04-24 10:55:49'),(126,37,108,30,1,108203,2,2,'','2013-04-24 13:14:24'),(127,11,107,4,1,107206,2,3,'','2013-04-24 16:32:05'),(128,11,107,48,1,107206,2,3,'','2013-04-24 16:32:05'),(129,11,107,2,1,107206,2,3,'','2013-04-24 16:32:05'),(130,45,108,38,1,108203,2,2,'','2013-04-24 16:33:22'),(131,45,108,38,1,108203,2,2,'','2013-04-24 16:33:25'),(132,45,108,32,1,108203,2,2,'','2013-04-24 16:33:35'),(133,45,108,4,1,108203,2,2,'','2013-04-24 16:33:55'),(134,45,108,30,1,108203,2,2,'','2013-04-24 16:34:13'),(135,45,108,2,1,108201,2,3,'','2013-04-25 09:26:11'),(136,44,108,2,1,108201,2,3,'','2013-04-25 09:26:20'),(137,45,108,2,1,108201,2,3,'','2013-04-25 09:30:22'),(138,45,108,2,1,108202,2,3,'','2013-04-25 09:30:32'),(139,45,108,2,1,108201,2,3,'','2013-04-25 09:33:43'),(140,45,108,2,1,108202,2,3,'','2013-04-25 09:41:12'),(141,45,108,2,1,108201,2,3,'','2013-04-25 09:43:42'),(142,45,108,2,1,108202,2,3,'','2013-04-25 09:43:45'),(143,45,108,2,1,108201,2,3,'','2013-04-25 09:43:55'),(144,45,108,2,1,108202,2,3,'','2013-04-25 09:44:18'),(145,45,108,2,1,108202,2,3,'','2013-04-25 09:44:22'),(146,45,108,2,1,108201,2,3,'','2013-04-25 09:44:25'),(147,45,108,2,1,108202,2,3,'','2013-04-25 09:44:39'),(148,44,108,2,1,108202,2,3,'','2013-04-25 13:52:06'),(149,44,108,2,1,108201,2,3,'','2013-04-25 13:52:08'),(150,45,108,2,1,108201,2,3,'','2013-04-25 14:11:36'),(151,45,108,2,1,108202,2,3,'','2013-04-25 15:55:29'),(152,45,108,2,1,108201,2,3,'','2013-04-25 15:55:33'),(153,45,108,2,1,108202,2,3,'','2013-04-25 16:07:59'),(154,45,108,2,1,108201,2,3,'','2013-04-25 16:08:03'),(155,43,108,2,1,108201,2,3,'','2013-04-25 16:51:53'),(156,43,108,2,1,108202,2,3,'','2013-04-25 16:52:00'),(157,43,108,2,1,108201,2,3,'','2013-04-25 16:59:02'),(158,42,108,2,1,108201,2,3,'','2013-04-25 16:59:05'),(159,42,108,2,1,108202,2,3,'','2013-04-25 16:59:07'),(160,42,108,2,1,108201,2,3,'','2013-04-25 16:59:13'),(161,42,108,2,1,108202,2,3,'','2013-04-25 16:59:16'),(162,42,108,2,1,108201,2,3,'','2013-04-25 16:59:19'),(163,42,108,2,1,108202,2,3,'','2013-04-25 16:59:21'),(164,42,108,2,1,108201,2,3,'','2013-04-25 16:59:24'),(165,42,108,2,1,108202,2,3,'','2013-04-26 08:45:57'),(166,42,108,2,1,108201,2,3,'','2013-04-26 09:28:54'),(167,45,108,2,1,108201,2,51,'','2013-04-26 09:42:21'),(168,44,108,2,1,108201,2,51,'','2013-04-26 09:42:53'),(169,42,108,2,1,108201,2,51,'','2013-04-26 09:51:11'),(170,44,108,2,1,108202,2,51,'','2013-04-26 11:26:32'),(171,44,108,2,1,108201,2,51,'','2013-04-26 11:26:35'),(172,12,107,47,1,107201,0,48,'','2013-04-26 14:35:57'),(173,12,107,2,1,107201,0,48,'','2013-04-26 14:35:57'),(174,12,107,30,1,107201,0,48,'','2013-04-26 14:35:57'),(175,12,107,38,1,107201,0,48,'','2013-04-26 14:35:57'),(176,12,107,53,1,107201,0,48,'','2013-04-26 14:35:57'),(177,12,107,51,1,107201,0,48,'','2013-04-26 14:35:57'),(178,12,107,31,1,107202,0,48,'','2013-04-26 14:35:57'),(179,44,108,2,1,108202,2,51,'','2013-04-26 14:54:30'),(180,45,108,2,1,108202,2,51,'','2013-04-26 14:56:55'),(181,45,108,2,1,108201,2,51,'','2013-04-26 14:56:57'),(182,43,108,2,1,108201,2,51,'','2013-04-26 14:57:59'),(183,44,108,2,1,108201,2,51,'','2013-04-26 14:58:02'),(184,11,107,3,1,107203,2,48,'','2013-04-26 15:41:09'),(185,10,107,3,1,107204,2,48,'','2013-04-26 15:41:12'),(186,9,107,3,1,107204,2,48,'','2013-04-26 15:41:21'),(187,8,107,3,1,107203,2,48,'','2013-04-26 15:41:28'),(188,7,107,3,1,107204,2,48,'','2013-04-26 15:41:32'),(189,46,108,3,1,108203,2,51,'','2013-04-26 16:12:16'),(190,12,107,0,1,107208,2,48,'','2013-04-27 10:05:08'),(191,12,107,0,1,107208,2,48,'','2013-04-27 10:05:08'),(192,12,107,0,1,107208,2,48,'','2013-04-27 10:05:08'),(193,12,107,0,1,107208,2,48,'','2013-04-27 10:05:08'),(194,12,107,0,1,107208,2,48,'','2013-04-27 10:05:08'),(195,12,107,0,1,107208,2,48,'','2013-04-27 10:05:08'),(196,12,107,0,1,107208,2,48,'','2013-04-27 10:05:08'),(197,12,107,47,1,107208,2,48,'','2013-04-27 10:08:49'),(198,12,107,2,1,107208,2,48,'','2013-04-27 10:08:49'),(199,12,107,30,1,107208,2,48,'','2013-04-27 10:08:49'),(200,12,107,38,1,107208,2,48,'','2013-04-27 10:08:49'),(201,12,107,53,1,107208,2,48,'','2013-04-27 10:08:49'),(202,12,107,51,1,107208,2,48,'','2013-04-27 10:08:49'),(203,12,107,31,1,107208,2,48,'','2013-04-27 10:08:49'),(204,1,107,2,1,107208,2,48,'','2013-04-27 10:09:37'),(205,1,107,31,1,107208,2,48,'','2013-04-27 10:09:37'),(206,14,107,2,1,107201,2,48,'','2013-04-27 11:18:13'),(207,14,107,48,1,107203,2,2,'','2013-04-27 11:20:11'),(210,31,102,31,1,102101,2,40,'','2013-04-27 12:44:07'),(211,15,107,2,1,107201,2,48,'','2013-04-27 13:31:49'),(212,15,107,38,1,107201,2,48,'','2013-04-27 13:31:49'),(213,15,107,47,1,107201,2,48,'','2013-04-27 13:31:49'),(214,15,107,31,1,107202,2,48,'','2013-04-27 13:31:49'),(215,15,107,48,1,107204,2,2,'','2013-04-27 13:37:31'),(216,15,107,48,1,107204,2,31,'','2013-04-27 13:49:56'),(217,15,107,2,1,107201,2,48,'','2013-04-27 14:21:34'),(218,15,107,38,1,107201,2,48,'','2013-04-27 14:21:34'),(219,15,107,47,1,107201,2,48,'','2013-04-27 14:21:34'),(220,15,107,31,1,107202,2,48,'','2013-04-27 14:21:34'),(221,15,107,30,1,107201,2,48,'','2013-04-27 14:28:37'),(222,15,107,38,1,107201,2,48,'','2013-04-27 14:28:37'),(223,15,107,47,1,107201,2,48,'','2013-04-27 14:28:37'),(224,15,107,31,1,107202,2,48,'','2013-04-27 14:28:37'),(225,15,107,48,1,107203,2,30,'','2013-04-27 14:29:51'),(226,16,107,2,1,107201,2,30,'','2013-04-27 14:30:58'),(227,16,107,2,1,107201,2,30,'','2013-04-27 14:31:50'),(228,2,107,2,1,107203,2,31,'','2013-04-27 14:32:45'),(229,16,107,2,1,107206,2,30,'','2013-04-27 14:38:35'),(230,16,107,30,1,107203,2,2,'','2013-04-27 14:41:25'),(231,11,107,3,1,107203,2,2,'','2013-04-27 14:43:50'),(232,10,107,3,1,107204,2,2,'','2013-04-27 14:43:56'),(233,9,107,3,1,107203,2,2,'','2013-04-27 14:44:35'),(234,8,107,3,1,107203,2,2,'','2013-04-27 14:44:37'),(235,7,107,3,1,107203,2,2,'','2013-04-27 14:44:41'),(236,14,107,48,1,107205,2,2,'','2013-04-27 14:45:37'),(237,14,107,48,1,107205,2,2,'','2013-04-27 14:46:37'),(238,11,107,4,1,107208,2,3,'','2013-04-27 14:54:57'),(239,11,107,48,1,107208,2,3,'','2013-04-27 14:54:57'),(240,11,107,2,1,107208,2,3,'','2013-04-27 14:54:57'),(241,10,107,4,1,107208,2,3,'','2013-04-27 14:55:07'),(242,10,107,48,1,107208,2,3,'','2013-04-27 14:55:07'),(243,10,107,2,1,107208,2,3,'','2013-04-27 14:55:07'),(244,7,107,4,1,107208,2,3,'','2013-04-27 14:55:22'),(245,7,107,48,1,107208,2,3,'','2013-04-27 14:55:22'),(246,7,107,2,1,107208,2,3,'','2013-04-27 14:55:22'),(247,8,107,4,1,107208,2,3,'','2013-04-27 14:55:29'),(248,8,107,48,1,107208,2,3,'','2013-04-27 14:55:29'),(249,8,107,2,1,107208,2,3,'','2013-04-27 14:55:29'),(250,103,109,2,102,109201,2,2,'共享文档','2013-04-27 15:13:38'),(251,103,109,3,102,109201,2,2,'共享文档','2013-04-27 15:13:38'),(252,103,109,4,102,109201,2,2,'共享文档','2013-04-27 15:13:38'),(253,103,109,30,102,109201,2,2,'共享文档','2013-04-27 15:13:38'),(254,104,109,2,102,109201,2,53,'共享文档','2013-04-27 15:19:10'),(255,104,109,3,102,109201,2,53,'共享文档','2013-04-27 15:19:10'),(256,104,109,4,102,109201,2,53,'共享文档','2013-04-27 15:19:10'),(257,46,108,2,1,108203,2,51,'','2013-04-27 15:42:40'),(258,119,109,2,102,109201,2,53,'共享文档','2013-04-27 15:53:56'),(259,119,109,3,102,109201,2,53,'共享文档','2013-04-27 15:53:56'),(260,119,109,4,102,109201,2,53,'共享文档','2013-04-27 15:53:56'),(261,119,109,30,102,109201,2,53,'共享文档','2013-04-27 15:53:56'),(262,119,109,31,102,109201,2,53,'共享文档','2013-04-27 15:53:56'),(263,119,109,32,102,109201,2,53,'共享文档','2013-04-27 15:58:22'),(264,119,109,38,102,109201,2,53,'共享文档','2013-04-27 15:58:22'),(265,119,109,46,102,109201,2,53,'共享文档','2013-04-27 15:58:22'),(266,119,109,47,102,109201,2,53,'共享文档','2013-04-27 15:58:22'),(267,46,108,51,1,108201,2,53,'','2013-04-28 10:06:27'),(268,45,108,2,1,108201,2,53,'','2013-04-28 10:06:30'),(269,44,108,2,1,108201,2,53,'','2013-04-28 10:06:31'),(270,128,109,2,1,109203,2,53,'','2013-04-28 10:34:12'),(271,39,102,39,1,102101,2,51,'','2013-04-28 11:16:39'),(272,44,108,2,1,108202,2,51,'','2013-04-28 14:20:33'),(273,155,109,2,102,109201,2,53,'共享文档','2013-04-28 14:26:40'),(274,155,109,3,102,109201,2,53,'共享文档','2013-04-28 14:26:41'),(275,155,109,4,102,109201,2,53,'共享文档','2013-04-28 14:26:41'),(276,155,109,30,102,109201,2,53,'共享文档','2013-04-28 14:26:41'),(277,155,109,31,102,109201,2,53,'共享文档','2013-04-28 14:26:41'),(278,11,108,2,1,108201,2,51,'','2013-04-28 14:58:40'),(279,185,109,2,102,109201,2,53,'共享文档','2013-04-28 16:36:22'),(280,185,109,3,102,109201,2,53,'共享文档','2013-04-28 16:36:23'),(281,185,109,4,102,109201,2,53,'共享文档','2013-04-28 16:36:23'),(282,185,109,30,102,109201,2,53,'共享文档','2013-04-28 16:36:23'),(283,47,108,30,1,108203,2,51,'','2013-05-01 20:54:50'),(284,19,108,2,1,108201,2,51,'','2013-05-02 08:53:54'),(285,30,102,30,1,102101,2,51,'','2013-05-02 09:42:37'),(286,44,108,2,1,108201,2,51,'','2013-05-02 09:42:55'),(287,44,108,2,1,108202,2,51,'','2013-05-02 09:43:11'),(288,40,108,3,1,108201,2,51,'','2013-05-02 09:43:25'),(289,33,108,2,1,108201,2,51,'','2013-05-02 09:48:51'),(290,6,108,2,1,108201,2,51,'','2013-05-02 09:52:47'),(291,45,108,2,1,108202,2,51,'','2013-05-02 10:22:02'),(292,45,108,2,1,108201,2,51,'','2013-05-02 10:22:11'),(293,2,102,2,1,102101,2,51,'','2013-05-02 11:20:33'),(294,2,102,2,1,102101,2,51,'','2013-05-02 13:27:38'),(295,46,108,51,1,108202,2,2,'','2013-05-02 14:41:27'),(296,48,108,47,1,108203,2,51,'','2013-05-02 15:54:27'),(297,48,108,52,1,108203,2,51,'','2013-05-02 15:55:07'),(298,47,102,47,1,102101,2,51,'','2013-05-02 16:22:14'),(299,48,108,51,1,108201,2,51,'','2013-05-02 16:39:17'),(300,48,108,51,1,108201,2,51,'','2013-05-02 16:41:04'),(301,48,108,51,1,108201,2,51,'','2013-05-02 16:41:07'),(302,48,108,51,1,108201,2,51,'','2013-05-02 16:41:44'),(303,48,108,51,1,108201,2,51,'','2013-05-02 16:41:48'),(304,48,108,51,1,108202,2,51,'','2013-05-02 16:41:57'),(305,48,108,51,1,108201,2,51,'','2013-05-02 16:42:00'),(306,48,108,51,1,108201,2,51,'','2013-05-02 16:42:06'),(307,48,108,51,1,108201,2,51,'','2013-05-02 16:42:07'),(308,48,108,51,1,108202,2,51,'','2013-05-02 16:42:20'),(309,48,108,51,1,108201,2,51,'','2013-05-02 16:42:26'),(310,48,108,51,1,108201,2,51,'','2013-05-02 16:43:19'),(311,48,108,51,1,108202,2,51,'','2013-05-02 16:43:24'),(312,48,108,51,1,108202,2,51,'','2013-05-02 16:43:36'),(313,48,108,51,1,108201,2,51,'','2013-05-02 16:43:39'),(314,48,108,51,1,108202,2,51,'','2013-05-02 16:54:20'),(315,48,108,51,1,108201,2,51,'','2013-05-02 16:54:25'),(316,4,115,30,1,115101,2,40,'进行签到','2013-05-03 09:31:23'),(317,4,115,30,1,115102,2,40,'取消签到','2013-05-03 09:36:26'),(318,4,115,30,1,115103,2,40,'查看签到','2013-05-03 09:38:14'),(319,4,115,30,1,115103,2,40,'取消查看签到','2013-05-03 09:38:28'),(320,2,102,2,1,102101,2,53,'','2013-05-03 09:58:28'),(321,129,109,2,1,109201,2,53,'','2013-05-03 10:05:02'),(322,129,109,2,1,109201,2,53,'','2013-05-03 10:05:17'),(323,48,108,51,1,108202,2,51,'','2013-05-03 14:04:08'),(324,48,108,51,1,108201,2,51,'','2013-05-03 14:04:14'),(325,48,108,51,1,108202,2,51,'','2013-05-03 14:04:16'),(326,47,108,51,1,108202,2,51,'','2013-05-03 15:57:23'),(327,47,108,2,1,108203,2,51,'','2013-05-03 15:57:36'),(328,38,102,38,1,102101,2,51,'','2013-05-03 16:19:28'),(329,47,108,51,1,108201,2,51,'','2013-05-08 10:24:24'),(330,48,108,51,1,108203,2,51,'','2013-05-08 10:28:36'),(331,52,102,52,1,102101,2,51,'','2013-05-08 10:28:45'),(332,49,108,51,1,108201,2,48,'','2013-05-08 10:55:26'),(333,50,108,51,1,108201,2,48,'','2013-05-08 10:55:43'),(334,7,108,2,1,108201,2,51,'','2013-05-08 11:12:10'),(335,17,108,2,1,108201,2,51,'','2013-05-08 11:21:29'),(336,51,102,51,1,102101,2,2,'','2013-05-08 14:20:03'),(337,30,102,30,1,102101,2,2,'','2013-05-08 14:20:05'),(338,52,102,52,1,102101,2,51,'','2013-05-08 14:54:15'),(339,151,109,53,102,0,2,53,'评论了文档','2013-05-08 15:03:45'),(340,151,109,53,102,0,2,53,'回复了您对文档的回复','2013-05-08 15:03:45'),(341,191,109,53,102,0,2,2,'评论了文档','2013-05-08 15:09:30'),(342,191,109,53,102,0,2,2,'回复了您对文档的回复','2013-05-08 15:09:30'),(343,191,109,53,102,0,2,2,'评论了文档','2013-05-08 15:09:36'),(344,191,109,2,102,0,2,2,'回复了您对文档的回复','2013-05-08 15:09:36'),(345,53,102,53,1,102101,2,48,'','2013-05-08 15:54:17'),(346,49,108,2,1,108203,2,51,'','2013-05-08 16:00:14'),(347,146,109,53,102,0,2,53,'评论了文档','2013-05-08 16:11:02'),(348,146,109,53,102,0,2,53,'评论了文档','2013-05-08 16:25:21'),(349,146,109,53,102,0,2,53,'评论了文档','2013-05-08 16:25:28'),(350,146,109,53,102,0,2,53,'回复了您对文档的回复','2013-05-08 16:25:29'),(351,146,109,53,102,0,2,53,'评论了文档','2013-05-08 16:25:37'),(352,146,109,53,102,0,2,53,'回复了您对文档的回复','2013-05-08 16:25:37'),(353,146,109,53,102,0,2,53,'评论了文档','2013-05-08 16:25:41'),(354,146,109,53,102,0,2,53,'评论了文档','2013-05-08 16:25:51'),(355,146,109,53,102,0,2,53,'回复了您对文档的回复','2013-05-08 16:25:51'),(356,2,102,2,1,102101,2,51,'','2013-05-08 16:40:06'),(357,52,108,51,1,108201,2,2,'','2013-05-08 19:37:41'),(358,198,109,53,102,0,2,53,'评论了文档','2013-05-09 09:09:16'),(359,198,109,53,102,0,2,53,'评论了文档','2013-05-09 09:09:20'),(360,198,109,53,102,0,2,53,'回复了您对文档的回复','2013-05-09 09:09:20'),(361,3,102,3,1,102101,0,0,'','2013-05-09 10:57:02'),(362,4,102,4,1,102101,0,0,'','2013-05-09 10:57:05'),(363,46,108,51,1,108202,2,53,'','2013-05-09 10:58:17'),(364,46,108,51,1,108201,2,53,'','2013-05-09 10:59:39'),(365,46,108,51,1,108202,2,53,'','2013-05-09 11:00:02'),(366,3,102,3,1,102101,0,0,'','2013-05-09 11:02:39'),(367,4,102,4,1,102101,0,0,'','2013-05-09 11:02:40'),(368,228,109,53,102,0,0,0,'评论了文档','2013-05-09 13:50:24'),(369,228,109,53,102,0,0,0,'评论了文档','2013-05-09 13:50:32'),(370,228,109,53,102,0,0,0,'评论了文档','2013-05-09 13:50:50'),(371,228,109,53,102,0,0,0,'评论了文档','2013-05-09 13:52:34'),(372,228,109,53,102,0,2,53,'评论了文档','2013-05-09 13:56:41'),(373,228,109,53,102,0,2,53,'评论了文档','2013-05-09 13:57:15'),(374,228,109,53,102,0,2,53,'评论了文档','2013-05-09 13:57:20'),(375,228,109,53,102,0,2,53,'回复了您对文档的回复','2013-05-09 13:57:20'),(376,228,109,53,102,0,2,53,'评论了文档','2013-05-09 14:00:21'),(377,228,109,53,102,0,2,53,'评论了文档','2013-05-09 14:21:11'),(378,228,109,53,102,0,2,53,'回复了您对文档的回复','2013-05-09 14:21:11'),(379,228,109,53,102,0,2,53,'评论了文档','2013-05-09 14:21:14'),(380,228,109,53,102,0,2,53,'评论了文档','2013-05-09 14:21:29'),(381,228,109,53,102,0,2,53,'回复了您对文档的回复','2013-05-09 14:21:29'),(382,228,109,53,102,0,2,53,'评论了文档','2013-05-09 14:21:32'),(383,24,107,2,1,107201,2,48,'','2013-05-09 14:26:55'),(384,24,107,31,1,107202,2,48,'','2013-05-09 14:26:55'),(385,221,109,53,102,0,2,53,'评论了文档','2013-05-09 14:27:46'),(386,221,109,53,102,0,2,53,'评论了文档','2013-05-09 14:27:48'),(387,221,109,53,102,0,2,53,'评论了文档','2013-05-09 14:27:52'),(388,221,109,53,102,0,2,53,'回复了您对文档的回复','2013-05-09 14:27:52'),(389,230,109,2,102,109201,2,53,'共享文档','2013-05-09 14:54:01'),(390,231,109,2,102,109201,2,53,'共享文档','2013-05-09 14:54:59'),(391,235,109,2,102,109201,2,53,'共享文档','2013-05-09 15:08:46'),(392,236,109,53,102,109201,2,2,'共享文档','2013-05-09 15:12:44'),(393,236,109,38,102,109201,2,2,'共享文档','2013-05-09 15:12:44'),(394,237,109,53,102,109201,2,2,'共享文档','2013-05-09 15:12:44'),(395,237,109,38,102,109201,2,2,'共享文档','2013-05-09 15:12:44'),(396,119,109,53,102,0,2,2,'评论了文档','2013-05-09 15:27:03'),(397,119,109,53,102,0,2,2,'评论了文档','2013-05-09 15:27:19'),(398,119,109,2,102,0,2,2,'回复了您对文档的回复','2013-05-09 15:27:19'),(399,119,109,0,0,0,0,0,'','2013-05-09 15:32:41'),(400,119,109,0,0,0,0,2,'','2013-05-09 15:35:03'),(401,235,109,0,0,0,0,2,'','2013-05-09 15:52:05'),(402,239,109,53,102,0,2,53,'评论了文档','2013-05-09 16:09:05'),(403,239,109,53,102,0,2,53,'评论了文档','2013-05-09 16:09:41'),(404,239,109,53,102,0,2,53,'评论了文档','2013-05-09 16:15:39'),(405,239,109,2,102,109201,2,53,'共享文档','2013-05-09 16:37:49'),(406,239,109,3,102,109201,2,53,'共享文档','2013-05-09 16:37:49'),(407,239,109,4,102,109201,2,53,'共享文档','2013-05-09 16:37:49'),(408,119,109,53,102,0,2,53,'评论了文档','2013-05-09 16:53:31'),(409,55,108,40,1,108201,2,51,'','2013-05-10 09:18:18'),(410,55,108,40,1,108202,2,51,'','2013-05-10 09:18:31'),(411,32,108,2,1,108201,2,51,'','2013-05-10 09:23:56'),(412,31,108,2,1,108201,2,51,'','2013-05-10 09:24:30'),(413,31,108,2,1,108201,2,51,'','2013-05-10 09:24:32'),(414,44,108,2,1,108201,2,51,'','2013-05-10 09:25:03'),(415,44,108,2,1,108201,2,51,'','2013-05-10 09:25:09'),(416,44,108,2,1,108201,2,51,'','2013-05-10 09:25:39'),(417,44,108,2,1,108201,2,51,'','2013-05-10 09:25:47'),(418,28,108,2,1,108201,2,51,'','2013-05-10 09:26:52'),(419,39,108,3,1,108201,2,51,'','2013-05-10 09:29:39'),(420,39,108,3,1,108202,2,51,'','2013-05-10 09:29:52'),(421,28,108,2,1,108202,2,51,'','2013-05-10 09:30:26'),(422,44,108,2,1,108202,2,51,'','2013-05-10 09:30:32'),(423,31,108,2,1,108202,2,51,'','2013-05-10 09:30:50'),(424,39,108,48,1,108201,2,51,'','2013-05-10 09:37:56'),(425,240,109,0,0,0,0,51,'','2013-05-10 13:31:23'),(426,240,109,51,102,0,2,51,'评论了文档','2013-05-10 13:31:47'),(427,65,112,0,0,112201,2,2,'','2013-05-10 15:08:09'),(428,64,108,52,1,108201,2,51,'','2013-05-10 16:01:12'),(429,66,108,0,1,108201,2,51,'','2013-05-13 10:30:15'),(430,2,107,2,1,107204,2,48,'','2013-05-13 13:29:36'),(431,24,107,2,1,107206,2,48,'','2013-05-13 13:59:16'),(432,24,107,31,1,107206,2,48,'','2013-05-13 13:59:16'),(433,24,107,48,1,107203,2,2,'','2013-05-13 14:01:07'),(434,191,109,53,102,0,2,53,'评论了文档','2013-05-13 14:02:38'),(435,191,109,53,102,109203,2,53,'评论了文档','2013-05-13 14:03:52'),(436,191,109,53,102,109203,2,53,'评论了文档','2013-05-13 14:04:07'),(437,191,109,53,102,109204,2,53,'回复了您对文档的回复','2013-05-13 14:04:07'),(438,241,109,53,102,109201,2,53,'共享文档','2013-05-13 14:08:51'),(439,24,107,2,1,107207,2,48,'','2013-05-13 14:10:04'),(440,24,107,31,1,107207,2,48,'','2013-05-13 14:10:04'),(441,24,107,2,1,107208,2,48,'','2013-05-13 14:10:19'),(442,24,107,31,1,107208,2,48,'','2013-05-13 14:10:19'),(443,26,107,2,1,107201,2,48,'','2013-05-13 14:11:54'),(444,26,107,48,1,107203,2,2,'','2013-05-13 14:12:12'),(445,26,107,48,1,107205,2,2,'','2013-05-13 14:18:36'),(446,26,107,48,1,107205,2,2,'','2013-05-13 14:31:56'),(447,26,107,48,1,107205,2,2,'','2013-05-13 14:35:53'),(448,26,107,48,1,107205,2,2,'','2013-05-13 14:39:38'),(449,26,107,2,1,107210,2,48,'','2013-05-13 14:42:54'),(450,26,107,48,1,107205,2,2,'','2013-05-13 14:43:06'),(451,26,107,2,1,107209,2,48,'','2013-05-13 14:43:13'),(452,241,109,53,102,109202,2,53,'删除某人的共享文档','2013-05-13 14:47:44'),(453,242,109,0,0,0,0,53,'','2013-05-13 15:09:53'),(454,245,109,53,102,109205,2,53,'文档更新通知','2013-05-13 15:19:15'),(455,246,109,2,102,109201,2,53,'共享文档','2013-05-13 15:36:53'),(456,246,109,3,102,109201,2,53,'共享文档','2013-05-13 15:36:53'),(457,246,109,48,1,109201,2,53,'共享文档','2013-05-13 15:36:53'),(458,247,109,53,102,109205,2,53,'文档更新通知','2013-05-13 15:37:16'),(459,191,109,53,102,109203,2,53,'评论了文档','2013-05-13 15:45:58'),(460,191,109,53,102,109203,2,53,'评论了文档','2013-05-13 15:46:42'),(461,248,109,2,1,109201,2,53,'共享文档','2013-05-13 15:50:03'),(462,248,109,3,1,109201,2,53,'共享文档','2013-05-13 15:50:03'),(463,248,109,48,1,109201,2,53,'共享文档','2013-05-13 15:50:04'),(464,239,109,53,1,109203,2,53,'评论了文档','2013-05-13 15:59:28'),(465,239,109,53,1,109203,2,53,'评论了文档','2013-05-13 16:03:49'),(466,239,109,53,1,109204,2,53,'回复了您对文档的回复','2013-05-13 16:03:49'),(467,239,109,53,1,109203,2,53,'评论了文档','2013-05-13 16:03:53'),(468,239,109,53,1,109204,2,53,'回复了您对文档的回复','2013-05-13 16:03:53'),(469,239,109,53,1,109203,2,53,'评论了文档','2013-05-13 16:04:07'),(470,239,109,53,1,109203,2,53,'评论了文档','2013-05-13 16:04:23'),(471,239,109,53,1,109203,2,53,'评论了文档','2013-05-13 16:05:48'),(472,39,108,48,1,108203,2,51,'','2013-05-13 16:34:36'),(473,65,108,48,1,108203,2,51,'','2013-05-13 16:35:15'),(474,65,108,48,1,108205,2,51,'','2013-05-13 16:35:21'),(475,150,109,53,1,109203,2,53,'评论了文档','2013-05-13 16:51:06'),(476,150,109,53,1,109203,2,53,'评论了文档','2013-05-13 16:51:12'),(477,150,109,53,1,109204,2,53,'回复了您对文档的回复','2013-05-13 16:51:12'),(478,40,102,40,1,102101,0,62,'','2013-05-14 10:13:14'),(479,248,109,53,1,109203,2,53,'评论了文档','2013-05-15 10:14:15'),(480,27,107,2,1,107201,2,60,'','2013-05-15 11:14:56'),(481,27,107,38,1,107201,2,60,'','2013-05-15 11:14:56'),(482,27,107,2,1,107208,2,60,'','2013-05-15 11:18:06'),(483,27,107,38,1,107208,2,60,'','2013-05-15 11:18:06'),(484,28,107,2,1,107201,2,62,'','2013-05-15 13:48:01'),(485,28,107,62,1,107203,2,2,'','2013-05-15 14:03:39'),(486,52,108,30,1,108203,2,2,'','2013-05-15 14:13:31'),(487,52,108,51,1,108202,2,2,'','2013-05-15 14:14:05'),(488,27,107,60,1,107203,2,2,'','2013-05-15 14:16:17'),(489,65,102,65,1,102201,0,62,'','2013-05-15 14:27:30'),(490,249,109,53,1,109203,2,2,'评论了文档','2013-05-15 14:27:44'),(491,249,109,0,0,0,0,2,'','2013-05-15 14:27:47'),(492,2,102,2,1,102201,0,91,'','2013-05-15 14:32:04'),(493,3,102,3,1,102201,0,91,'','2013-05-15 14:32:04'),(494,4,102,4,1,102201,0,91,'','2013-05-15 14:32:05'),(495,250,109,53,1,109205,2,53,'文档更新通知','2013-05-15 14:32:57'),(496,62,102,62,1,102201,0,91,'','2013-05-15 14:34:08'),(497,2,102,2,1,102201,0,91,'','2013-05-15 14:34:47'),(498,3,102,3,1,102201,0,91,'','2013-05-15 14:34:48'),(499,4,102,4,1,102201,0,91,'','2013-05-15 14:34:48'),(500,30,102,30,1,102201,0,91,'','2013-05-15 14:34:49'),(501,251,109,53,1,109205,2,53,'文档更新通知','2013-05-15 14:39:21'),(502,53,102,53,1,102201,0,91,'','2013-05-15 15:04:30'),(503,40,102,40,1,102201,2,48,'','2013-05-15 15:05:11'),(504,38,102,38,1,102201,0,2,'','2013-05-15 15:08:34'),(505,70,108,38,1,108203,2,2,'','2013-05-15 15:09:15'),(506,70,108,38,1,108204,2,2,'','2013-05-15 15:09:46'),(507,31,107,48,1,107201,2,2,'','2013-05-15 15:32:06'),(508,31,107,31,1,107201,2,2,'','2013-05-15 15:32:06'),(509,33,107,62,1,107201,2,2,'','2013-05-15 15:34:43'),(510,33,107,2,1,107203,2,62,'','2013-05-15 15:35:20'),(521,240,104,51,1,104201,2,40,'回复了评论','2013-05-15 16:51:28'),(523,241,104,51,1,104201,2,40,'回复了评论','2013-05-15 16:53:48'),(524,242,104,2,1,104201,2,40,'回复了评论','2013-05-15 16:55:01'),(525,48,102,48,1,102201,2,40,'','2013-05-15 19:39:26'),(526,2,0,0,0,0,2,40,'','2013-05-15 19:39:31'),(527,3,0,0,0,0,2,40,'','2013-05-15 19:39:31'),(528,4,0,0,0,0,2,40,'','2013-05-15 19:39:31'),(529,30,0,0,0,0,2,40,'','2013-05-15 19:39:31'),(530,31,0,0,0,0,2,40,'','2013-05-15 19:39:31'),(531,32,0,0,0,0,2,40,'','2013-05-15 19:39:31'),(532,38,0,0,0,0,2,40,'','2013-05-15 19:39:32'),(533,39,0,0,0,0,2,40,'','2013-05-15 19:39:32'),(534,40,0,0,0,0,2,40,'','2013-05-15 19:39:32'),(535,46,0,0,0,0,2,40,'','2013-05-15 19:39:32'),(536,47,0,0,0,0,2,40,'','2013-05-15 19:39:32'),(537,48,0,0,0,0,2,40,'','2013-05-15 19:39:32'),(538,51,0,0,0,0,2,40,'','2013-05-15 19:39:32'),(539,52,0,0,0,0,2,40,'','2013-05-15 19:39:32'),(540,53,0,0,0,0,2,40,'','2013-05-15 19:39:32'),(541,0,0,0,0,0,2,40,'','2013-05-15 19:52:08'),(542,51,102,51,1,102201,2,47,'','2013-05-15 19:55:40'),(543,2,0,0,0,0,2,40,'','2013-05-15 20:00:41'),(544,3,0,0,0,0,2,40,'','2013-05-15 20:00:41'),(545,4,0,0,0,0,2,40,'','2013-05-15 20:00:41'),(546,30,0,0,0,0,2,40,'','2013-05-15 20:00:41'),(547,31,0,0,0,0,2,40,'','2013-05-15 20:00:42'),(548,32,0,0,0,0,2,40,'','2013-05-15 20:00:42'),(549,38,0,0,0,0,2,40,'','2013-05-15 20:00:42'),(550,39,0,0,0,0,2,40,'','2013-05-15 20:00:42'),(551,40,0,0,0,0,2,40,'','2013-05-15 20:00:42'),(552,46,0,0,0,0,2,40,'','2013-05-15 20:00:42'),(553,47,0,0,0,0,2,40,'','2013-05-15 20:00:42'),(554,48,0,0,0,0,2,40,'','2013-05-15 20:00:42'),(555,51,0,0,0,0,2,40,'','2013-05-15 20:00:42'),(556,52,0,0,0,0,2,40,'','2013-05-15 20:00:42'),(557,53,0,0,0,0,2,40,'','2013-05-15 20:00:42'),(558,4,102,4,1,102201,2,40,'','2013-05-15 20:02:20'),(559,31,102,31,1,102201,2,40,'','2013-05-15 20:02:21'),(560,32,102,32,1,102201,2,40,'','2013-05-15 20:02:21'),(561,38,102,38,1,102201,2,40,'','2013-05-15 20:02:21'),(562,39,102,39,1,102201,2,40,'','2013-05-15 20:02:21'),(563,46,102,46,1,102201,2,40,'','2013-05-15 20:02:21'),(564,47,102,47,1,102201,2,40,'','2013-05-15 20:02:21'),(565,51,102,51,1,102201,2,40,'','2013-05-15 20:02:22'),(566,52,102,52,1,102201,2,40,'','2013-05-15 20:02:22'),(567,53,102,53,1,102201,2,40,'','2013-05-15 20:02:22'),(568,2,102,2,1,102201,2,40,'','2013-05-15 20:06:00'),(569,30,102,30,1,102201,2,40,'','2013-05-15 20:06:00'),(570,31,102,31,1,102201,2,40,'','2013-05-15 20:06:00'),(571,39,102,39,1,102201,2,40,'','2013-05-15 20:06:00'),(572,52,102,52,1,102201,2,40,'','2013-05-15 20:06:01'),(573,53,102,53,1,102201,2,40,'','2013-05-15 20:06:01'),(574,3,102,3,1,102201,2,40,'','2013-05-15 20:06:28'),(575,4,102,4,1,102201,2,40,'','2013-05-15 20:06:28'),(576,46,102,46,1,102201,2,40,'','2013-05-15 20:06:40'),(577,3,102,3,1,102201,2,40,'','2013-05-15 20:06:48'),(578,3,102,3,1,102201,2,40,'','2013-05-15 20:06:54'),(579,3,102,3,1,102201,2,40,'','2013-05-15 20:07:06'),(580,3,102,3,1,102201,2,40,'','2013-05-15 20:07:24'),(581,2,102,2,1,102201,2,40,'','2013-05-15 20:09:46'),(582,3,102,3,1,102201,2,40,'','2013-05-15 20:09:46'),(583,4,102,4,1,102201,2,40,'','2013-05-15 20:09:46'),(584,30,102,30,1,102201,2,40,'','2013-05-15 20:09:46'),(585,31,102,31,1,102201,2,40,'','2013-05-15 20:09:47'),(586,32,102,32,1,102201,2,40,'','2013-05-15 20:09:47'),(587,38,102,38,1,102201,2,40,'','2013-05-15 20:09:47'),(588,39,102,39,1,102201,2,40,'','2013-05-15 20:09:47'),(589,46,102,46,1,102201,2,40,'','2013-05-15 20:09:47'),(590,47,102,47,1,102201,2,40,'','2013-05-15 20:09:47'),(591,48,102,48,1,102201,2,40,'','2013-05-15 20:09:48'),(592,51,102,51,1,102201,2,40,'','2013-05-15 20:09:48'),(593,52,102,52,1,102201,2,40,'','2013-05-15 20:09:48'),(594,53,102,53,1,102201,2,40,'','2013-05-15 20:09:48'),(595,4,102,4,1,102201,2,40,'','2013-05-15 20:10:12'),(596,2,102,2,1,102201,2,40,'','2013-05-15 20:10:27'),(597,3,102,3,1,102201,2,40,'','2013-05-15 20:10:27'),(598,4,102,4,1,102201,2,40,'','2013-05-15 20:10:28'),(599,30,102,30,1,102201,2,40,'','2013-05-15 20:10:28'),(600,31,102,31,1,102201,2,40,'','2013-05-15 20:10:28'),(601,32,102,32,1,102201,2,40,'','2013-05-15 20:10:28'),(602,38,102,38,1,102201,2,40,'','2013-05-15 20:10:28'),(603,39,102,39,1,102201,2,40,'','2013-05-15 20:10:28'),(604,46,102,46,1,102201,2,40,'','2013-05-15 20:10:29'),(605,47,102,47,1,102201,2,40,'','2013-05-15 20:10:29'),(606,48,102,48,1,102201,2,40,'','2013-05-15 20:10:29'),(607,51,102,51,1,102201,2,40,'','2013-05-15 20:10:29'),(608,52,102,52,1,102201,2,40,'','2013-05-15 20:10:29'),(609,53,102,53,1,102201,2,40,'','2013-05-15 20:10:30'),(610,2,102,2,1,102201,2,40,'','2013-05-15 20:11:03'),(611,3,102,3,1,102201,2,40,'','2013-05-15 20:11:03'),(612,4,102,4,1,102201,2,40,'','2013-05-15 20:11:03'),(613,30,102,30,1,102201,2,40,'','2013-05-15 20:11:03'),(614,31,102,31,1,102201,2,40,'','2013-05-15 20:11:03'),(615,32,102,32,1,102201,2,40,'','2013-05-15 20:11:03'),(616,38,102,38,1,102201,2,40,'','2013-05-15 20:11:04'),(617,39,102,39,1,102201,2,40,'','2013-05-15 20:11:04'),(618,46,102,46,1,102201,2,40,'','2013-05-15 20:11:04'),(619,47,102,47,1,102201,2,40,'','2013-05-15 20:11:04'),(620,48,102,48,1,102201,2,40,'','2013-05-15 20:11:04'),(621,51,102,51,1,102201,2,40,'','2013-05-15 20:11:04'),(622,52,102,52,1,102201,2,40,'','2013-05-15 20:11:05'),(623,53,102,53,1,102201,2,40,'','2013-05-15 20:11:05'),(624,2,102,2,1,102201,2,40,'','2013-05-15 20:23:48'),(625,48,102,48,1,102201,2,40,'','2013-05-15 20:23:58'),(626,2,102,2,1,102201,2,53,'','2013-05-16 08:52:52'),(627,3,102,3,1,102201,2,53,'','2013-05-16 08:52:53'),(628,4,102,4,1,102201,2,53,'','2013-05-16 08:52:53'),(629,247,104,48,1,104201,2,51,'回复了评论','2013-05-16 09:09:44'),(630,248,104,48,1,104201,2,51,'回复了评论','2013-05-16 09:10:56'),(631,249,104,51,1,104201,2,52,'回复了评论','2013-05-16 09:10:57'),(632,75,108,2,1,108201,2,62,'','2013-05-16 09:13:46'),(633,77,108,51,1,108201,2,62,'','2013-05-16 09:15:02'),(634,77,108,51,1,108202,2,62,'','2013-05-16 09:16:31'),(635,77,108,51,1,108201,2,62,'','2013-05-16 09:19:37'),(636,77,108,51,1,108202,2,62,'','2013-05-16 09:23:39'),(637,252,104,2,1,104201,2,53,'回复了评论','2013-05-16 09:27:24'),(638,253,104,2,1,104201,2,53,'回复了评论','2013-05-16 09:27:26'),(639,78,108,62,1,108201,2,51,'','2013-05-16 09:42:16'),(640,78,108,62,1,108202,2,51,'','2013-05-16 09:42:18'),(641,2,102,2,1,102201,2,91,'','2013-05-16 10:07:32'),(642,3,102,3,1,102201,2,91,'','2013-05-16 10:07:32'),(643,4,102,4,1,102201,2,91,'','2013-05-16 10:07:33'),(644,30,102,30,1,102201,2,91,'','2013-05-16 10:07:33'),(645,31,102,31,1,102201,2,91,'','2013-05-16 10:07:34'),(646,32,102,32,1,102201,2,91,'','2013-05-16 10:07:34'),(647,38,102,38,1,102201,2,91,'','2013-05-16 10:07:35'),(648,35,107,2,1,107201,2,62,'','2013-05-16 10:38:25'),(649,35,107,48,1,107201,2,62,'','2013-05-16 10:38:25'),(650,78,108,62,1,108201,2,51,'','2013-05-16 10:39:10'),(651,35,107,2,1,107207,2,62,'','2013-05-16 10:45:39'),(652,35,107,48,1,107207,2,62,'','2013-05-16 10:45:39'),(653,35,107,2,1,107207,2,62,'','2013-05-16 10:45:48'),(654,35,107,48,1,107207,2,62,'','2013-05-16 10:45:48'),(655,35,107,2,1,107206,2,62,'','2013-05-16 10:46:31'),(656,35,107,48,1,107206,2,62,'','2013-05-16 10:46:31'),(657,35,107,2,1,107206,2,62,'','2013-05-16 10:46:46'),(658,35,107,48,1,107206,2,62,'','2013-05-16 10:46:46'),(659,35,107,2,1,107206,2,62,'','2013-05-16 10:46:54'),(660,35,107,48,1,107206,2,62,'','2013-05-16 10:46:54'),(661,35,107,2,1,107207,2,62,'','2013-05-16 10:47:13'),(662,35,107,48,1,107207,2,62,'','2013-05-16 10:47:13'),(663,78,108,62,1,108201,2,51,'','2013-05-16 10:50:28'),(664,254,104,2,1,104201,2,40,'回复了评论','2013-05-16 10:51:34'),(665,35,107,2,1,107206,2,62,'','2013-05-16 10:56:10'),(666,35,107,48,1,107206,2,62,'','2013-05-16 10:56:10'),(667,255,104,2,1,104201,2,40,'回复了评论','2013-05-16 10:57:02'),(668,35,107,62,1,107203,2,2,'','2013-05-16 10:59:44'),(669,35,107,62,1,107205,2,2,'','2013-05-16 11:00:26'),(670,75,108,2,1,108201,2,51,'','2013-05-16 10:59:29'),(671,35,107,2,1,107209,2,62,'','2013-05-16 11:01:38'),(672,36,107,2,1,107201,2,62,'','2013-05-16 11:02:50'),(673,36,107,62,1,107203,2,2,'','2013-05-16 11:03:49'),(674,36,107,62,1,107205,2,2,'','2013-05-16 11:03:57'),(675,36,107,2,1,107210,2,62,'','2013-05-16 11:04:21'),(676,36,107,62,1,107205,2,2,'','2013-05-16 11:05:16'),(677,37,107,62,1,107201,2,2,'','2013-05-16 11:05:38'),(678,37,107,2,1,107204,2,62,'','2013-05-16 11:06:41'),(679,36,107,2,1,107209,2,62,'','2013-05-16 11:06:45'),(680,38,107,62,1,107201,2,2,'','2013-05-16 11:07:58'),(681,38,107,2,1,107203,2,62,'','2013-05-16 11:08:31'),(682,256,104,2,1,104201,2,40,'回复了评论','2013-05-16 11:06:40'),(683,257,104,2,1,104201,2,40,'回复了评论','2013-05-16 11:07:57'),(684,79,108,2,1,108203,2,51,'','2013-05-16 11:08:46'),(685,79,108,2,1,108205,2,51,'','2013-05-16 11:08:53'),(686,258,104,2,1,104201,2,40,'回复了评论','2013-05-16 11:09:38'),(687,259,104,2,1,104201,2,40,'回复了评论','2013-05-16 11:11:54'),(688,260,104,51,1,104201,2,40,'回复了评论','2013-05-16 11:13:02'),(689,261,104,51,1,104201,2,40,'回复了评论','2013-05-16 11:13:21'),(690,79,108,51,1,108201,2,52,'','2013-05-16 11:18:25'),(691,79,108,52,1,108207,2,52,'','2013-05-16 11:28:55'),(692,26,107,2,1,107208,2,48,'','2013-05-16 13:39:29'),(693,1132,104,51,1,104201,2,2,'回复了评论','2013-05-16 13:42:36'),(694,35,107,62,1,107203,2,48,'','2013-05-16 13:43:23'),(695,3,102,3,1,102201,2,2,'','2013-05-16 13:44:06'),(696,4,102,4,1,102201,2,2,'','2013-05-16 13:44:06'),(697,30,102,30,1,102201,2,2,'','2013-05-16 13:44:06'),(698,31,102,31,1,102201,2,2,'','2013-05-16 13:44:06'),(699,32,102,32,1,102201,2,2,'','2013-05-16 13:44:06'),(700,38,102,38,1,102201,2,2,'','2013-05-16 13:44:06'),(701,39,102,39,1,102201,2,2,'','2013-05-16 13:44:06'),(702,40,102,40,1,102201,2,2,'','2013-05-16 13:44:06'),(703,46,102,46,1,102201,2,2,'','2013-05-16 13:44:07'),(704,47,102,47,1,102201,2,2,'','2013-05-16 13:44:07'),(705,48,102,48,1,102201,2,2,'','2013-05-16 13:44:07'),(706,51,102,51,1,102201,2,2,'','2013-05-16 13:44:07'),(707,52,102,52,1,102201,2,2,'','2013-05-16 13:44:07'),(708,53,102,53,1,102201,2,2,'','2013-05-16 13:44:07'),(709,1133,104,52,1,104201,2,40,'回复了评论','2013-05-16 14:16:23'),(710,1134,104,2,1,104201,2,40,'回复了评论','2013-05-16 14:18:06'),(711,1135,104,2,1,104201,2,40,'回复了评论','2013-05-16 14:22:44'),(712,1136,104,30,1,104201,2,48,'回复了评论','2013-05-16 14:36:24'),(713,1139,104,2,1,104201,2,51,'回复了评论','2013-05-16 14:59:28'),(714,1140,104,51,1,104201,2,2,'回复了评论','2013-05-16 15:32:41'),(715,1141,104,48,1,104201,2,51,'','2013-05-16 15:46:53'),(716,50,108,51,1,108201,2,47,'','2013-05-16 16:09:20'),(717,50,108,47,1,108207,2,47,'','2013-05-16 16:09:37'),(718,1142,104,2,1,104201,2,40,'回复了评论','2013-05-16 16:24:24'),(719,1143,104,2,1,104201,2,40,'回复了评论','2013-05-16 16:24:44'),(720,1144,104,2,1,104201,2,40,'回复了评论','2013-05-16 16:30:27'),(721,1146,104,2,1,104201,2,40,'回复了评论','2013-05-16 16:53:46'),(722,1152,104,2,1,104201,2,51,'回复了评论','2013-05-17 08:53:46'),(723,39,107,2,1,107201,2,62,'','2013-05-17 09:42:32'),(724,40,107,2,1,107201,2,62,'','2013-05-17 09:42:58'),(725,41,107,2,1,107202,2,62,'','2013-05-17 10:00:53'),(726,39,107,62,1,107203,2,2,'','2013-05-17 10:32:08'),(727,40,107,62,1,107204,2,2,'','2013-05-17 10:32:13'),(728,50,108,2,1,108203,2,51,'','2013-05-17 10:30:41'),(729,40,107,2,1,107201,2,62,'','2013-05-17 10:36:26'),(730,40,107,2,1,107206,2,62,'','2013-05-17 10:37:18'),(731,40,107,2,1,107201,2,62,'','2013-05-17 10:38:11'),(732,40,107,2,1,107201,2,62,'','2013-05-17 10:38:33'),(733,1153,104,0,1,104201,2,40,'回复了评论','2013-05-17 10:46:07'),(734,1154,104,0,1,104201,2,40,'回复了评论','2013-05-17 10:46:13'),(735,51,102,51,1,102201,2,62,'','2013-05-17 11:07:49'),(736,80,108,51,1,108201,2,62,'','2013-05-17 11:08:14'),(737,3,102,3,1,102201,2,62,'','2013-05-17 11:08:14'),(738,2,102,2,1,102201,2,62,'','2013-05-17 11:08:16'),(739,4,102,4,1,102201,2,62,'','2013-05-17 11:08:17'),(740,30,102,30,1,102201,2,62,'','2013-05-17 11:08:18'),(741,1155,104,0,1,104201,2,40,'回复了评论','2013-05-17 11:17:52'),(742,50,108,4,1,108203,2,51,'','2013-05-17 11:26:18'),(743,50,108,4,1,108204,2,51,'','2013-05-17 11:26:26'),(744,50,108,2,1,108205,2,51,'','2013-05-17 11:26:32'),(745,1156,104,0,1,104201,2,40,'回复了评论','2013-05-17 14:01:26'),(746,1157,104,0,1,104201,2,40,'回复了评论','2013-05-17 14:06:46'),(747,1158,104,0,1,104201,2,40,'回复了评论','2013-05-17 14:06:48'),(748,1159,104,0,1,104201,2,40,'回复了评论','2013-05-17 14:06:56'),(749,1160,104,0,1,104201,2,40,'回复了评论','2013-05-17 14:25:55'),(750,1161,104,0,1,104201,2,40,'回复了评论','2013-05-17 14:26:44'),(751,1162,104,0,1,104201,2,40,'回复了评论','2013-05-17 14:28:06'),(752,1163,104,0,1,104201,2,40,'回复了评论','2013-05-17 14:29:10'),(753,1164,104,0,1,104201,2,40,'回复了评论','2013-05-17 14:32:24'),(754,1165,104,0,1,104201,2,51,'回复了评论','2013-05-17 14:35:14'),(755,1166,104,0,1,104201,2,51,'回复了评论','2013-05-17 14:36:14'),(756,1167,104,0,1,104201,2,51,'回复了评论','2013-05-17 14:37:20'),(757,1168,104,0,1,104201,2,51,'回复了评论','2013-05-17 14:37:57'),(758,1169,104,0,1,104201,2,51,'回复了评论','2013-05-17 14:38:51'),(759,1170,104,0,1,104201,2,51,'回复了评论','2013-05-17 14:44:28'),(760,1171,104,0,1,104201,2,40,'回复了评论','2013-05-17 14:45:22'),(761,1172,104,0,1,104201,2,40,'回复了评论','2013-05-17 14:45:45'),(762,1173,104,0,1,104201,2,40,'回复了评论','2013-05-17 15:33:41'),(763,80,108,51,1,108201,2,52,'','2013-05-17 15:48:18'),(764,80,108,52,1,108204,2,51,'','2013-05-17 15:52:27'),(765,1174,104,0,1,104201,2,51,'回复了评论','2013-05-17 15:57:56'),(766,1175,104,0,1,104201,2,51,'回复了评论','2013-05-17 15:58:17'),(767,81,108,62,1,108201,2,51,'','2013-05-17 16:02:35'),(768,1176,104,0,1,104201,2,40,'回复了评论','2013-05-17 16:06:32'),(769,1177,104,0,1,104201,2,40,'回复了评论','2013-05-17 16:15:18'),(770,80,108,51,1,108202,2,62,'','2013-05-20 09:26:36'),(771,79,108,51,1,108201,2,62,'','2013-05-20 09:34:13'),(772,41,107,62,1,107203,2,2,'','2013-05-20 09:58:20'),(773,257,109,51,1,109203,2,51,'评论了文档','2013-05-20 10:13:48'),(774,80,108,51,1,108201,2,62,'','2013-05-20 10:44:19'),(775,1179,104,0,1,104201,2,51,'回复了评论','2013-05-20 10:41:23'),(776,1180,104,0,1,104201,2,51,'回复了评论','2013-05-20 11:17:55'),(777,1181,104,0,1,104201,2,2,'回复了评论','2013-05-21 10:41:52'),(778,260,109,2,1,109203,2,53,'评论了文档','2013-05-22 09:15:28'),(779,261,109,53,1,109203,2,53,'评论了文档','2013-05-22 11:17:39');
/*!40000 ALTER TABLE `tb_notice` ENABLE KEYS */;
UNLOCK TABLES;

--
-- Table structure for table `tb_notice_reader`
--

DROP TABLE IF EXISTS `tb_notice_reader`;
/*!40101 SET @saved_cs_client     = @@character_set_client */;
/*!40101 SET character_set_client = utf8 */;
CREATE TABLE `tb_notice_reader` (
  `id` int(11) NOT NULL AUTO_INCREMENT,
  `noticeid` int(11) NOT NULL DEFAULT '0' COMMENT '通知ID',
  `employeeid` int(11) NOT NULL DEFAULT '0' COMMENT '用户ID',
  PRIMARY KEY (`id`)
) ENGINE=MyISAM AUTO_INCREMENT=210 DEFAULT CHARSET=utf8;
/*!40101 SET character_set_client = @saved_cs_client */;

--
-- Dumping data for table `tb_notice_reader`
--

LOCK TABLES `tb_notice_reader` WRITE;
/*!40000 ALTER TABLE `tb_notice_reader` DISABLE KEYS */;
INSERT INTO `tb_notice_reader` VALUES (1,463,48),(2,457,48),(3,444,48),(4,433,48),(5,248,48),(6,245,48),(7,242,48),(8,239,48),(9,225,48),(10,216,48),(11,215,48),(12,207,48),(13,128,48),(14,75,48),(15,72,48),(16,69,48),(17,66,48),(18,63,48),(19,39,48),(20,38,48),(21,472,48),(22,424,48),(23,474,48),(24,473,48),(25,427,48),(26,427,60),(27,428,52),(28,427,52),(29,297,52),(30,482,2),(31,461,2),(32,451,2),(33,449,2),(34,441,2),(35,439,2),(36,431,2),(37,430,2),(38,427,2),(39,423,2),(40,422,2),(41,421,2),(42,418,2),(43,417,2),(44,416,2),(45,484,2),(46,480,2),(47,427,40),(48,410,40),(49,409,40),(50,59,40),(51,58,40),(52,47,40),(53,503,40),(54,485,62),(55,427,62),(56,509,62),(57,512,2),(58,511,2),(59,510,2),(60,427,91),(61,487,51),(62,427,51),(63,365,51),(64,364,51),(65,363,51),(66,357,51),(67,333,51),(68,332,51),(69,330,51),(70,329,51),(71,326,51),(72,325,51),(73,324,51),(74,323,51),(75,315,51),(76,314,51),(77,524,2),(78,249,2),(79,246,2),(80,243,2),(81,240,2),(82,229,2),(83,228,2),(84,204,2),(85,322,2),(86,321,2),(87,270,2),(88,625,48),(89,620,48),(90,606,48),(91,591,48),(92,525,48),(93,626,2),(94,624,2),(95,610,2),(96,596,2),(97,581,2),(98,568,2),(99,415,2),(100,414,2),(101,413,2),(102,412,2),(103,411,2),(104,346,2),(105,335,2),(106,334,2),(107,327,2),(108,629,48),(109,644,30),(110,613,30),(111,599,30),(112,584,30),(113,569,30),(114,486,30),(115,427,30),(116,283,30),(117,230,30),(118,199,30),(119,134,30),(120,126,30),(121,78,30),(122,60,30),(123,630,48),(124,667,2),(125,665,2),(126,664,2),(127,661,2),(128,659,2),(129,657,2),(130,655,2),(131,653,2),(132,651,2),(133,641,2),(134,638,2),(135,637,2),(136,632,2),(137,648,2),(138,668,62),(139,663,62),(140,650,62),(141,640,62),(142,639,62),(143,669,62),(144,671,2),(145,670,2),(146,672,2),(147,674,62),(148,675,2),(149,673,62),(150,677,62),(151,674,62),(152,676,62),(153,679,2),(154,678,2),(155,680,62),(156,692,2),(157,687,2),(158,686,2),(159,685,2),(160,684,2),(161,681,2),(162,683,2),(163,682,2),(164,666,48),(165,662,48),(166,660,48),(167,658,48),(168,656,48),(169,654,48),(170,652,48),(171,649,48),(172,705,48),(173,694,62),(174,715,48),(175,725,2),(176,722,2),(177,721,2),(178,720,2),(179,719,2),(180,718,2),(181,713,2),(182,711,2),(183,710,2),(184,723,2),(185,724,2),(186,727,62),(187,726,62),(188,763,51),(189,736,51),(190,735,51),(191,716,51),(192,714,51),(193,706,51),(194,693,51),(195,690,51),(196,689,51),(197,688,51),(198,636,51),(199,635,51),(200,634,51),(201,633,51),(202,631,51),(203,740,30),(204,712,30),(205,697,30),(206,744,2),(207,738,2),(208,730,2),(209,728,2);
/*!40000 ALTER TABLE `tb_notice_reader` ENABLE KEYS */;
UNLOCK TABLES;

--
-- Table structure for table `tb_oauth_applications`
--

DROP TABLE IF EXISTS `tb_oauth_applications`;
/*!40101 SET @saved_cs_client     = @@character_set_client */;
/*!40101 SET character_set_client = utf8 */;
CREATE TABLE `tb_oauth_applications` (
  `id` int(11) unsigned NOT NULL AUTO_INCREMENT,
  `name` varchar(64) NOT NULL DEFAULT '',
  `client_id` varchar(32) NOT NULL DEFAULT '',
  `client_secret` varchar(32) NOT NULL DEFAULT '',
  `redirect_uri` varchar(250) NOT NULL DEFAULT '',
  `auto_approve` tinyint(1) NOT NULL DEFAULT '0',
  `autonomous` tinyint(1) NOT NULL DEFAULT '0',
  `status` enum('development','pending','approved','rejected') NOT NULL DEFAULT 'development',
  `suspended` tinyint(1) NOT NULL DEFAULT '0',
  `notes` tinytext,
  PRIMARY KEY (`id`),
  UNIQUE KEY `client_id` (`client_id`)
) ENGINE=MyISAM AUTO_INCREMENT=43 DEFAULT CHARSET=utf8;
/*!40101 SET character_set_client = @saved_cs_client */;

--
-- Dumping data for table `tb_oauth_applications`
--

LOCK TABLES `tb_oauth_applications` WRITE;
/*!40000 ALTER TABLE `tb_oauth_applications` DISABLE KEYS */;
INSERT INTO `tb_oauth_applications` VALUES (39,'hello','111111','www','http://api.qiater.com',0,0,'development',0,NULL),(40,'hi','d6e9c56d7f078d298ed4695d899effbe','sdflr','http://api.qiater.com',0,0,'development',0,'notes'),(41,'app','I6Lh72kTItE6y29Ig607N74M7i21oyTo','3691308f2a4c2f6983f2880d32e29c84','http://api.com/oauth.php',0,0,'development',0,NULL),(42,'app1','6a559d1509d5e8e754cec1da30ce51b8','bbf11747cb0ec82941cda8a5b97cd44a','http://api.com/oauth.php',0,0,'development',0,NULL);
/*!40000 ALTER TABLE `tb_oauth_applications` ENABLE KEYS */;
UNLOCK TABLES;

--
-- Table structure for table `tb_oauth_scopes`
--

DROP TABLE IF EXISTS `tb_oauth_scopes`;
/*!40101 SET @saved_cs_client     = @@character_set_client */;
/*!40101 SET character_set_client = utf8 */;
CREATE TABLE `tb_oauth_scopes` (
  `id` int(11) unsigned NOT NULL AUTO_INCREMENT,
  `scope` varchar(64) NOT NULL DEFAULT '',
  `name` varchar(64) NOT NULL DEFAULT '',
  `description` varchar(100) DEFAULT '',
  PRIMARY KEY (`id`),
  UNIQUE KEY `scope` (`scope`)
) ENGINE=MyISAM AUTO_INCREMENT=53 DEFAULT CHARSET=utf8;
/*!40101 SET character_set_client = @saved_cs_client */;

--
-- Dumping data for table `tb_oauth_scopes`
--

LOCK TABLES `tb_oauth_scopes` WRITE;
/*!40000 ALTER TABLE `tb_oauth_scopes` DISABLE KEYS */;
INSERT INTO `tb_oauth_scopes` VALUES (49,'esn','esname','esnesn'),(50,'user','User details','User info'),(51,'moblie','moblie','moblie'),(52,'space','Space info','Space details');
/*!40000 ALTER TABLE `tb_oauth_scopes` ENABLE KEYS */;
UNLOCK TABLES;

--
-- Table structure for table `tb_oauth_session_scopes`
--

DROP TABLE IF EXISTS `tb_oauth_session_scopes`;
/*!40101 SET @saved_cs_client     = @@character_set_client */;
/*!40101 SET character_set_client = utf8 */;
CREATE TABLE `tb_oauth_session_scopes` (
  `id` int(11) unsigned NOT NULL AUTO_INCREMENT,
  `session_id` int(11) unsigned NOT NULL,
  `access_token` varchar(50) NOT NULL DEFAULT '',
  `scope` varchar(64) NOT NULL DEFAULT '',
  PRIMARY KEY (`id`),
  KEY `session_id` (`session_id`),
  KEY `scope` (`scope`),
  KEY `access_token` (`access_token`)
) ENGINE=MyISAM AUTO_INCREMENT=455 DEFAULT CHARSET=utf8;
/*!40101 SET character_set_client = @saved_cs_client */;

--
-- Dumping data for table `tb_oauth_session_scopes`
--

LOCK TABLES `tb_oauth_session_scopes` WRITE;
/*!40000 ALTER TABLE `tb_oauth_session_scopes` DISABLE KEYS */;
INSERT INTO `tb_oauth_session_scopes` VALUES (440,162,'c81e728d9d4c2f636f067f89cc14862c','esn'),(441,162,'c81e728d9d4c2f636f067f89cc14862c','user'),(448,169,'620aadd39f14faaf154a5a35cc4c394cfb30a390','esn'),(449,170,'02b5eb0437bd0a2ff623e5f3e6c8eaed5870a05b','moblie'),(450,171,'140a15e0b159471df9cbfa47520ca132bd2419a9','esn'),(451,172,'57456287f697a2c3f754c8b2c4174904185c17d9','moblie'),(452,173,'f5ecc4abc25b1ea823652307f0886128a07cc8d4','esn'),(453,174,'d49d55637494b193e30abf3b51fdc9969f5c535a','space'),(454,175,'cd11355f551899aec33a5197551c699b4fffdccf','space');
/*!40000 ALTER TABLE `tb_oauth_session_scopes` ENABLE KEYS */;
UNLOCK TABLES;

--
-- Table structure for table `tb_oauth_sessions`
--

DROP TABLE IF EXISTS `tb_oauth_sessions`;
/*!40101 SET @saved_cs_client     = @@character_set_client */;
/*!40101 SET character_set_client = utf8 */;
CREATE TABLE `tb_oauth_sessions` (
  `id` int(11) unsigned NOT NULL AUTO_INCREMENT,
  `client_id` varchar(32) NOT NULL DEFAULT '',
  `redirect_uri` varchar(250) NOT NULL DEFAULT '',
  `type_id` varchar(64) DEFAULT NULL,
  `type` enum('user','auto') NOT NULL DEFAULT 'user',
  `code` text,
  `access_token` varchar(50) DEFAULT '',
  `stage` enum('request','granted') NOT NULL DEFAULT 'request',
  `first_requested` int(10) unsigned NOT NULL,
  `last_updated` int(10) unsigned NOT NULL,
  `limited_access` tinyint(1) NOT NULL DEFAULT '0' COMMENT 'Used for user agent flows',
  PRIMARY KEY (`id`),
  KEY `client_id` (`client_id`)
) ENGINE=MyISAM AUTO_INCREMENT=176 DEFAULT CHARSET=utf8;
/*!40101 SET character_set_client = @saved_cs_client */;

--
-- Dumping data for table `tb_oauth_sessions`
--

LOCK TABLES `tb_oauth_sessions` WRITE;
/*!40000 ALTER TABLE `tb_oauth_sessions` DISABLE KEYS */;
INSERT INTO `tb_oauth_sessions` VALUES (162,'111111','http://api.qiater.com','type_id','',NULL,'c81e728d9d4c2f636f067f89cc14862c','granted',0,0,0),(169,'111111','http://api.qiater.com','1','user',NULL,'620aadd39f14faaf154a5a35cc4c394cfb30a390','granted',1365668726,1365732105,0),(170,'d6e9c56d7f078d298ed4695d899effbe','http://api.qiater.com','1','user',NULL,'02b5eb0437bd0a2ff623e5f3e6c8eaed5870a05b','granted',1365730028,1365737562,0),(171,'I6Lh72kTItE6y29Ig607N74M7i21oyTo','http://api.qiater.com','1','user',NULL,'140a15e0b159471df9cbfa47520ca132bd2419a9','granted',1365736379,1365737148,0),(172,'d6e9c56d7f078d298ed4695d899effbe','http://api.qiater.com','45','user',NULL,'57456287f697a2c3f754c8b2c4174904185c17d9','granted',1365736610,1365743961,0),(173,'I6Lh72kTItE6y29Ig607N74M7i21oyTo','http://api.qiater.com',NULL,'user',NULL,'f5ecc4abc25b1ea823652307f0886128a07cc8d4','granted',1365736893,1365736893,0),(174,'6a559d1509d5e8e754cec1da30ce51b8','http://api.qiater.com',NULL,'user',NULL,'d49d55637494b193e30abf3b51fdc9969f5c535a','granted',1365737309,1365741736,0),(175,'6a559d1509d5e8e754cec1da30ce51b8','http://api.qiater.com','45','user',NULL,'cd11355f551899aec33a5197551c699b4fffdccf','granted',1365742127,1365820268,0);
/*!40000 ALTER TABLE `tb_oauth_sessions` ENABLE KEYS */;
UNLOCK TABLES;

--
-- Table structure for table `tb_person`
--

DROP TABLE IF EXISTS `tb_person`;
/*!40101 SET @saved_cs_client     = @@character_set_client */;
/*!40101 SET character_set_client = utf8 */;
CREATE TABLE `tb_person` (
  `id` int(11) NOT NULL AUTO_INCREMENT,
  `email` varchar(32) NOT NULL DEFAULT '' COMMENT '登陆邮箱',
  `phone` varchar(32) NOT NULL DEFAULT '' COMMENT '手机号码',
  `password` char(64) NOT NULL DEFAULT '' COMMENT '登陆密码',
  `oldpwd` char(64) NOT NULL DEFAULT '' COMMENT '旧版登陆密码',
  `salt` int(11) NOT NULL DEFAULT '0' COMMENT 'web端混淆盐',
  `oldsalt` int(11) NOT NULL DEFAULT '0' COMMENT 'old的web端混淆盐',
  `clientsalt` int(11) NOT NULL DEFAULT '0' COMMENT 'PC端混淆盐',
  `status` tinyint(4) NOT NULL DEFAULT '0' COMMENT '账号状态  1正常 2停用',
  `createtime` datetime NOT NULL DEFAULT '0000-00-00 00:00:00' COMMENT '创建时间',
  `defaultspaceid` int(11) NOT NULL DEFAULT '0' COMMENT '前台默认空间ID',
  PRIMARY KEY (`id`)
) ENGINE=MyISAM AUTO_INCREMENT=152 DEFAULT CHARSET=utf8;
/*!40101 SET character_set_client = @saved_cs_client */;

--
-- Dumping data for table `tb_person`
--

LOCK TABLES `tb_person` WRITE;
/*!40000 ALTER TABLE `tb_person` DISABLE KEYS */;
INSERT INTO `tb_person` VALUES (1,'lishengb@chanjet.com','','$2y$10$GANf2jGXfygqxa8i3wAR4ui3DhPPb7rz1khaX96lCCw20GG5v598G','',63507269,0,0,1,'0000-00-00 00:00:00',2),(2,'lixiao1@chanjet.com','','$2y$10$tsCYIvKiUWausKt3Z6Kfcu2Z15MQInYVZbVmlLj/5wKJZtRYqewTq','',20482107,0,0,1,'2013-01-01 09:48:30',2),(59,'zhaiyb@chanjet.com','','$2y$10$j4LArMGgOz88jaSgMpuny.W8j9p2Evc6hojsOImqAoSLTxWRozQrS','',11862472,0,0,1,'2013-03-26 16:32:34',2),(65,'qiutao@yonyou.com','','$2y$10$j4LArMGgOz88jaSgMpuny.W8j9p2Evc6hojsOImqAoSLTxWRozQrS','',24712788,0,0,1,'2013-04-13 11:23:05',2),(68,'hejl@chanjet.com','','$2y$10$j4LArMGgOz88jaSgMpuny.W8j9p2Evc6hojsOImqAoSLTxWRozQrS','',90872544,0,0,1,'2013-04-26 09:30:43',2),(69,'bsh','','$2y$10$j4LArMGgOz88jaSgMpuny.W8j9p2Evc6hojsOImqAoSLTxWRozQrS','',70956186,0,0,1,'2013-04-26 09:30:50',2),(70,'shiying@chanjet.com','','$2y$10$j4LArMGgOz88jaSgMpuny.W8j9p2Evc6hojsOImqAoSLTxWRozQrS','',22704846,0,0,1,'2013-04-26 09:43:25',2),(71,'yuanjinga@chanjet.com','','$2y$10$j4LArMGgOz88jaSgMpuny.W8j9p2Evc6hojsOImqAoSLTxWRozQrS','',32982199,0,0,1,'2013-04-26 09:43:27',2),(72,'yujca@chanjet.com','','$2y$10$j4LArMGgOz88jaSgMpuny.W8j9p2Evc6hojsOImqAoSLTxWRozQrS','',23002145,0,0,1,'2013-04-26 09:43:31',2),(73,'zhangjxd@chanjet.com','','$2y$10$j4LArMGgOz88jaSgMpuny.W8j9p2Evc6hojsOImqAoSLTxWRozQrS','',78648384,0,0,1,'2013-04-26 09:43:34',2),(76,'lixiao1@ufida.com.cn','','$2y$10$j4LArMGgOz88jaSgMpuny.W8j9p2Evc6hojsOImqAoSLTxWRozQrS','',91071516,0,0,1,'2013-04-26 11:27:49',159),(93,'qzh@chanjet.com','','$2y$10$j4LArMGgOz88jaSgMpuny.W8j9p2Evc6hojsOImqAoSLTxWRozQrS','',14310389,0,0,1,'2013-05-09 10:53:55',2),(94,'zhouyinga@chanjet.com','','$2y$10$j4LArMGgOz88jaSgMpuny.W8j9p2Evc6hojsOImqAoSLTxWRozQrS','',68108266,0,0,1,'2013-05-09 10:54:46',2),(95,'gaoran1@chanjet.com','','$2y$10$j4LArMGgOz88jaSgMpuny.W8j9p2Evc6hojsOImqAoSLTxWRozQrS','',64164710,0,0,1,'2013-05-09 10:55:57',2),(97,'master@wp802009','','$10$j4LArMGgOz88jaSgMpuny.W8j9p2Evc6hojsOImqAoSLTxWRozQrS','',68108269,0,0,0,'2013-05-09 10:54:46',2),(105,'master@apple01','','','',0,0,0,1,'2013-05-13 13:35:55',160),(106,'master@apple01','','','',0,0,0,1,'2013-05-13 13:37:29',161),(107,'master@apple01','','','',0,0,0,1,'2013-05-13 13:39:09',162),(108,'master@apple01','','','',0,0,0,1,'2013-05-13 13:39:39',163),(117,'master@apple01','','','',0,0,0,1,'2013-05-13 14:08:21',164),(121,'sddx0919@wp802009','','','',0,0,0,1,'2013-05-13 14:12:41',1),(127,'test1@wp802009','','','',0,0,0,1,'2013-05-13 14:47:44',1),(129,'master@banana','','','',0,0,0,1,'2013-05-14 10:12:33',165),(130,'master@cat','','','',0,0,0,1,'2013-05-14 10:45:25',166),(131,'hl722324@gmail.com','','$2y$10$lR9mxWLQZWDY/UQbIoQ7VuV7ueGz45Y.ldiyyCbl89uX/AKVrW/VO','',30764804,0,0,1,'2013-05-14 10:55:10',167),(132,'test3@wp802009','','','',0,0,0,1,'2013-05-15 08:55:21',1),(133,'lihy4@chanjet.com','','$2y$10$j4LArMGgOz88jaSgMpuny.W8j9p2Evc6hojsOImqAoSLTxWRozQrS','',63749191,0,0,1,'2013-05-15 14:21:20',2),(134,'1003542666@qq.com','','$2y$10$GVu.VbDN5Ae1xTN0WZa4zeAy4iwIn/kyB.UxIr0X6k4t24AsOStjy','',48079076,0,0,1,'2013-05-17 10:47:26',168),(135,'daijwa@chanjet.com','','$2y$10$/Ikgxw93.jIC26Gd/wB/OuBQGrWbHNXpo3Jb/jFqjpEIh9gx3CSQK','',0,0,0,1,'2013-05-17 10:57:19',169),(136,'1147515796@qq.com','','$2y$10$tW7vc/CnsYx0OLULLEG41e2sl46.DOCm5NdjSjJlv4ATBY3lBbSAG','',84305505,0,0,1,'2013-05-20 10:42:09',170),(137,'1147515796@qq.com','','$2y$10$tW7vc/CnsYx0OLULLEG41e2sl46.DOCm5NdjSjJlv4ATBY3lBbSAG','',0,0,0,1,'2013-05-20 10:42:18',171),(148,'lixiao1@yonyou.com','','$2y$10$vNjhz/tUi0szk5z2I68XQelgxGgNaaTmSf8m7.npazdqMpdYanjYm','',0,0,0,1,'2013-05-20 16:36:14',1),(149,'lixiao1@yonyou.com','','$2y$10$vNjhz/tUi0szk5z2I68XQelgxGgNaaTmSf8m7.npazdqMpdYanjYm','',0,0,0,1,'2013-05-20 16:46:32',1),(150,'lixiao1@yonyou.com','','$2y$10$vNjhz/tUi0szk5z2I68XQelgxGgNaaTmSf8m7.npazdqMpdYanjYm','',0,0,0,1,'2013-05-20 16:49:25',1),(151,'178218405@qq.com','','$2y$10$HYoxjJIzrcUltW9jHs6MPO0kfxr7VGzGv2Is1TSyVz180v35K0kdy','',0,0,0,1,'2013-05-28 10:10:40',172);
/*!40000 ALTER TABLE `tb_person` ENABLE KEYS */;
UNLOCK TABLES;

--
-- Table structure for table `tb_privilege`
--

DROP TABLE IF EXISTS `tb_privilege`;
/*!40101 SET @saved_cs_client     = @@character_set_client */;
/*!40101 SET character_set_client = utf8 */;
CREATE TABLE `tb_privilege` (
  `id` int(11) NOT NULL AUTO_INCREMENT,
  `parentid` int(11) NOT NULL DEFAULT '0',
  `ancestorids` varchar(128) NOT NULL DEFAULT '',
  `name` varchar(256) NOT NULL DEFAULT '',
  `level` tinyint(4) NOT NULL DEFAULT '0',
  `sortvalue` smallint(6) NOT NULL DEFAULT '0',
  `isleaf` bit(1) NOT NULL DEFAULT b'0',
  `isvisible` bit(1) NOT NULL DEFAULT b'0',
  `url` varchar(256) NOT NULL DEFAULT '',
  PRIMARY KEY (`id`)
) ENGINE=MyISAM AUTO_INCREMENT=120 DEFAULT CHARSET=utf8;
/*!40101 SET character_set_client = @saved_cs_client */;

--
-- Dumping data for table `tb_privilege`
--

LOCK TABLES `tb_privilege` WRITE;
/*!40000 ALTER TABLE `tb_privilege` DISABLE KEYS */;
INSERT INTO `tb_privilege` VALUES (101,0,'|0|','空间管理',1,101,'\0','',''),(102,101,'|0|101|','基础设置',2,102,'','','/space/spaceinfo/index.html'),(103,101,'|0|101|','广告设置',2,103,'','','/space/advertisement/index.html'),(104,101,'|0|101|','邮件服务器',2,104,'','',''),(105,0,'|0|','角色管理',1,105,'','','/space/role/index.html'),(106,0,'|0|','用户管理',1,106,'','','/space/admin/index.html'),(107,0,'|0|','机构管理',1,107,'','','/space/dept/index.html'),(108,0,'|0|','岗位序列',1,108,'','','/space/jobSerial/index.html'),(109,0,'|0|','岗位管理',1,109,'','','/space/job/index.html'),(110,0,'|0|','应用管理',1,110,'','','/space/app/index.html'),(111,0,'|0|','群组管理',1,111,'','','/space/group/index.html'),(112,0,'|0|','公告管理',1,112,'\0','',''),(113,112,'|0|112|','公告分类',2,113,'','','/space/announcetype/index.html'),(114,112,'|0|112|','公告发布',2,114,'','','/space/announcesend/index.html'),(115,0,'|0|','成员管理',1,115,'\0','',''),(116,115,'|0|115|','所有用户',2,116,'','','/space/employee/index.html'),(117,115,'|0|115|','邀请用户',2,117,'','','/space/inviteuser/index.html'),(118,115,'|0|115|','停用用户',2,118,'','','/space/employee/inactiveIndex.html'),(119,0,'|0|','签到管理',1,119,'','','/space/sign/index.html');
/*!40000 ALTER TABLE `tb_privilege` ENABLE KEYS */;
UNLOCK TABLES;

--
-- Table structure for table `tb_region`
--

DROP TABLE IF EXISTS `tb_region`;
/*!40101 SET @saved_cs_client     = @@character_set_client */;
/*!40101 SET character_set_client = utf8 */;
CREATE TABLE `tb_region` (
  `id` int(11) NOT NULL AUTO_INCREMENT,
  `name` varchar(64) NOT NULL DEFAULT '' COMMENT '区划名称',
  `parentid` int(11) NOT NULL DEFAULT '0' COMMENT '父节点',
  `level` tinyint(4) NOT NULL DEFAULT '0' COMMENT '层级',
  PRIMARY KEY (`id`)
) ENGINE=MyISAM AUTO_INCREMENT=14 DEFAULT CHARSET=utf8;
/*!40101 SET character_set_client = @saved_cs_client */;

--
-- Dumping data for table `tb_region`
--

LOCK TABLES `tb_region` WRITE;
/*!40000 ALTER TABLE `tb_region` DISABLE KEYS */;
INSERT INTO `tb_region` VALUES (1,'北京市',0,0),(4,'重庆市',0,0),(5,'辽宁省',0,0),(7,'沈阳市',5,1),(8,'彭水苗族土家族自治县',4,1),(9,'四川省',0,0),(10,'阿坝藏族羌族自治州',9,1),(11,'东城区',1,1),(12,'西城区',1,1),(13,'海淀区',1,1);
/*!40000 ALTER TABLE `tb_region` ENABLE KEYS */;
UNLOCK TABLES;

--
-- Table structure for table `tb_reply`
--

DROP TABLE IF EXISTS `tb_reply`;
/*!40101 SET @saved_cs_client     = @@character_set_client */;
/*!40101 SET character_set_client = utf8 */;
CREATE TABLE `tb_reply` (
  `id` int(11) NOT NULL AUTO_INCREMENT,
  `spaceid` int(11) NOT NULL DEFAULT '0' COMMENT '空间ID',
  `targetid` int(11) NOT NULL DEFAULT '0' COMMENT '产生动态的对象id',
  `module` tinyint(4) NOT NULL DEFAULT '0' COMMENT '产生动态的对象类型',
  `replyemployeeid` int(11) NOT NULL DEFAULT '0' COMMENT '回复人ID',
  `replytime` datetime NOT NULL DEFAULT '0000-00-00 00:00:00' COMMENT '回复时间',
  `content` text NOT NULL COMMENT '回复内容',
  `ishasfile` bit(1) NOT NULL DEFAULT b'0' COMMENT '是否有附件,0:没有;1:有',
  `parentreplyid` int(11) NOT NULL DEFAULT '0' COMMENT ' 父级回复的ID',
  `parentemployeeid` int(11) NOT NULL DEFAULT '0' COMMENT '父级回复的人员ID',
  `clienttype` tinyint(4) NOT NULL DEFAULT '0' COMMENT '标记动态产生的来源：0网页，1IOS，2安卓，3WP,4桌面端',
  PRIMARY KEY (`id`)
) ENGINE=MyISAM AUTO_INCREMENT=1184 DEFAULT CHARSET=utf8;
/*!40101 SET character_set_client = @saved_cs_client */;

--
-- Dumping data for table `tb_reply`
--

LOCK TABLES `tb_reply` WRITE;
/*!40000 ALTER TABLE `tb_reply` DISABLE KEYS */;
INSERT INTO `tb_reply` VALUES (1,2,29,109,1185,'2013-04-19 16:13:51','ddddsddddddd','\0',0,0,0),(2,2,29,109,1185,'2013-04-19 16:14:05','dffffffffffffffffff','\0',0,0,0),(4,2,31,109,1185,'2013-04-19 16:34:58','dffffff','\0',0,0,0),(5,2,31,109,2,'2013-04-19 16:37:40','ffdfffff','\0',0,0,0),(6,2,31,109,2,'2013-04-19 16:37:45','ttttttttttttttttttttttt','\0',0,0,0),(8,2,54,0,2,'2013-04-22 14:17:13','','\0',0,0,0),(9,2,54,0,2,'2013-04-22 14:19:39','','\0',0,0,0),(10,2,54,109,2,'2013-04-22 14:20:22','','\0',0,0,0),(11,2,54,109,2,'2013-04-22 14:20:25','11111111111111111','\0',0,0,0),(12,2,54,109,2,'2013-04-22 14:20:31','11111111111111111','\0',0,0,0),(13,2,54,109,2,'2013-04-22 14:20:48','11111111111111111','\0',0,0,0),(15,2,58,109,2,'2013-04-22 15:36:14','sdsdsdsddsdd','\0',0,0,0),(16,2,58,109,2,'2013-04-22 15:37:44','555555555555555555555555','\0',0,0,0),(17,2,58,109,2,'2013-04-22 15:38:03','555555555555555555555555','\0',0,0,0),(18,2,58,109,2,'2013-04-22 15:43:41','5555555hhhhh','\0',0,0,0),(19,2,58,109,2,'2013-04-22 15:44:05','gggffgfgfg','\0',0,0,0),(21,2,58,109,2,'2013-04-22 15:51:14','fggfgfgfgfgfg','\0',0,0,0),(22,2,58,109,2,'2013-04-22 15:55:36','fdsdsddddsd','\0',0,0,0),(23,2,58,109,2,'2013-04-22 15:55:42','fdsdsddddsdeeeeeeeeeeeeeeeeeeeeeeeeeeee','\0',0,0,0),(24,2,58,109,2,'2013-04-22 15:56:38','拼了个城南路老厉害了','\0',0,0,0),(26,2,58,109,2,'2013-04-22 16:53:43','是的dsd酸dsd酸的','\0',0,0,0),(28,2,58,109,2,'2013-04-23 09:14:05','风格的佛顶骨的士速递的地方','\0',0,0,0),(29,2,58,109,2,'2013-04-23 09:14:11','大幅度的郭德纲的改多个大幅度的郭德纲的改多个大幅度的郭德纲的改多个大幅度的郭德纲的改多个大幅度的郭德纲的改多个大幅度的郭德纲的改多个大幅度的郭德纲的df改多个','\0',0,0,0),(30,2,56,109,2,'2013-04-23 09:17:17','师德师风是否是冯绍峰','\0',0,0,0),(32,2,19,109,2,'2013-04-23 10:37:37','dsdsdsdsd','\0',0,0,0),(33,2,19,109,2,'2013-04-23 10:37:43','sdsdsd','\0',0,0,0),(34,2,19,109,2,'2013-04-23 10:45:07','sdfsdfsfds','\0',0,0,0),(35,2,19,109,2,'2013-04-23 10:45:10','sdfsfsd','\0',0,0,0),(36,2,19,109,2,'2013-04-23 10:45:12','sdfsdf','\0',0,0,0),(37,2,19,109,2,'2013-04-23 10:45:15','sdfsdfs','\0',0,0,0),(38,2,19,109,2,'2013-04-23 10:45:18','sdfsdfds','\0',0,0,0),(39,2,59,109,2,'2013-04-23 10:45:54','sdfsfsd','\0',0,0,0),(40,2,59,109,2,'2013-04-23 10:45:59','9','\0',0,0,0),(41,2,59,109,2,'2013-04-23 10:46:02','10','\0',0,0,0),(42,2,59,109,2,'2013-04-23 11:04:41','sddddsdsdsdsdsdsdsdsdsdsdsdsddd','\0',0,0,0),(43,2,59,109,2,'2013-04-23 11:04:50','dsgfdfgd','\0',0,0,0),(44,2,59,109,2,'2013-04-23 11:05:28','444444444444444444444','\0',0,0,0),(45,2,59,109,2,'2013-04-23 11:07:32','sdsdsdsd','\0',0,0,0),(46,2,59,109,2,'2013-04-23 11:08:15','sdsdsdssfds','\0',0,0,0),(47,2,63,109,2,'2013-04-23 11:24:55','fdeggdffdf','\0',0,0,0),(48,2,63,109,2,'2013-04-23 11:24:58','drtr','\0',0,0,0),(49,2,63,109,2,'2013-04-23 11:25:00','rr','\0',0,0,0),(50,2,63,109,2,'2013-04-23 11:25:02','erer','\0',0,0,0),(51,2,24,109,2,'2013-04-24 08:52:11','是dsd酸dsd酸是','\0',0,0,0),(60,2,72,109,2,'2013-04-25 13:50:39','ffff','\0',0,0,0),(61,2,50,109,2,'2013-04-25 15:34:03','地方的改的','\0',0,0,0),(68,2,171,109,2,'2013-04-28 15:53:58','test','\0',0,0,0),(83,2,184,109,53,'2013-04-28 16:34:52','sdsdsd','\0',0,0,0),(84,2,184,109,53,'2013-04-28 16:34:54','sddd','\0',0,0,0),(85,2,184,109,53,'2013-04-28 16:34:59','sddsdd','\0',0,0,0),(87,2,180,109,53,'2013-05-03 09:23:43','dddsds','\0',0,0,0),(88,2,129,109,53,'2013-05-03 10:05:52','手动阀是滴是滴','\0',0,0,0),(89,2,129,109,53,'2013-05-03 10:09:49','师德师风的士速递','\0',0,0,0),(90,2,129,109,53,'2013-05-03 11:00:18','1111111','\0',89,53,0),(91,2,129,109,53,'2013-05-03 11:02:18','FGFFGFGFGFG','\0',89,53,0),(92,2,129,109,53,'2013-05-03 11:12:29','11111dsd酸的','\0',89,53,0),(93,2,129,109,53,'2013-05-03 11:13:06','大幅度发放','\0',89,53,0),(97,2,183,109,53,'2013-05-03 13:24:21','sdsddddd','\0',0,0,0),(114,2,184,109,53,'2013-05-06 09:40:10','trggrgrg','\0',85,53,0),(115,2,184,109,53,'2013-05-06 09:40:13','rtttrtt','\0',85,53,0),(116,2,184,109,53,'2013-05-06 09:40:38','gggggggggg','\0',85,53,0),(117,2,177,109,53,'2013-05-06 14:20:45','SDSDSD','\0',0,0,0),(118,2,181,109,53,'2013-05-06 15:44:33','古古怪怪','\0',0,0,0),(122,2,151,109,53,'2013-05-08 08:58:57','sdsdsd','\0',0,0,0),(123,2,151,109,53,'2013-05-08 08:59:06','sdssdd','\0',122,53,0),(124,2,151,109,53,'2013-05-08 08:59:10','sdsdd','\0',122,53,0),(125,2,151,109,53,'2013-05-08 09:34:31','sdf444444','\0',122,53,0),(126,2,151,0,53,'2013-05-08 09:49:43','1','\0',122,53,0),(127,2,151,109,53,'2013-05-08 10:17:33','1','\0',0,0,0),(128,2,151,109,53,'2013-05-08 10:18:31','2','\0',0,0,0),(129,2,151,109,53,'2013-05-08 10:18:47','23','\0',0,0,0),(130,2,151,109,53,'2013-05-08 10:20:00','23333','\0',0,0,0),(131,2,151,109,53,'2013-05-08 10:20:56','444','\0',0,0,0),(132,2,151,109,53,'2013-05-08 10:21:36','555','\0',130,53,0),(133,2,151,109,53,'2013-05-08 10:21:40','6','\0',130,53,0),(134,2,151,109,53,'2013-05-08 10:21:52','66666','\0',133,53,0),(135,2,151,109,53,'2013-05-08 10:22:12','7777777','\0',133,53,0),(136,2,191,109,53,'2013-05-08 11:08:19','333333','\0',131,53,0),(137,2,191,109,53,'2013-05-08 11:13:35','1111','\0',0,0,0),(138,2,191,109,53,'2013-05-08 11:13:38','3333','\0',0,0,0),(139,2,191,109,53,'2013-05-08 11:13:40','55555','\0',0,0,0),(140,2,191,109,53,'2013-05-08 11:13:43','66666','\0',0,0,0),(141,2,191,109,53,'2013-05-08 11:13:45','77777','\0',0,0,0),(142,2,191,109,53,'2013-05-08 13:08:39','qqqqq','\0',141,53,0),(143,2,191,109,53,'2013-05-08 13:08:47','sdsdsdd','\0',142,53,0),(144,2,191,109,53,'2013-05-08 13:27:22','11111','\0',0,0,0),(145,2,191,109,53,'2013-05-08 13:27:32','111111eee','\0',144,53,0),(146,2,191,109,53,'2013-05-08 13:27:53','weweeee','\0',145,53,0),(147,2,191,109,53,'2013-05-08 13:32:07','11111','\0',0,0,0),(148,2,191,109,53,'2013-05-08 13:32:15','所得到的','\0',147,53,0),(149,2,191,109,53,'2013-05-08 13:32:36','222222','\0',148,53,0),(150,2,191,109,53,'2013-05-08 13:33:05','啊啊啊','\0',0,0,0),(151,2,191,109,53,'2013-05-08 13:33:14','是顶顶顶顶','\0',150,53,0),(152,2,191,109,53,'2013-05-08 13:33:37','1111111111111','\0',150,53,0),(153,2,191,109,53,'2013-05-08 13:34:46','我得得得','\0',0,0,0),(154,2,191,109,53,'2013-05-08 13:35:05','急急急','\0',153,53,0),(155,2,191,109,53,'2013-05-08 13:35:14','11111','\0',154,53,0),(156,2,191,109,53,'2013-05-08 13:40:17','浏览量','\0',0,0,0),(157,2,191,109,53,'2013-05-08 13:50:07','的方法地方','\0',0,0,0),(158,2,191,109,53,'2013-05-08 13:50:13','的方法地方的凤飞飞','\0',0,0,0),(159,2,191,109,53,'2013-05-08 13:52:04','222','\0',0,0,0),(160,2,191,109,53,'2013-05-08 13:52:40','1111','\0',0,0,0),(161,2,191,109,53,'2013-05-08 13:53:16','1111111','\0',0,0,0),(162,2,191,109,53,'2013-05-08 13:53:26','4444','\0',0,0,0),(163,2,191,109,53,'2013-05-08 13:54:55','1','\0',0,0,0),(164,2,191,109,53,'2013-05-08 13:54:58','3','\0',0,0,0),(165,2,191,109,53,'2013-05-08 13:55:04','133','\0',164,53,0),(166,2,191,109,53,'2013-05-08 14:11:36','1111','\0',0,0,0),(167,2,191,109,53,'2013-05-08 14:13:44','22222','\0',0,0,0),(168,2,191,109,53,'2013-05-08 14:16:18','6666','\0',167,53,0),(173,2,191,109,53,'2013-05-08 14:20:59','1','\0',0,0,0),(174,2,191,109,53,'2013-05-08 14:21:05','2','\0',173,53,0),(175,2,191,109,53,'2013-05-08 14:26:37','5','\0',174,53,0),(176,2,191,109,53,'2013-05-08 14:26:45','25','\0',175,53,0),(179,2,151,109,53,'2013-05-08 14:48:02','11111','\0',176,53,0),(180,2,151,109,53,'2013-05-08 15:03:45','去问问鹅鹅鹅','\0',179,53,0),(181,2,191,109,2,'2013-05-08 15:09:30','sdsddddd','\0',180,53,0),(182,2,191,109,2,'2013-05-08 15:09:36','sddddddd','\0',181,2,0),(183,2,146,109,53,'2013-05-08 16:11:02','11111','\0',0,0,0),(184,2,146,109,53,'2013-05-08 16:25:21','11111dddd','\0',0,0,0),(185,2,146,109,53,'2013-05-08 16:25:28','555','\0',184,53,0),(186,2,146,109,53,'2013-05-08 16:25:37','53333','\0',185,53,0),(187,2,146,109,53,'2013-05-08 16:25:41','fdffff','\0',0,0,0),(188,2,146,109,53,'2013-05-08 16:25:51','fffff','\0',187,53,0),(189,2,198,109,53,'2013-05-09 09:09:16','111111','\0',0,0,0),(190,2,198,109,53,'2013-05-09 09:09:20','ygtttt','\0',189,53,0),(204,2,221,109,53,'2013-05-09 14:27:46','sddsddd','\0',0,0,0),(205,2,221,109,53,'2013-05-09 14:27:48','sdsdd','\0',0,0,0),(206,2,221,109,53,'2013-05-09 14:27:52','sdsdsd','\0',205,53,0),(211,2,239,109,53,'2013-05-09 16:15:39','是到十点多的','\0',0,0,0),(212,2,119,109,53,'2013-05-09 16:53:31','是到十点多的','\0',0,0,0),(213,2,240,109,51,'2013-05-10 13:31:47','rrr','\0',0,0,0),(214,2,191,109,53,'2013-05-13 14:02:38','sdsdssdd','\0',0,0,0),(215,2,191,109,53,'2013-05-13 14:03:51','评论了晃了晃累坏了','\0',0,0,0),(216,2,191,109,53,'2013-05-13 14:04:07','是的是打发士大夫是dsd酸的','\0',215,53,0),(217,2,191,109,53,'2013-05-13 15:45:58','sdsdsdddd','\0',0,0,0),(218,2,191,109,53,'2013-05-13 15:46:42','ssdddd','\0',0,0,0),(219,2,239,109,53,'2013-05-13 15:59:28','是到十点多的','\0',0,0,0),(220,2,239,109,53,'2013-05-13 16:03:49','sdsdddsdd','\0',219,53,0),(221,2,239,109,53,'2013-05-13 16:03:53','sdsdddsdd','\0',219,53,0),(222,2,239,109,53,'2013-05-13 16:04:07','1111111','\0',0,0,0),(225,2,150,109,53,'2013-05-13 16:51:06','dfrdfffffdf','\0',0,0,0),(227,2,248,109,53,'2013-05-15 10:14:15','ddffff','\0',0,0,0),(228,2,56,103,40,'2013-05-15 11:35:29','华盛顿核辐射！','\0',0,0,0),(229,2,249,109,2,'2013-05-15 14:27:44','test','\0',0,0,0),(230,2,33,107,2,'2013-05-15 15:57:30','aaaa','',0,2,0),(231,2,33,107,2,'2013-05-15 15:57:33','aaaa','',0,2,0),(232,2,23,103,51,'2013-05-15 16:40:33','回复一下','',0,0,0),(233,2,23,103,51,'2013-05-15 16:40:34','回复一下','',0,0,0),(234,2,23,103,51,'2013-05-15 16:40:35','回复一下','',0,0,0),(235,2,23,103,51,'2013-05-15 16:40:35','回复一下','',0,0,0),(236,2,23,103,51,'2013-05-15 16:40:35','回复一下','',0,0,0),(237,2,23,103,51,'2013-05-15 16:40:38','回复一下','',0,0,0),(238,2,23,103,51,'2013-05-15 16:40:39','回复一下','',0,0,0),(239,2,23,103,51,'2013-05-15 16:40:39','回复一下','',0,0,0),(240,2,63,103,40,'2013-05-15 16:51:28','阿德萨所发生的！','',0,51,0),(241,2,63,103,40,'2013-05-15 16:51:33','阿德萨所发生的！','',0,51,0),(242,2,60,103,40,'2013-05-15 16:55:01','<span class=\"Apple-style-span\" style=\"color: rgb(118, 118, 118); font-family: arial, 宋体; font-size: 14px; line-height: 22px; background-color: rgb(255, 255, 255); \">苏州GJP伙伴蹲点支持，通过给伙伴培训沟通挖掘商机的套路，伙伴决定下阶段放一广告牌在五金批发市场，作为T+商机的获取来源，并树立公司专业形象，广告牌尺寸为3082X11.32，请问哪个部门或哪位高手有设计模板或设计方案给与帮助。</span>','',0,2,0),(243,2,63,103,51,'2013-05-16 09:04:40','回复一下','',0,51,0),(244,2,4,103,48,'2013-05-16 09:06:00','1111111111','',0,48,0),(245,2,4,103,48,'2013-05-16 09:06:29','1111111111','',0,48,0),(246,2,4,103,48,'2013-05-16 09:07:55','123','',0,48,0),(247,2,63,103,48,'2013-05-16 09:09:44','3333333333','',0,51,0),(248,2,63,103,52,'2013-05-16 09:10:55','dsf','',0,51,0),(249,2,63,103,52,'2013-05-16 09:10:57','dsf','',0,51,0),(250,2,63,103,51,'2013-05-16 09:24:47','555','',0,51,0),(251,2,63,103,51,'2013-05-16 09:25:06','666','',0,51,0),(252,2,60,103,53,'2013-05-16 09:27:24','sdsdsdddd','',0,2,0),(253,2,60,103,53,'2013-05-16 09:27:26','sdsdsdddd','',0,2,0),(254,2,65,103,40,'2013-05-16 10:51:34','泸沽湖~<br>','',0,2,0),(255,2,65,103,40,'2013-05-16 10:57:02','玛尼堆~','',0,2,0),(260,2,64,103,40,'2013-05-16 11:13:02','斯蒂芬森？','',0,51,0),(261,2,63,103,40,'2013-05-16 11:13:21','斯蒂芬森分','',0,51,0),(262,2,67,103,52,'2013-05-16 13:15:37','df <br>','',0,52,0),(263,2,67,103,52,'2013-05-16 13:15:50','这个不是我发的吧<br>','',0,52,0),(264,2,67,103,52,'2013-05-16 13:16:00','这个不是我发的吧<br>','',0,52,0),(265,2,67,103,52,'2013-05-16 13:16:00','这个不是我发的吧<br>','',0,52,0),(266,2,67,103,52,'2013-05-16 13:16:00','这个不是我发的吧<br>','',0,52,0),(267,2,67,103,52,'2013-05-16 13:16:01','这个不是我发的吧<br>','',0,52,0),(268,2,67,103,52,'2013-05-16 13:16:01','这个不是我发的吧<br>','',0,52,0),(269,2,67,103,52,'2013-05-16 13:16:01','这个不是我发的吧<br>','',0,52,0),(270,2,67,103,52,'2013-05-16 13:16:01','这个不是我发的吧<br>','',0,52,0),(271,2,67,103,52,'2013-05-16 13:16:01','这个不是我发的吧<br>','',0,52,0),(272,2,67,103,52,'2013-05-16 13:16:01','这个不是我发的吧<br>','',0,52,0),(273,2,67,103,52,'2013-05-16 13:16:02','这个不是我发的吧<br>','',0,52,0),(274,2,67,103,52,'2013-05-16 13:16:02','这个不是我发的吧<br>','',0,52,0),(275,2,67,103,52,'2013-05-16 13:16:02','这个不是我发的吧<br>','',0,52,0),(276,2,67,103,52,'2013-05-16 13:16:02','这个不是我发的吧<br>','',0,52,0),(277,2,67,103,52,'2013-05-16 13:16:02','这个不是我发的吧<br>','',0,52,0),(278,2,67,103,52,'2013-05-16 13:16:02','这个不是我发的吧<br>','',0,52,0),(279,2,67,103,52,'2013-05-16 13:16:03','这个不是我发的吧<br>','',0,52,0),(280,2,67,103,52,'2013-05-16 13:16:03','这个不是我发的吧<br>','',0,52,0),(281,2,67,103,52,'2013-05-16 13:16:03','这个不是我发的吧<br>','',0,52,0),(282,2,67,103,52,'2013-05-16 13:16:03','这个不是我发的吧<br>','',0,52,0),(283,2,67,103,52,'2013-05-16 13:16:03','这个不是我发的吧<br>','',0,52,0),(284,2,67,103,52,'2013-05-16 13:16:03','这个不是我发的吧<br>','',0,52,0),(285,2,67,103,52,'2013-05-16 13:16:04','这个不是我发的吧<br>','',0,52,0),(286,2,67,103,52,'2013-05-16 13:16:04','这个不是我发的吧<br>','',0,52,0),(287,2,67,103,52,'2013-05-16 13:16:04','这个不是我发的吧<br>','',0,52,0),(288,2,67,103,52,'2013-05-16 13:16:04','这个不是我发的吧<br>','',0,52,0),(289,2,67,103,52,'2013-05-16 13:16:04','这个不是我发的吧<br>','',0,52,0),(290,2,67,103,52,'2013-05-16 13:16:04','这个不是我发的吧<br>','',0,52,0),(291,2,67,103,52,'2013-05-16 13:16:05','这个不是我发的吧<br>','',0,52,0),(292,2,67,103,52,'2013-05-16 13:16:05','这个不是我发的吧<br>','',0,52,0),(293,2,67,103,52,'2013-05-16 13:16:05','这个不是我发的吧<br>','',0,52,0),(294,2,67,103,52,'2013-05-16 13:16:05','这个不是我发的吧<br>','',0,52,0),(295,2,67,103,52,'2013-05-16 13:16:06','这个不是我发的吧<br>','',0,52,0),(296,2,67,103,52,'2013-05-16 13:16:05','这个不是我发的吧<br>','',0,52,0),(297,2,67,103,52,'2013-05-16 13:16:06','这个不是我发的吧<br>','',0,52,0),(298,2,67,103,52,'2013-05-16 13:16:41','这个不是我发的吧','',0,52,0),(299,2,67,103,52,'2013-05-16 13:16:42','这个不是我发的吧','',0,52,0),(300,2,67,103,52,'2013-05-16 13:16:42','这个不是我发的吧','',0,52,0),(301,2,67,103,52,'2013-05-16 13:16:43','这个不是我发的吧','',0,52,0),(302,2,67,103,52,'2013-05-16 13:16:43','这个不是我发的吧','',0,52,0),(303,2,67,103,52,'2013-05-16 13:16:43','这个不是我发的吧','',0,52,0),(304,2,67,103,52,'2013-05-16 13:16:43','这个不是我发的吧','',0,52,0),(305,2,67,103,52,'2013-05-16 13:16:43','这个不是我发的吧','',0,52,0),(306,2,67,103,52,'2013-05-16 13:16:43','这个不是我发的吧','',0,52,0),(307,2,67,103,52,'2013-05-16 13:16:44','这个不是我发的吧','',0,52,0),(308,2,67,103,52,'2013-05-16 13:16:44','这个不是我发的吧','',0,52,0),(309,2,67,103,52,'2013-05-16 13:16:44','这个不是我发的吧','',0,52,0),(310,2,67,103,52,'2013-05-16 13:16:43','这个不是我发的吧','',0,52,0),(311,2,67,103,52,'2013-05-16 13:16:44','这个不是我发的吧','',0,52,0),(312,2,67,103,52,'2013-05-16 13:16:44','这个不是我发的吧','',0,52,0),(313,2,67,103,52,'2013-05-16 13:16:44','这个不是我发的吧','',0,52,0),(314,2,67,103,52,'2013-05-16 13:16:44','这个不是我发的吧','',0,52,0),(315,2,67,103,52,'2013-05-16 13:16:44','这个不是我发的吧','',0,52,0),(316,2,67,103,52,'2013-05-16 13:16:44','这个不是我发的吧','',0,52,0),(317,2,67,103,52,'2013-05-16 13:16:44','这个不是我发的吧','',0,52,0),(318,2,67,103,52,'2013-05-16 13:16:44','这个不是我发的吧','',0,52,0),(319,2,67,103,52,'2013-05-16 13:16:44','这个不是我发的吧','',0,52,0),(320,2,67,103,52,'2013-05-16 13:16:44','这个不是我发的吧','',0,52,0),(321,2,67,103,52,'2013-05-16 13:16:44','这个不是我发的吧','',0,52,0),(322,2,67,103,52,'2013-05-16 13:16:44','这个不是我发的吧','',0,52,0),(323,2,67,103,52,'2013-05-16 13:16:44','这个不是我发的吧','',0,52,0),(324,2,67,103,52,'2013-05-16 13:16:44','这个不是我发的吧','',0,52,0),(325,2,67,103,52,'2013-05-16 13:16:44','这个不是我发的吧','',0,52,0),(326,2,67,103,52,'2013-05-16 13:16:44','这个不是我发的吧','',0,52,0),(327,2,67,103,52,'2013-05-16 13:16:44','这个不是我发的吧','',0,52,0),(328,2,67,103,52,'2013-05-16 13:16:44','这个不是我发的吧','',0,52,0),(329,2,67,103,52,'2013-05-16 13:16:44','这个不是我发的吧','',0,52,0),(330,2,67,103,52,'2013-05-16 13:16:44','这个不是我发的吧','',0,52,0),(331,2,67,103,52,'2013-05-16 13:16:44','这个不是我发的吧','',0,52,0),(332,2,67,103,52,'2013-05-16 13:16:44','这个不是我发的吧','',0,52,0),(333,2,67,103,52,'2013-05-16 13:16:44','这个不是我发的吧','',0,52,0),(334,2,67,103,52,'2013-05-16 13:16:44','这个不是我发的吧','',0,52,0),(335,2,67,103,52,'2013-05-16 13:16:45','这个不是我发的吧','',0,52,0),(336,2,67,103,52,'2013-05-16 13:16:45','这个不是我发的吧','',0,52,0),(337,2,67,103,52,'2013-05-16 13:16:45','这个不是我发的吧','',0,52,0),(338,2,67,103,52,'2013-05-16 13:16:45','这个不是我发的吧','',0,52,0),(339,2,67,103,52,'2013-05-16 13:16:45','这个不是我发的吧','',0,52,0),(340,2,67,103,52,'2013-05-16 13:16:45','这个不是我发的吧','',0,52,0),(341,2,67,103,52,'2013-05-16 13:16:45','这个不是我发的吧','',0,52,0),(342,2,67,103,52,'2013-05-16 13:16:45','这个不是我发的吧','',0,52,0),(343,2,67,103,52,'2013-05-16 13:16:45','这个不是我发的吧','',0,52,0),(344,2,67,103,52,'2013-05-16 13:16:45','这个不是我发的吧','',0,52,0),(345,2,67,103,52,'2013-05-16 13:16:45','这个不是我发的吧','',0,52,0),(346,2,67,103,52,'2013-05-16 13:16:45','这个不是我发的吧','',0,52,0),(347,2,67,103,52,'2013-05-16 13:16:45','这个不是我发的吧','',0,52,0),(348,2,67,103,52,'2013-05-16 13:16:45','这个不是我发的吧','',0,52,0),(349,2,67,103,52,'2013-05-16 13:16:45','这个不是我发的吧','',0,52,0),(350,2,67,103,52,'2013-05-16 13:16:45','这个不是我发的吧','',0,52,0),(351,2,67,103,52,'2013-05-16 13:16:45','这个不是我发的吧','',0,52,0),(352,2,67,103,52,'2013-05-16 13:16:45','这个不是我发的吧','',0,52,0),(353,2,67,103,52,'2013-05-16 13:16:45','这个不是我发的吧','',0,52,0),(354,2,67,103,52,'2013-05-16 13:16:45','这个不是我发的吧','',0,52,0),(355,2,67,103,52,'2013-05-16 13:16:45','这个不是我发的吧','',0,52,0),(356,2,67,103,52,'2013-05-16 13:16:45','这个不是我发的吧','',0,52,0),(357,2,67,103,52,'2013-05-16 13:16:45','这个不是我发的吧','',0,52,0),(358,2,67,103,52,'2013-05-16 13:16:45','这个不是我发的吧','',0,52,0),(359,2,67,103,52,'2013-05-16 13:16:45','这个不是我发的吧','',0,52,0),(360,2,67,103,52,'2013-05-16 13:16:45','这个不是我发的吧','',0,52,0),(361,2,67,103,52,'2013-05-16 13:16:45','这个不是我发的吧','',0,52,0),(362,2,67,103,52,'2013-05-16 13:16:45','这个不是我发的吧','',0,52,0),(363,2,67,103,52,'2013-05-16 13:16:45','这个不是我发的吧','',0,52,0),(364,2,67,103,52,'2013-05-16 13:16:45','这个不是我发的吧','',0,52,0),(365,2,67,103,52,'2013-05-16 13:16:45','这个不是我发的吧','',0,52,0),(366,2,67,103,52,'2013-05-16 13:16:45','这个不是我发的吧','',0,52,0),(367,2,67,103,52,'2013-05-16 13:16:46','这个不是我发的吧','',0,52,0),(368,2,67,103,52,'2013-05-16 13:16:46','这个不是我发的吧','',0,52,0),(369,2,67,103,52,'2013-05-16 13:16:46','这个不是我发的吧','',0,52,0),(370,2,67,103,52,'2013-05-16 13:16:46','这个不是我发的吧','',0,52,0),(371,2,67,103,52,'2013-05-16 13:16:46','这个不是我发的吧','',0,52,0),(372,2,67,103,52,'2013-05-16 13:16:46','这个不是我发的吧','',0,52,0),(373,2,67,103,52,'2013-05-16 13:16:46','这个不是我发的吧','',0,52,0),(374,2,67,103,52,'2013-05-16 13:16:46','这个不是我发的吧','',0,52,0),(375,2,67,103,52,'2013-05-16 13:16:46','这个不是我发的吧','',0,52,0),(376,2,67,103,52,'2013-05-16 13:16:46','这个不是我发的吧','',0,52,0),(377,2,67,103,52,'2013-05-16 13:16:46','这个不是我发的吧','',0,52,0),(378,2,67,103,52,'2013-05-16 13:16:46','这个不是我发的吧','',0,52,0),(379,2,67,103,52,'2013-05-16 13:16:46','这个不是我发的吧','',0,52,0),(380,2,67,103,52,'2013-05-16 13:16:46','这个不是我发的吧','',0,52,0),(381,2,67,103,52,'2013-05-16 13:16:46','这个不是我发的吧','',0,52,0),(382,2,67,103,52,'2013-05-16 13:16:46','这个不是我发的吧','',0,52,0),(383,2,67,103,52,'2013-05-16 13:16:46','这个不是我发的吧','',0,52,0),(384,2,67,103,52,'2013-05-16 13:16:46','这个不是我发的吧','',0,52,0),(385,2,67,103,52,'2013-05-16 13:16:46','这个不是我发的吧','',0,52,0),(386,2,67,103,52,'2013-05-16 13:16:46','这个不是我发的吧','',0,52,0),(387,2,67,103,52,'2013-05-16 13:16:46','这个不是我发的吧','',0,52,0),(388,2,67,103,52,'2013-05-16 13:16:46','这个不是我发的吧','',0,52,0),(389,2,67,103,52,'2013-05-16 13:16:46','这个不是我发的吧','',0,52,0),(390,2,67,103,52,'2013-05-16 13:16:46','这个不是我发的吧','',0,52,0),(391,2,67,103,52,'2013-05-16 13:16:46','这个不是我发的吧','',0,52,0),(392,2,67,103,52,'2013-05-16 13:16:46','这个不是我发的吧','',0,52,0),(393,2,67,103,52,'2013-05-16 13:16:47','这个不是我发的吧','',0,52,0),(394,2,67,103,52,'2013-05-16 13:16:47','这个不是我发的吧','',0,52,0),(395,2,67,103,52,'2013-05-16 13:16:47','这个不是我发的吧','',0,52,0),(396,2,67,103,52,'2013-05-16 13:16:47','这个不是我发的吧','',0,52,0),(397,2,67,103,52,'2013-05-16 13:16:47','这个不是我发的吧','',0,52,0),(398,2,67,103,52,'2013-05-16 13:16:46','这个不是我发的吧','',0,52,0),(399,2,67,103,52,'2013-05-16 13:16:47','这个不是我发的吧','',0,52,0),(400,2,67,103,52,'2013-05-16 13:16:47','这个不是我发的吧','',0,52,0),(401,2,67,103,52,'2013-05-16 13:16:47','这个不是我发的吧','',0,52,0),(402,2,67,103,52,'2013-05-16 13:16:47','这个不是我发的吧','',0,52,0),(403,2,67,103,52,'2013-05-16 13:16:47','这个不是我发的吧','',0,52,0),(404,2,67,103,52,'2013-05-16 13:16:47','这个不是我发的吧','',0,52,0),(405,2,67,103,52,'2013-05-16 13:16:47','这个不是我发的吧','',0,52,0),(406,2,67,103,52,'2013-05-16 13:16:47','这个不是我发的吧','',0,52,0),(407,2,67,103,52,'2013-05-16 13:16:47','这个不是我发的吧','',0,52,0),(408,2,67,103,52,'2013-05-16 13:16:47','这个不是我发的吧','',0,52,0),(409,2,67,103,52,'2013-05-16 13:16:47','这个不是我发的吧','',0,52,0),(410,2,67,103,52,'2013-05-16 13:16:47','这个不是我发的吧','',0,52,0),(411,2,67,103,52,'2013-05-16 13:16:47','这个不是我发的吧','',0,52,0),(412,2,67,103,52,'2013-05-16 13:16:47','这个不是我发的吧','',0,52,0),(413,2,67,103,52,'2013-05-16 13:16:47','这个不是我发的吧','',0,52,0),(414,2,67,103,52,'2013-05-16 13:16:47','这个不是我发的吧','',0,52,0),(415,2,67,103,52,'2013-05-16 13:16:47','这个不是我发的吧','',0,52,0),(416,2,67,103,52,'2013-05-16 13:16:47','这个不是我发的吧','',0,52,0),(417,2,67,103,52,'2013-05-16 13:16:47','这个不是我发的吧','',0,52,0),(418,2,67,103,52,'2013-05-16 13:16:47','这个不是我发的吧','',0,52,0),(419,2,67,103,52,'2013-05-16 13:16:47','这个不是我发的吧','',0,52,0),(420,2,67,103,52,'2013-05-16 13:16:47','这个不是我发的吧','',0,52,0),(421,2,67,103,52,'2013-05-16 13:16:47','这个不是我发的吧','',0,52,0),(422,2,67,103,52,'2013-05-16 13:16:48','这个不是我发的吧','',0,52,0),(423,2,67,103,52,'2013-05-16 13:16:48','这个不是我发的吧','',0,52,0),(424,2,67,103,52,'2013-05-16 13:16:48','这个不是我发的吧','',0,52,0),(425,2,67,103,52,'2013-05-16 13:16:48','这个不是我发的吧','',0,52,0),(426,2,67,103,52,'2013-05-16 13:16:48','这个不是我发的吧','',0,52,0),(427,2,67,103,52,'2013-05-16 13:16:48','这个不是我发的吧','',0,52,0),(428,2,67,103,52,'2013-05-16 13:16:48','这个不是我发的吧','',0,52,0),(429,2,67,103,52,'2013-05-16 13:16:48','这个不是我发的吧','',0,52,0),(430,2,67,103,52,'2013-05-16 13:16:48','这个不是我发的吧','',0,52,0),(431,2,67,103,52,'2013-05-16 13:16:48','这个不是我发的吧','',0,52,0),(432,2,67,103,52,'2013-05-16 13:16:48','这个不是我发的吧','',0,52,0),(433,2,67,103,52,'2013-05-16 13:16:48','这个不是我发的吧','',0,52,0),(434,2,67,103,52,'2013-05-16 13:16:48','这个不是我发的吧','',0,52,0),(435,2,67,103,52,'2013-05-16 13:16:48','这个不是我发的吧','',0,52,0),(436,2,67,103,52,'2013-05-16 13:16:48','这个不是我发的吧','',0,52,0),(437,2,67,103,52,'2013-05-16 13:16:48','这个不是我发的吧','',0,52,0),(438,2,67,103,52,'2013-05-16 13:16:48','这个不是我发的吧','',0,52,0),(439,2,67,103,52,'2013-05-16 13:16:48','这个不是我发的吧','',0,52,0),(440,2,67,103,52,'2013-05-16 13:16:48','这个不是我发的吧','',0,52,0),(441,2,67,103,52,'2013-05-16 13:16:48','这个不是我发的吧','',0,52,0),(442,2,67,103,52,'2013-05-16 13:16:48','这个不是我发的吧','',0,52,0),(443,2,67,103,52,'2013-05-16 13:16:48','这个不是我发的吧','',0,52,0),(444,2,67,103,52,'2013-05-16 13:16:48','这个不是我发的吧','',0,52,0),(445,2,67,103,52,'2013-05-16 13:16:48','这个不是我发的吧','',0,52,0),(446,2,67,103,52,'2013-05-16 13:16:48','这个不是我发的吧','',0,52,0),(447,2,67,103,52,'2013-05-16 13:16:48','这个不是我发的吧','',0,52,0),(448,2,67,103,52,'2013-05-16 13:16:48','这个不是我发的吧','',0,52,0),(449,2,67,103,52,'2013-05-16 13:16:48','这个不是我发的吧','',0,52,0),(450,2,67,103,52,'2013-05-16 13:16:48','这个不是我发的吧','',0,52,0),(451,2,67,103,52,'2013-05-16 13:16:48','这个不是我发的吧','',0,52,0),(452,2,67,103,52,'2013-05-16 13:16:48','这个不是我发的吧','',0,52,0),(453,2,67,103,52,'2013-05-16 13:16:48','这个不是我发的吧','',0,52,0),(454,2,67,103,52,'2013-05-16 13:16:49','这个不是我发的吧','',0,52,0),(455,2,67,103,52,'2013-05-16 13:16:49','这个不是我发的吧','',0,52,0),(456,2,67,103,52,'2013-05-16 13:16:49','这个不是我发的吧','',0,52,0),(457,2,67,103,52,'2013-05-16 13:16:49','这个不是我发的吧','',0,52,0),(458,2,67,103,52,'2013-05-16 13:16:49','这个不是我发的吧','',0,52,0),(459,2,67,103,52,'2013-05-16 13:16:49','这个不是我发的吧','',0,52,0),(460,2,67,103,52,'2013-05-16 13:16:49','这个不是我发的吧','',0,52,0),(461,2,67,103,52,'2013-05-16 13:16:48','这个不是我发的吧','',0,52,0),(462,2,67,103,52,'2013-05-16 13:16:48','这个不是我发的吧','',0,52,0),(463,2,67,103,52,'2013-05-16 13:16:49','这个不是我发的吧','',0,52,0),(464,2,67,103,52,'2013-05-16 13:16:49','这个不是我发的吧','',0,52,0),(465,2,67,103,52,'2013-05-16 13:16:49','这个不是我发的吧','',0,52,0),(466,2,67,103,52,'2013-05-16 13:16:49','这个不是我发的吧','',0,52,0),(467,2,67,103,52,'2013-05-16 13:16:49','这个不是我发的吧','',0,52,0),(468,2,67,103,52,'2013-05-16 13:16:49','这个不是我发的吧','',0,52,0),(469,2,67,103,52,'2013-05-16 13:16:49','这个不是我发的吧','',0,52,0),(470,2,67,103,52,'2013-05-16 13:16:49','这个不是我发的吧','',0,52,0),(471,2,67,103,52,'2013-05-16 13:16:49','这个不是我发的吧','',0,52,0),(472,2,67,103,52,'2013-05-16 13:16:49','这个不是我发的吧','',0,52,0),(473,2,67,103,52,'2013-05-16 13:16:49','这个不是我发的吧','',0,52,0),(474,2,67,103,52,'2013-05-16 13:16:49','这个不是我发的吧','',0,52,0),(475,2,67,103,52,'2013-05-16 13:16:49','这个不是我发的吧','',0,52,0),(476,2,67,103,52,'2013-05-16 13:16:49','这个不是我发的吧','',0,52,0),(477,2,67,103,52,'2013-05-16 13:16:49','这个不是我发的吧','',0,52,0),(478,2,67,103,52,'2013-05-16 13:16:49','这个不是我发的吧','',0,52,0),(479,2,67,103,52,'2013-05-16 13:16:49','这个不是我发的吧','',0,52,0),(480,2,67,103,52,'2013-05-16 13:16:49','这个不是我发的吧','',0,52,0),(481,2,67,103,52,'2013-05-16 13:16:49','这个不是我发的吧','',0,52,0),(482,2,67,103,52,'2013-05-16 13:16:49','这个不是我发的吧','',0,52,0),(483,2,67,103,52,'2013-05-16 13:16:49','这个不是我发的吧','',0,52,0),(484,2,67,103,52,'2013-05-16 13:16:50','这个不是我发的吧','',0,52,0),(485,2,67,103,52,'2013-05-16 13:16:50','这个不是我发的吧','',0,52,0),(486,2,67,103,52,'2013-05-16 13:16:50','这个不是我发的吧','',0,52,0),(487,2,67,103,52,'2013-05-16 13:16:50','这个不是我发的吧','',0,52,0),(488,2,67,103,52,'2013-05-16 13:16:50','这个不是我发的吧','',0,52,0),(489,2,67,103,52,'2013-05-16 13:16:50','这个不是我发的吧','',0,52,0),(490,2,67,103,52,'2013-05-16 13:16:50','这个不是我发的吧','',0,52,0),(491,2,67,103,52,'2013-05-16 13:16:50','这个不是我发的吧','',0,52,0),(492,2,67,103,52,'2013-05-16 13:16:50','这个不是我发的吧','',0,52,0),(493,2,67,103,52,'2013-05-16 13:16:50','这个不是我发的吧','',0,52,0),(494,2,67,103,52,'2013-05-16 13:16:50','这个不是我发的吧','',0,52,0),(495,2,67,103,52,'2013-05-16 13:16:50','这个不是我发的吧','',0,52,0),(496,2,67,103,52,'2013-05-16 13:16:50','这个不是我发的吧','',0,52,0),(497,2,67,103,52,'2013-05-16 13:16:50','这个不是我发的吧','',0,52,0),(498,2,67,103,52,'2013-05-16 13:16:50','这个不是我发的吧','',0,52,0),(499,2,67,103,52,'2013-05-16 13:16:50','这个不是我发的吧','',0,52,0),(500,2,67,103,52,'2013-05-16 13:16:50','这个不是我发的吧','',0,52,0),(501,2,67,103,52,'2013-05-16 13:16:50','这个不是我发的吧','',0,52,0),(502,2,67,103,52,'2013-05-16 13:16:50','这个不是我发的吧','',0,52,0),(503,2,67,103,52,'2013-05-16 13:16:50','这个不是我发的吧','',0,52,0),(504,2,67,103,52,'2013-05-16 13:16:50','这个不是我发的吧','',0,52,0),(505,2,67,103,52,'2013-05-16 13:16:50','这个不是我发的吧','',0,52,0),(506,2,67,103,52,'2013-05-16 13:16:50','这个不是我发的吧','',0,52,0),(507,2,67,103,52,'2013-05-16 13:16:50','这个不是我发的吧','',0,52,0),(508,2,67,103,52,'2013-05-16 13:16:50','这个不是我发的吧','',0,52,0),(509,2,67,103,52,'2013-05-16 13:16:50','这个不是我发的吧','',0,52,0),(510,2,67,103,52,'2013-05-16 13:16:50','这个不是我发的吧','',0,52,0),(511,2,67,103,52,'2013-05-16 13:16:50','这个不是我发的吧','',0,52,0),(512,2,67,103,52,'2013-05-16 13:16:50','这个不是我发的吧','',0,52,0),(513,2,67,103,52,'2013-05-16 13:16:50','这个不是我发的吧','',0,52,0),(514,2,67,103,52,'2013-05-16 13:16:51','这个不是我发的吧','',0,52,0),(515,2,67,103,52,'2013-05-16 13:16:51','这个不是我发的吧','',0,52,0),(516,2,67,103,52,'2013-05-16 13:16:51','这个不是我发的吧','',0,52,0),(517,2,67,103,52,'2013-05-16 13:16:51','这个不是我发的吧','',0,52,0),(518,2,67,103,52,'2013-05-16 13:16:51','这个不是我发的吧','',0,52,0),(519,2,67,103,52,'2013-05-16 13:16:51','这个不是我发的吧','',0,52,0),(520,2,67,103,52,'2013-05-16 13:16:51','这个不是我发的吧','',0,52,0),(521,2,67,103,52,'2013-05-16 13:16:51','这个不是我发的吧','',0,52,0),(522,2,67,103,52,'2013-05-16 13:16:51','这个不是我发的吧','',0,52,0),(523,2,67,103,52,'2013-05-16 13:16:51','这个不是我发的吧','',0,52,0),(524,2,67,103,52,'2013-05-16 13:16:51','这个不是我发的吧','',0,52,0),(525,2,67,103,52,'2013-05-16 13:16:51','这个不是我发的吧','',0,52,0),(526,2,67,103,52,'2013-05-16 13:16:51','这个不是我发的吧','',0,52,0),(527,2,67,103,52,'2013-05-16 13:16:51','这个不是我发的吧','',0,52,0),(528,2,67,103,52,'2013-05-16 13:16:51','这个不是我发的吧','',0,52,0),(529,2,67,103,52,'2013-05-16 13:16:51','这个不是我发的吧','',0,52,0),(530,2,67,103,52,'2013-05-16 13:16:51','这个不是我发的吧','',0,52,0),(531,2,67,103,52,'2013-05-16 13:16:51','这个不是我发的吧','',0,52,0),(532,2,67,103,52,'2013-05-16 13:16:51','这个不是我发的吧','',0,52,0),(533,2,67,103,52,'2013-05-16 13:16:51','这个不是我发的吧','',0,52,0),(534,2,67,103,52,'2013-05-16 13:16:51','这个不是我发的吧','',0,52,0),(535,2,67,103,52,'2013-05-16 13:16:51','这个不是我发的吧','',0,52,0),(536,2,67,103,52,'2013-05-16 13:16:51','这个不是我发的吧','',0,52,0),(537,2,67,103,52,'2013-05-16 13:16:51','这个不是我发的吧','',0,52,0),(538,2,67,103,52,'2013-05-16 13:16:51','这个不是我发的吧','',0,52,0),(539,2,67,103,52,'2013-05-16 13:16:51','这个不是我发的吧','',0,52,0),(540,2,67,103,52,'2013-05-16 13:16:51','这个不是我发的吧','',0,52,0),(541,2,67,103,52,'2013-05-16 13:16:51','这个不是我发的吧','',0,52,0),(542,2,67,103,52,'2013-05-16 13:16:51','这个不是我发的吧','',0,52,0),(543,2,67,103,52,'2013-05-16 13:16:51','这个不是我发的吧','',0,52,0),(544,2,67,103,52,'2013-05-16 13:16:51','这个不是我发的吧','',0,52,0),(545,2,67,103,52,'2013-05-16 13:16:51','这个不是我发的吧','',0,52,0),(546,2,67,103,52,'2013-05-16 13:16:51','这个不是我发的吧','',0,52,0),(547,2,67,103,52,'2013-05-16 13:16:51','这个不是我发的吧','',0,52,0),(548,2,67,103,52,'2013-05-16 13:16:52','这个不是我发的吧','',0,52,0),(549,2,67,103,52,'2013-05-16 13:16:52','这个不是我发的吧','',0,52,0),(550,2,67,103,52,'2013-05-16 13:16:52','这个不是我发的吧','',0,52,0),(551,2,67,103,52,'2013-05-16 13:16:52','这个不是我发的吧','',0,52,0),(552,2,67,103,52,'2013-05-16 13:16:52','这个不是我发的吧','',0,52,0),(553,2,67,103,52,'2013-05-16 13:16:52','这个不是我发的吧','',0,52,0),(554,2,67,103,52,'2013-05-16 13:16:52','这个不是我发的吧','',0,52,0),(555,2,67,103,52,'2013-05-16 13:16:52','这个不是我发的吧','',0,52,0),(556,2,67,103,52,'2013-05-16 13:16:52','这个不是我发的吧','',0,52,0),(557,2,67,103,52,'2013-05-16 13:16:52','这个不是我发的吧','',0,52,0),(558,2,67,103,52,'2013-05-16 13:16:52','这个不是我发的吧','',0,52,0),(559,2,67,103,52,'2013-05-16 13:16:52','这个不是我发的吧','',0,52,0),(560,2,67,103,52,'2013-05-16 13:16:52','这个不是我发的吧','',0,52,0),(561,2,67,103,52,'2013-05-16 13:16:52','这个不是我发的吧','',0,52,0),(562,2,67,103,52,'2013-05-16 13:16:52','这个不是我发的吧','',0,52,0),(563,2,67,103,52,'2013-05-16 13:16:52','这个不是我发的吧','',0,52,0),(564,2,67,103,52,'2013-05-16 13:16:52','这个不是我发的吧','',0,52,0),(565,2,67,103,52,'2013-05-16 13:16:52','这个不是我发的吧','',0,52,0),(566,2,67,103,52,'2013-05-16 13:16:52','这个不是我发的吧','',0,52,0),(567,2,67,103,52,'2013-05-16 13:16:52','这个不是我发的吧','',0,52,0),(568,2,67,103,52,'2013-05-16 13:16:52','这个不是我发的吧','',0,52,0),(569,2,67,103,52,'2013-05-16 13:16:52','这个不是我发的吧','',0,52,0),(570,2,67,103,52,'2013-05-16 13:16:52','这个不是我发的吧','',0,52,0),(571,2,67,103,52,'2013-05-16 13:16:52','这个不是我发的吧','',0,52,0),(572,2,67,103,52,'2013-05-16 13:16:52','这个不是我发的吧','',0,52,0),(573,2,67,103,52,'2013-05-16 13:16:52','这个不是我发的吧','',0,52,0),(574,2,67,103,52,'2013-05-16 13:16:52','这个不是我发的吧','',0,52,0),(575,2,67,103,52,'2013-05-16 13:16:52','这个不是我发的吧','',0,52,0),(576,2,67,103,52,'2013-05-16 13:16:53','这个不是我发的吧','',0,52,0),(577,2,67,103,52,'2013-05-16 13:16:53','这个不是我发的吧','',0,52,0),(578,2,67,103,52,'2013-05-16 13:16:53','这个不是我发的吧','',0,52,0),(579,2,67,103,52,'2013-05-16 13:16:52','这个不是我发的吧','',0,52,0),(580,2,67,103,52,'2013-05-16 13:16:53','这个不是我发的吧','',0,52,0),(581,2,67,103,52,'2013-05-16 13:16:53','这个不是我发的吧','',0,52,0),(582,2,67,103,52,'2013-05-16 13:16:53','这个不是我发的吧','',0,52,0),(583,2,67,103,52,'2013-05-16 13:16:53','这个不是我发的吧','',0,52,0),(584,2,67,103,52,'2013-05-16 13:16:53','这个不是我发的吧','',0,52,0),(585,2,67,103,52,'2013-05-16 13:16:53','这个不是我发的吧','',0,52,0),(586,2,67,103,52,'2013-05-16 13:16:53','这个不是我发的吧','',0,52,0),(587,2,67,103,52,'2013-05-16 13:16:53','这个不是我发的吧','',0,52,0),(588,2,67,103,52,'2013-05-16 13:16:53','这个不是我发的吧','',0,52,0),(589,2,67,103,52,'2013-05-16 13:16:53','这个不是我发的吧','',0,52,0),(590,2,67,103,52,'2013-05-16 13:16:53','这个不是我发的吧','',0,52,0),(591,2,67,103,52,'2013-05-16 13:16:53','这个不是我发的吧','',0,52,0),(592,2,67,103,52,'2013-05-16 13:16:53','这个不是我发的吧','',0,52,0),(593,2,67,103,52,'2013-05-16 13:16:53','这个不是我发的吧','',0,52,0),(594,2,67,103,52,'2013-05-16 13:16:53','这个不是我发的吧','',0,52,0),(595,2,67,103,52,'2013-05-16 13:16:53','这个不是我发的吧','',0,52,0),(596,2,67,103,52,'2013-05-16 13:16:53','这个不是我发的吧','',0,52,0),(597,2,67,103,52,'2013-05-16 13:16:53','这个不是我发的吧','',0,52,0),(598,2,67,103,52,'2013-05-16 13:16:53','这个不是我发的吧','',0,52,0),(599,2,67,103,52,'2013-05-16 13:16:53','这个不是我发的吧','',0,52,0),(600,2,67,103,52,'2013-05-16 13:16:53','这个不是我发的吧','',0,52,0),(601,2,67,103,52,'2013-05-16 13:16:53','这个不是我发的吧','',0,52,0),(602,2,67,103,52,'2013-05-16 13:16:53','这个不是我发的吧','',0,52,0),(603,2,67,103,52,'2013-05-16 13:16:53','这个不是我发的吧','',0,52,0),(604,2,67,103,52,'2013-05-16 13:16:54','这个不是我发的吧','',0,52,0),(605,2,67,103,52,'2013-05-16 13:16:53','这个不是我发的吧','',0,52,0),(606,2,67,103,52,'2013-05-16 13:16:54','这个不是我发的吧','',0,52,0),(607,2,67,103,52,'2013-05-16 13:16:54','这个不是我发的吧','',0,52,0),(608,2,67,103,52,'2013-05-16 13:16:54','这个不是我发的吧','',0,52,0),(609,2,67,103,52,'2013-05-16 13:16:54','这个不是我发的吧','',0,52,0),(610,2,67,103,52,'2013-05-16 13:16:54','这个不是我发的吧','',0,52,0),(611,2,67,103,52,'2013-05-16 13:16:54','这个不是我发的吧','',0,52,0),(612,2,67,103,52,'2013-05-16 13:16:54','这个不是我发的吧','',0,52,0),(613,2,67,103,52,'2013-05-16 13:16:54','这个不是我发的吧','',0,52,0),(614,2,67,103,52,'2013-05-16 13:16:54','这个不是我发的吧','',0,52,0),(615,2,67,103,52,'2013-05-16 13:16:54','这个不是我发的吧','',0,52,0),(616,2,67,103,52,'2013-05-16 13:16:54','这个不是我发的吧','',0,52,0),(617,2,67,103,52,'2013-05-16 13:16:54','这个不是我发的吧','',0,52,0),(618,2,67,103,52,'2013-05-16 13:16:54','这个不是我发的吧','',0,52,0),(619,2,67,103,52,'2013-05-16 13:16:54','这个不是我发的吧','',0,52,0),(620,2,67,103,52,'2013-05-16 13:16:54','这个不是我发的吧','',0,52,0),(621,2,67,103,52,'2013-05-16 13:16:54','这个不是我发的吧','',0,52,0),(622,2,67,103,52,'2013-05-16 13:16:54','这个不是我发的吧','',0,52,0),(623,2,67,103,52,'2013-05-16 13:16:54','这个不是我发的吧','',0,52,0),(624,2,67,103,52,'2013-05-16 13:16:54','这个不是我发的吧','',0,52,0),(625,2,67,103,52,'2013-05-16 13:16:54','这个不是我发的吧','',0,52,0),(626,2,67,103,52,'2013-05-16 13:16:54','这个不是我发的吧','',0,52,0),(627,2,67,103,52,'2013-05-16 13:16:54','这个不是我发的吧','',0,52,0),(628,2,67,103,52,'2013-05-16 13:16:55','这个不是我发的吧','',0,52,0),(629,2,67,103,52,'2013-05-16 13:16:55','这个不是我发的吧','',0,52,0),(630,2,67,103,52,'2013-05-16 13:16:55','这个不是我发的吧','',0,52,0),(631,2,67,103,52,'2013-05-16 13:16:54','这个不是我发的吧','',0,52,0),(632,2,67,103,52,'2013-05-16 13:16:55','这个不是我发的吧','',0,52,0),(633,2,67,103,52,'2013-05-16 13:16:55','这个不是我发的吧','',0,52,0),(634,2,67,103,52,'2013-05-16 13:16:55','这个不是我发的吧','',0,52,0),(635,2,67,103,52,'2013-05-16 13:16:55','这个不是我发的吧','',0,52,0),(636,2,67,103,52,'2013-05-16 13:16:55','这个不是我发的吧','',0,52,0),(637,2,67,103,52,'2013-05-16 13:16:55','这个不是我发的吧','',0,52,0),(638,2,67,103,52,'2013-05-16 13:16:55','这个不是我发的吧','',0,52,0),(639,2,67,103,52,'2013-05-16 13:16:55','这个不是我发的吧','',0,52,0),(640,2,67,103,52,'2013-05-16 13:16:55','这个不是我发的吧','',0,52,0),(641,2,67,103,52,'2013-05-16 13:16:55','这个不是我发的吧','',0,52,0),(642,2,67,103,52,'2013-05-16 13:16:55','这个不是我发的吧','',0,52,0),(643,2,67,103,52,'2013-05-16 13:16:55','这个不是我发的吧','',0,52,0),(644,2,67,103,52,'2013-05-16 13:16:55','这个不是我发的吧','',0,52,0),(645,2,67,103,52,'2013-05-16 13:16:55','这个不是我发的吧','',0,52,0),(646,2,67,103,52,'2013-05-16 13:16:55','这个不是我发的吧','',0,52,0),(647,2,67,103,52,'2013-05-16 13:16:55','这个不是我发的吧','',0,52,0),(648,2,67,103,52,'2013-05-16 13:16:55','这个不是我发的吧','',0,52,0),(649,2,67,103,52,'2013-05-16 13:16:55','这个不是我发的吧','',0,52,0),(650,2,67,103,52,'2013-05-16 13:16:55','这个不是我发的吧','',0,52,0),(651,2,67,103,52,'2013-05-16 13:16:55','这个不是我发的吧','',0,52,0),(652,2,67,103,52,'2013-05-16 13:16:55','这个不是我发的吧','',0,52,0),(653,2,67,103,52,'2013-05-16 13:16:55','这个不是我发的吧','',0,52,0),(654,2,67,103,52,'2013-05-16 13:16:55','这个不是我发的吧','',0,52,0),(655,2,67,103,52,'2013-05-16 13:16:55','这个不是我发的吧','',0,52,0),(656,2,67,103,52,'2013-05-16 13:16:55','这个不是我发的吧','',0,52,0),(657,2,67,103,52,'2013-05-16 13:16:55','这个不是我发的吧','',0,52,0),(658,2,67,103,52,'2013-05-16 13:16:55','这个不是我发的吧','',0,52,0),(659,2,67,103,52,'2013-05-16 13:16:55','这个不是我发的吧','',0,52,0),(660,2,67,103,52,'2013-05-16 13:16:55','这个不是我发的吧','',0,52,0),(661,2,67,103,52,'2013-05-16 13:16:55','这个不是我发的吧','',0,52,0),(662,2,67,103,52,'2013-05-16 13:16:56','这个不是我发的吧','',0,52,0),(663,2,67,103,52,'2013-05-16 13:16:56','这个不是我发的吧','',0,52,0),(664,2,67,103,52,'2013-05-16 13:16:56','这个不是我发的吧','',0,52,0),(665,2,67,103,52,'2013-05-16 13:16:56','这个不是我发的吧','',0,52,0),(666,2,67,103,52,'2013-05-16 13:16:56','这个不是我发的吧','',0,52,0),(667,2,67,103,52,'2013-05-16 13:16:56','这个不是我发的吧','',0,52,0),(668,2,67,103,52,'2013-05-16 13:16:56','这个不是我发的吧','',0,52,0),(669,2,67,103,52,'2013-05-16 13:16:56','这个不是我发的吧','',0,52,0),(670,2,67,103,52,'2013-05-16 13:16:56','这个不是我发的吧','',0,52,0),(671,2,67,103,52,'2013-05-16 13:16:56','这个不是我发的吧','',0,52,0),(672,2,67,103,52,'2013-05-16 13:16:56','这个不是我发的吧','',0,52,0),(673,2,67,103,52,'2013-05-16 13:16:56','这个不是我发的吧','',0,52,0),(674,2,67,103,52,'2013-05-16 13:16:56','这个不是我发的吧','',0,52,0),(675,2,67,103,52,'2013-05-16 13:16:56','这个不是我发的吧','',0,52,0),(676,2,67,103,52,'2013-05-16 13:16:56','这个不是我发的吧','',0,52,0),(677,2,67,103,52,'2013-05-16 13:16:56','这个不是我发的吧','',0,52,0),(678,2,67,103,52,'2013-05-16 13:16:56','这个不是我发的吧','',0,52,0),(679,2,67,103,52,'2013-05-16 13:16:56','这个不是我发的吧','',0,52,0),(680,2,67,103,52,'2013-05-16 13:16:56','这个不是我发的吧','',0,52,0),(681,2,67,103,52,'2013-05-16 13:16:56','这个不是我发的吧','',0,52,0),(682,2,67,103,52,'2013-05-16 13:16:56','这个不是我发的吧','',0,52,0),(683,2,67,103,52,'2013-05-16 13:16:56','这个不是我发的吧','',0,52,0),(684,2,67,103,52,'2013-05-16 13:16:56','这个不是我发的吧','',0,52,0),(685,2,67,103,52,'2013-05-16 13:16:56','这个不是我发的吧','',0,52,0),(686,2,67,103,52,'2013-05-16 13:16:56','这个不是我发的吧','',0,52,0),(687,2,67,103,52,'2013-05-16 13:16:57','这个不是我发的吧','',0,52,0),(688,2,67,103,52,'2013-05-16 13:16:57','这个不是我发的吧','',0,52,0),(689,2,67,103,52,'2013-05-16 13:16:57','这个不是我发的吧','',0,52,0),(690,2,67,103,52,'2013-05-16 13:16:57','这个不是我发的吧','',0,52,0),(691,2,67,103,52,'2013-05-16 13:16:57','这个不是我发的吧','',0,52,0),(692,2,67,103,52,'2013-05-16 13:16:57','这个不是我发的吧','',0,52,0),(693,2,67,103,52,'2013-05-16 13:16:57','这个不是我发的吧','',0,52,0),(694,2,67,103,52,'2013-05-16 13:16:57','这个不是我发的吧','',0,52,0),(695,2,67,103,52,'2013-05-16 13:16:57','这个不是我发的吧','',0,52,0),(696,2,67,103,52,'2013-05-16 13:16:57','这个不是我发的吧','',0,52,0),(697,2,67,103,52,'2013-05-16 13:16:57','这个不是我发的吧','',0,52,0),(698,2,67,103,52,'2013-05-16 13:16:57','这个不是我发的吧','',0,52,0),(699,2,67,103,52,'2013-05-16 13:16:57','这个不是我发的吧','',0,52,0),(700,2,67,103,52,'2013-05-16 13:16:57','这个不是我发的吧','',0,52,0),(701,2,67,103,52,'2013-05-16 13:16:57','这个不是我发的吧','',0,52,0),(702,2,67,103,52,'2013-05-16 13:16:57','这个不是我发的吧','',0,52,0),(703,2,67,103,52,'2013-05-16 13:16:57','这个不是我发的吧','',0,52,0),(704,2,67,103,52,'2013-05-16 13:16:57','这个不是我发的吧','',0,52,0),(705,2,67,103,52,'2013-05-16 13:16:57','这个不是我发的吧','',0,52,0),(706,2,67,103,52,'2013-05-16 13:16:57','这个不是我发的吧','',0,52,0),(707,2,67,103,52,'2013-05-16 13:16:57','这个不是我发的吧','',0,52,0),(708,2,67,103,52,'2013-05-16 13:16:57','这个不是我发的吧','',0,52,0),(709,2,67,103,52,'2013-05-16 13:16:57','这个不是我发的吧','',0,52,0),(710,2,67,103,52,'2013-05-16 13:16:57','这个不是我发的吧','',0,52,0),(711,2,67,103,52,'2013-05-16 13:16:57','这个不是我发的吧','',0,52,0),(712,2,67,103,52,'2013-05-16 13:16:57','这个不是我发的吧','',0,52,0),(713,2,67,103,52,'2013-05-16 13:16:57','这个不是我发的吧','',0,52,0),(714,2,67,103,52,'2013-05-16 13:16:57','这个不是我发的吧','',0,52,0),(715,2,67,103,52,'2013-05-16 13:16:58','这个不是我发的吧','',0,52,0),(716,2,67,103,52,'2013-05-16 13:16:57','这个不是我发的吧','',0,52,0),(717,2,67,103,52,'2013-05-16 13:16:57','这个不是我发的吧','',0,52,0),(718,2,67,103,52,'2013-05-16 13:16:58','这个不是我发的吧','',0,52,0),(719,2,67,103,52,'2013-05-16 13:16:58','这个不是我发的吧','',0,52,0),(720,2,67,103,52,'2013-05-16 13:16:58','这个不是我发的吧','',0,52,0),(721,2,67,103,52,'2013-05-16 13:16:58','这个不是我发的吧','',0,52,0),(722,2,67,103,52,'2013-05-16 13:16:58','这个不是我发的吧','',0,52,0),(723,2,67,103,52,'2013-05-16 13:16:58','这个不是我发的吧','',0,52,0),(724,2,67,103,52,'2013-05-16 13:16:58','这个不是我发的吧','',0,52,0),(725,2,67,103,52,'2013-05-16 13:16:58','这个不是我发的吧','',0,52,0),(726,2,67,103,52,'2013-05-16 13:16:58','这个不是我发的吧','',0,52,0),(727,2,67,103,52,'2013-05-16 13:16:58','这个不是我发的吧','',0,52,0),(728,2,67,103,52,'2013-05-16 13:16:58','这个不是我发的吧','',0,52,0),(729,2,67,103,52,'2013-05-16 13:16:58','这个不是我发的吧','',0,52,0),(730,2,67,103,52,'2013-05-16 13:16:58','这个不是我发的吧','',0,52,0),(731,2,67,103,52,'2013-05-16 13:16:58','这个不是我发的吧','',0,52,0),(732,2,67,103,52,'2013-05-16 13:16:58','这个不是我发的吧','',0,52,0),(733,2,67,103,52,'2013-05-16 13:16:58','这个不是我发的吧','',0,52,0),(734,2,67,103,52,'2013-05-16 13:16:58','这个不是我发的吧','',0,52,0),(735,2,67,103,52,'2013-05-16 13:16:58','这个不是我发的吧','',0,52,0),(736,2,67,103,52,'2013-05-16 13:16:58','这个不是我发的吧','',0,52,0),(737,2,67,103,52,'2013-05-16 13:16:58','这个不是我发的吧','',0,52,0),(738,2,67,103,52,'2013-05-16 13:16:59','这个不是我发的吧','',0,52,0),(739,2,67,103,52,'2013-05-16 13:16:58','这个不是我发的吧','',0,52,0),(740,2,67,103,52,'2013-05-16 13:16:59','这个不是我发的吧','',0,52,0),(741,2,67,103,52,'2013-05-16 13:16:59','这个不是我发的吧','',0,52,0),(742,2,67,103,52,'2013-05-16 13:16:59','这个不是我发的吧','',0,52,0),(743,2,67,103,52,'2013-05-16 13:16:58','这个不是我发的吧','',0,52,0),(744,2,67,103,52,'2013-05-16 13:16:59','这个不是我发的吧','',0,52,0),(745,2,67,103,52,'2013-05-16 13:16:59','这个不是我发的吧','',0,52,0),(746,2,67,103,52,'2013-05-16 13:16:59','这个不是我发的吧','',0,52,0),(747,2,67,103,52,'2013-05-16 13:16:59','这个不是我发的吧','',0,52,0),(748,2,67,103,52,'2013-05-16 13:16:59','这个不是我发的吧','',0,52,0),(749,2,67,103,52,'2013-05-16 13:16:59','这个不是我发的吧','',0,52,0),(750,2,67,103,52,'2013-05-16 13:16:59','这个不是我发的吧','',0,52,0),(751,2,67,103,52,'2013-05-16 13:16:59','这个不是我发的吧','',0,52,0),(752,2,67,103,52,'2013-05-16 13:16:59','这个不是我发的吧','',0,52,0),(753,2,67,103,52,'2013-05-16 13:16:59','这个不是我发的吧','',0,52,0),(754,2,67,103,52,'2013-05-16 13:16:59','这个不是我发的吧','',0,52,0),(755,2,67,103,52,'2013-05-16 13:16:59','这个不是我发的吧','',0,52,0),(756,2,67,103,52,'2013-05-16 13:16:59','这个不是我发的吧','',0,52,0),(757,2,67,103,52,'2013-05-16 13:16:59','这个不是我发的吧','',0,52,0),(758,2,67,103,52,'2013-05-16 13:16:59','这个不是我发的吧','',0,52,0),(759,2,67,103,52,'2013-05-16 13:16:59','这个不是我发的吧','',0,52,0),(760,2,67,103,52,'2013-05-16 13:16:59','这个不是我发的吧','',0,52,0),(761,2,67,103,52,'2013-05-16 13:16:59','这个不是我发的吧','',0,52,0),(762,2,67,103,52,'2013-05-16 13:16:59','这个不是我发的吧','',0,52,0),(763,2,67,103,52,'2013-05-16 13:16:59','这个不是我发的吧','',0,52,0),(764,2,67,103,52,'2013-05-16 13:16:59','这个不是我发的吧','',0,52,0),(765,2,67,103,52,'2013-05-16 13:16:59','这个不是我发的吧','',0,52,0),(766,2,67,103,52,'2013-05-16 13:16:59','这个不是我发的吧','',0,52,0),(767,2,67,103,52,'2013-05-16 13:16:59','这个不是我发的吧','',0,52,0),(768,2,67,103,52,'2013-05-16 13:17:00','这个不是我发的吧','',0,52,0),(769,2,67,103,52,'2013-05-16 13:17:00','这个不是我发的吧','',0,52,0),(770,2,67,103,52,'2013-05-16 13:17:00','这个不是我发的吧','',0,52,0),(771,2,67,103,52,'2013-05-16 13:17:00','这个不是我发的吧','',0,52,0),(772,2,67,103,52,'2013-05-16 13:16:59','这个不是我发的吧','',0,52,0),(773,2,67,103,52,'2013-05-16 13:17:00','这个不是我发的吧','',0,52,0),(774,2,67,103,52,'2013-05-16 13:17:00','这个不是我发的吧','',0,52,0),(775,2,67,103,52,'2013-05-16 13:17:00','这个不是我发的吧','',0,52,0),(776,2,67,103,52,'2013-05-16 13:17:00','这个不是我发的吧','',0,52,0),(777,2,67,103,52,'2013-05-16 13:17:00','这个不是我发的吧','',0,52,0),(778,2,67,103,52,'2013-05-16 13:17:00','这个不是我发的吧','',0,52,0),(779,2,67,103,52,'2013-05-16 13:17:00','这个不是我发的吧','',0,52,0),(780,2,67,103,52,'2013-05-16 13:17:00','这个不是我发的吧','',0,52,0),(781,2,67,103,52,'2013-05-16 13:17:00','这个不是我发的吧','',0,52,0),(782,2,67,103,52,'2013-05-16 13:17:00','这个不是我发的吧','',0,52,0),(783,2,67,103,52,'2013-05-16 13:17:00','这个不是我发的吧','',0,52,0),(784,2,67,103,52,'2013-05-16 13:17:00','这个不是我发的吧','',0,52,0),(785,2,67,103,52,'2013-05-16 13:17:00','这个不是我发的吧','',0,52,0),(786,2,67,103,52,'2013-05-16 13:17:00','这个不是我发的吧','',0,52,0),(787,2,67,103,52,'2013-05-16 13:17:00','这个不是我发的吧','',0,52,0),(788,2,67,103,52,'2013-05-16 13:17:00','这个不是我发的吧','',0,52,0),(789,2,67,103,52,'2013-05-16 13:17:00','这个不是我发的吧','',0,52,0),(790,2,67,103,52,'2013-05-16 13:17:00','这个不是我发的吧','',0,52,0),(791,2,67,103,52,'2013-05-16 13:17:00','这个不是我发的吧','',0,52,0),(792,2,67,103,52,'2013-05-16 13:17:00','这个不是我发的吧','',0,52,0),(793,2,67,103,52,'2013-05-16 13:17:01','这个不是我发的吧','',0,52,0),(794,2,67,103,52,'2013-05-16 13:17:01','这个不是我发的吧','',0,52,0),(795,2,67,103,52,'2013-05-16 13:17:01','这个不是我发的吧','',0,52,0),(796,2,67,103,52,'2013-05-16 13:17:01','这个不是我发的吧','',0,52,0),(797,2,67,103,52,'2013-05-16 13:17:01','这个不是我发的吧','',0,52,0),(798,2,67,103,52,'2013-05-16 13:17:01','这个不是我发的吧','',0,52,0),(799,2,67,103,52,'2013-05-16 13:17:01','这个不是我发的吧','',0,52,0),(800,2,67,103,52,'2013-05-16 13:17:01','这个不是我发的吧','',0,52,0),(801,2,67,103,52,'2013-05-16 13:17:01','这个不是我发的吧','',0,52,0),(802,2,67,103,52,'2013-05-16 13:17:01','这个不是我发的吧','',0,52,0),(803,2,67,103,52,'2013-05-16 13:17:01','这个不是我发的吧','',0,52,0),(804,2,67,103,52,'2013-05-16 13:17:01','这个不是我发的吧','',0,52,0),(805,2,67,103,52,'2013-05-16 13:17:01','这个不是我发的吧','',0,52,0),(806,2,67,103,52,'2013-05-16 13:17:01','这个不是我发的吧','',0,52,0),(807,2,67,103,52,'2013-05-16 13:17:01','这个不是我发的吧','',0,52,0),(808,2,67,103,52,'2013-05-16 13:17:01','这个不是我发的吧','',0,52,0),(809,2,67,103,52,'2013-05-16 13:17:01','这个不是我发的吧','',0,52,0),(810,2,67,103,52,'2013-05-16 13:17:01','这个不是我发的吧','',0,52,0),(811,2,67,103,52,'2013-05-16 13:17:02','这个不是我发的吧','',0,52,0),(812,2,67,103,52,'2013-05-16 13:17:02','这个不是我发的吧','',0,52,0),(813,2,67,103,52,'2013-05-16 13:17:02','这个不是我发的吧','',0,52,0),(814,2,67,103,52,'2013-05-16 13:17:02','这个不是我发的吧','',0,52,0),(815,2,67,103,52,'2013-05-16 13:17:02','这个不是我发的吧','',0,52,0),(816,2,67,103,52,'2013-05-16 13:17:02','这个不是我发的吧','',0,52,0),(817,2,67,103,52,'2013-05-16 13:17:01','这个不是我发的吧','',0,52,0),(818,2,67,103,52,'2013-05-16 13:17:02','这个不是我发的吧','',0,52,0),(819,2,67,103,52,'2013-05-16 13:17:02','这个不是我发的吧','',0,52,0),(820,2,67,103,52,'2013-05-16 13:17:02','这个不是我发的吧','',0,52,0),(821,2,67,103,52,'2013-05-16 13:17:02','这个不是我发的吧','',0,52,0),(822,2,67,103,52,'2013-05-16 13:17:02','这个不是我发的吧','',0,52,0),(823,2,67,103,52,'2013-05-16 13:17:02','这个不是我发的吧','',0,52,0),(824,2,67,103,52,'2013-05-16 13:17:02','这个不是我发的吧','',0,52,0),(825,2,67,103,52,'2013-05-16 13:17:02','这个不是我发的吧','',0,52,0),(826,2,67,103,52,'2013-05-16 13:17:02','这个不是我发的吧','',0,52,0),(827,2,67,103,52,'2013-05-16 13:17:02','这个不是我发的吧','',0,52,0),(828,2,67,103,52,'2013-05-16 13:17:02','这个不是我发的吧','',0,52,0),(829,2,67,103,52,'2013-05-16 13:17:02','这个不是我发的吧','',0,52,0),(830,2,67,103,52,'2013-05-16 13:17:02','这个不是我发的吧','',0,52,0),(831,2,67,103,52,'2013-05-16 13:17:02','这个不是我发的吧','',0,52,0),(832,2,67,103,52,'2013-05-16 13:17:02','这个不是我发的吧','',0,52,0),(833,2,67,103,52,'2013-05-16 13:17:02','这个不是我发的吧','',0,52,0),(834,2,67,103,52,'2013-05-16 13:17:02','这个不是我发的吧','',0,52,0),(835,2,67,103,52,'2013-05-16 13:17:02','这个不是我发的吧','',0,52,0),(836,2,67,103,52,'2013-05-16 13:17:02','这个不是我发的吧','',0,52,0),(837,2,67,103,52,'2013-05-16 13:17:02','这个不是我发的吧','',0,52,0),(838,2,67,103,52,'2013-05-16 13:17:02','这个不是我发的吧','',0,52,0),(839,2,67,103,52,'2013-05-16 13:17:03','这个不是我发的吧','',0,52,0),(840,2,67,103,52,'2013-05-16 13:17:03','这个不是我发的吧','',0,52,0),(841,2,67,103,52,'2013-05-16 13:17:03','这个不是我发的吧','',0,52,0),(842,2,67,103,52,'2013-05-16 13:17:03','这个不是我发的吧','',0,52,0),(843,2,67,103,52,'2013-05-16 13:17:03','这个不是我发的吧','',0,52,0),(844,2,67,103,52,'2013-05-16 13:17:03','这个不是我发的吧','',0,52,0),(845,2,67,103,52,'2013-05-16 13:17:03','这个不是我发的吧','',0,52,0),(846,2,67,103,52,'2013-05-16 13:17:03','这个不是我发的吧','',0,52,0),(847,2,67,103,52,'2013-05-16 13:17:03','这个不是我发的吧','',0,52,0),(848,2,67,103,52,'2013-05-16 13:17:03','这个不是我发的吧','',0,52,0),(849,2,67,103,52,'2013-05-16 13:17:03','这个不是我发的吧','',0,52,0),(850,2,67,103,52,'2013-05-16 13:17:03','这个不是我发的吧','',0,52,0),(851,2,67,103,52,'2013-05-16 13:17:03','这个不是我发的吧','',0,52,0),(852,2,67,103,52,'2013-05-16 13:17:03','这个不是我发的吧','',0,52,0),(853,2,67,103,52,'2013-05-16 13:17:03','这个不是我发的吧','',0,52,0),(854,2,67,103,52,'2013-05-16 13:17:03','这个不是我发的吧','',0,52,0),(855,2,67,103,52,'2013-05-16 13:17:03','这个不是我发的吧','',0,52,0),(856,2,67,103,52,'2013-05-16 13:17:03','这个不是我发的吧','',0,52,0),(857,2,67,103,52,'2013-05-16 13:17:03','这个不是我发的吧','',0,52,0),(858,2,67,103,52,'2013-05-16 13:17:03','这个不是我发的吧','',0,52,0),(859,2,67,103,52,'2013-05-16 13:17:03','这个不是我发的吧','',0,52,0),(860,2,67,103,52,'2013-05-16 13:17:03','这个不是我发的吧','',0,52,0),(861,2,67,103,52,'2013-05-16 13:17:03','这个不是我发的吧','',0,52,0),(862,2,67,103,52,'2013-05-16 13:17:03','这个不是我发的吧','',0,52,0),(863,2,67,103,52,'2013-05-16 13:17:03','这个不是我发的吧','',0,52,0),(864,2,67,103,52,'2013-05-16 13:17:03','这个不是我发的吧','',0,52,0),(865,2,67,103,52,'2013-05-16 13:17:03','这个不是我发的吧','',0,52,0),(866,2,67,103,52,'2013-05-16 13:17:03','这个不是我发的吧','',0,52,0),(867,2,67,103,52,'2013-05-16 13:17:03','这个不是我发的吧','',0,52,0),(868,2,67,103,52,'2013-05-16 13:17:03','这个不是我发的吧','',0,52,0),(869,2,67,103,52,'2013-05-16 13:17:03','这个不是我发的吧','',0,52,0),(870,2,67,103,52,'2013-05-16 13:17:03','这个不是我发的吧','',0,52,0),(871,2,67,103,52,'2013-05-16 13:17:04','这个不是我发的吧','',0,52,0),(872,2,67,103,52,'2013-05-16 13:17:04','这个不是我发的吧','',0,52,0),(873,2,67,103,52,'2013-05-16 13:17:04','这个不是我发的吧','',0,52,0),(874,2,67,103,52,'2013-05-16 13:17:04','这个不是我发的吧','',0,52,0),(875,2,67,103,52,'2013-05-16 13:17:04','这个不是我发的吧','',0,52,0),(876,2,67,103,52,'2013-05-16 13:17:04','这个不是我发的吧','',0,52,0),(877,2,67,103,52,'2013-05-16 13:17:04','这个不是我发的吧','',0,52,0),(878,2,67,103,52,'2013-05-16 13:17:04','这个不是我发的吧','',0,52,0),(879,2,67,103,52,'2013-05-16 13:17:04','这个不是我发的吧','',0,52,0),(880,2,67,103,52,'2013-05-16 13:17:04','这个不是我发的吧','',0,52,0),(881,2,67,103,52,'2013-05-16 13:17:04','这个不是我发的吧','',0,52,0),(882,2,67,103,52,'2013-05-16 13:17:04','这个不是我发的吧','',0,52,0),(883,2,67,103,52,'2013-05-16 13:17:04','这个不是我发的吧','',0,52,0),(884,2,67,103,52,'2013-05-16 13:17:04','这个不是我发的吧','',0,52,0),(885,2,67,103,52,'2013-05-16 13:17:04','这个不是我发的吧','',0,52,0),(886,2,67,103,52,'2013-05-16 13:17:04','这个不是我发的吧','',0,52,0),(887,2,67,103,52,'2013-05-16 13:17:04','这个不是我发的吧','',0,52,0),(888,2,67,103,52,'2013-05-16 13:17:04','这个不是我发的吧','',0,52,0),(889,2,67,103,52,'2013-05-16 13:17:04','这个不是我发的吧','',0,52,0),(890,2,67,103,52,'2013-05-16 13:17:04','这个不是我发的吧','',0,52,0),(891,2,67,103,52,'2013-05-16 13:17:04','这个不是我发的吧','',0,52,0),(892,2,67,103,52,'2013-05-16 13:17:05','这个不是我发的吧','',0,52,0),(893,2,67,103,52,'2013-05-16 13:17:05','这个不是我发的吧','',0,52,0),(894,2,67,103,52,'2013-05-16 13:17:05','这个不是我发的吧','',0,52,0),(895,2,67,103,52,'2013-05-16 13:17:05','这个不是我发的吧','',0,52,0),(896,2,67,103,52,'2013-05-16 13:17:05','这个不是我发的吧','',0,52,0),(897,2,67,103,52,'2013-05-16 13:17:05','这个不是我发的吧','',0,52,0),(898,2,67,103,52,'2013-05-16 13:17:05','这个不是我发的吧','',0,52,0),(899,2,67,103,52,'2013-05-16 13:17:05','这个不是我发的吧','',0,52,0),(900,2,67,103,52,'2013-05-16 13:17:05','这个不是我发的吧','',0,52,0),(901,2,67,103,52,'2013-05-16 13:17:05','这个不是我发的吧','',0,52,0),(902,2,67,103,52,'2013-05-16 13:17:05','这个不是我发的吧','',0,52,0),(903,2,67,103,52,'2013-05-16 13:17:05','这个不是我发的吧','',0,52,0),(904,2,67,103,52,'2013-05-16 13:17:05','这个不是我发的吧','',0,52,0),(905,2,67,103,52,'2013-05-16 13:17:05','这个不是我发的吧','',0,52,0),(906,2,67,103,52,'2013-05-16 13:17:05','这个不是我发的吧','',0,52,0),(907,2,67,103,52,'2013-05-16 13:17:05','这个不是我发的吧','',0,52,0),(908,2,67,103,52,'2013-05-16 13:17:05','这个不是我发的吧','',0,52,0),(909,2,67,103,52,'2013-05-16 13:17:05','这个不是我发的吧','',0,52,0),(910,2,67,103,52,'2013-05-16 13:17:05','这个不是我发的吧','',0,52,0),(911,2,67,103,52,'2013-05-16 13:17:05','这个不是我发的吧','',0,52,0),(912,2,67,103,52,'2013-05-16 13:17:05','这个不是我发的吧','',0,52,0),(913,2,67,103,52,'2013-05-16 13:17:05','这个不是我发的吧','',0,52,0),(914,2,67,103,52,'2013-05-16 13:17:06','这个不是我发的吧','',0,52,0),(915,2,67,103,52,'2013-05-16 13:17:06','这个不是我发的吧','',0,52,0),(916,2,67,103,52,'2013-05-16 13:17:06','这个不是我发的吧','',0,52,0),(917,2,67,103,52,'2013-05-16 13:17:06','这个不是我发的吧','',0,52,0),(918,2,67,103,52,'2013-05-16 13:17:06','这个不是我发的吧','',0,52,0),(919,2,67,103,52,'2013-05-16 13:17:06','这个不是我发的吧','',0,52,0),(920,2,67,103,52,'2013-05-16 13:17:06','这个不是我发的吧','',0,52,0),(921,2,67,103,52,'2013-05-16 13:17:06','这个不是我发的吧','',0,52,0),(922,2,67,103,52,'2013-05-16 13:17:06','这个不是我发的吧','',0,52,0),(923,2,67,103,52,'2013-05-16 13:17:06','这个不是我发的吧','',0,52,0),(924,2,67,103,52,'2013-05-16 13:17:06','这个不是我发的吧','',0,52,0),(925,2,67,103,52,'2013-05-16 13:17:06','这个不是我发的吧','',0,52,0),(926,2,67,103,52,'2013-05-16 13:17:06','这个不是我发的吧','',0,52,0),(927,2,67,103,52,'2013-05-16 13:17:06','这个不是我发的吧','',0,52,0),(928,2,67,103,52,'2013-05-16 13:17:06','这个不是我发的吧','',0,52,0),(929,2,67,103,52,'2013-05-16 13:17:06','这个不是我发的吧','',0,52,0),(930,2,67,103,52,'2013-05-16 13:17:06','这个不是我发的吧','',0,52,0),(931,2,67,103,52,'2013-05-16 13:17:06','这个不是我发的吧','',0,52,0),(932,2,67,103,52,'2013-05-16 13:17:06','这个不是我发的吧','',0,52,0),(933,2,67,103,52,'2013-05-16 13:17:06','这个不是我发的吧','',0,52,0),(934,2,67,103,52,'2013-05-16 13:17:06','这个不是我发的吧','',0,52,0),(935,2,67,103,52,'2013-05-16 13:17:06','这个不是我发的吧','',0,52,0),(936,2,67,103,52,'2013-05-16 13:17:06','这个不是我发的吧','',0,52,0),(937,2,67,103,52,'2013-05-16 13:17:07','这个不是我发的吧','',0,52,0),(938,2,67,103,52,'2013-05-16 13:17:07','这个不是我发的吧','',0,52,0),(939,2,67,103,52,'2013-05-16 13:17:07','这个不是我发的吧','',0,52,0),(940,2,67,103,52,'2013-05-16 13:17:07','这个不是我发的吧','',0,52,0),(941,2,67,103,52,'2013-05-16 13:17:07','这个不是我发的吧','',0,52,0),(942,2,67,103,52,'2013-05-16 13:17:07','这个不是我发的吧','',0,52,0),(943,2,67,103,52,'2013-05-16 13:17:07','这个不是我发的吧','',0,52,0),(944,2,67,103,52,'2013-05-16 13:17:07','这个不是我发的吧','',0,52,0),(945,2,67,103,52,'2013-05-16 13:17:07','这个不是我发的吧','',0,52,0),(946,2,67,103,52,'2013-05-16 13:17:07','这个不是我发的吧','',0,52,0),(947,2,67,103,52,'2013-05-16 13:17:07','这个不是我发的吧','',0,52,0),(948,2,67,103,52,'2013-05-16 13:17:07','这个不是我发的吧','',0,52,0),(949,2,67,103,52,'2013-05-16 13:17:07','这个不是我发的吧','',0,52,0),(950,2,67,103,52,'2013-05-16 13:17:07','这个不是我发的吧','',0,52,0),(951,2,67,103,52,'2013-05-16 13:17:07','这个不是我发的吧','',0,52,0),(952,2,67,103,52,'2013-05-16 13:17:07','这个不是我发的吧','',0,52,0),(953,2,67,103,52,'2013-05-16 13:21:48','这个不是我发的吧','',0,52,0),(954,2,67,103,52,'2013-05-16 13:21:50','这个不是我发的吧','',0,52,0),(955,2,67,103,52,'2013-05-16 13:21:50','这个不是我发的吧','',0,52,0),(956,2,67,103,52,'2013-05-16 13:21:50','这个不是我发的吧','',0,52,0),(957,2,67,103,52,'2013-05-16 13:21:50','这个不是我发的吧','',0,52,0),(958,2,67,103,52,'2013-05-16 13:21:50','这个不是我发的吧','',0,52,0),(959,2,67,103,52,'2013-05-16 13:21:50','这个不是我发的吧','',0,52,0),(960,2,67,103,52,'2013-05-16 13:21:50','这个不是我发的吧','',0,52,0),(961,2,67,103,52,'2013-05-16 13:21:50','这个不是我发的吧','',0,52,0),(962,2,67,103,52,'2013-05-16 13:21:50','这个不是我发的吧','',0,52,0),(963,2,67,103,52,'2013-05-16 13:21:50','这个不是我发的吧','',0,52,0),(964,2,67,103,52,'2013-05-16 13:21:50','这个不是我发的吧','',0,52,0),(965,2,67,103,52,'2013-05-16 13:21:50','这个不是我发的吧','',0,52,0),(966,2,67,103,52,'2013-05-16 13:21:50','这个不是我发的吧','',0,52,0),(967,2,67,103,52,'2013-05-16 13:21:51','这个不是我发的吧','',0,52,0),(968,2,67,103,52,'2013-05-16 13:21:51','这个不是我发的吧','',0,52,0),(969,2,67,103,52,'2013-05-16 13:21:51','这个不是我发的吧','',0,52,0),(970,2,67,103,52,'2013-05-16 13:21:51','这个不是我发的吧','',0,52,0),(971,2,67,103,52,'2013-05-16 13:21:51','这个不是我发的吧','',0,52,0),(972,2,67,103,52,'2013-05-16 13:21:51','这个不是我发的吧','',0,52,0),(973,2,67,103,52,'2013-05-16 13:21:51','这个不是我发的吧','',0,52,0),(974,2,67,103,52,'2013-05-16 13:21:51','这个不是我发的吧','',0,52,0),(975,2,67,103,52,'2013-05-16 13:21:51','这个不是我发的吧','',0,52,0),(976,2,67,103,52,'2013-05-16 13:21:51','这个不是我发的吧','',0,52,0),(977,2,67,103,52,'2013-05-16 13:21:51','这个不是我发的吧','',0,52,0),(978,2,67,103,52,'2013-05-16 13:21:51','这个不是我发的吧','',0,52,0),(979,2,67,103,52,'2013-05-16 13:21:51','这个不是我发的吧','',0,52,0),(980,2,67,103,52,'2013-05-16 13:21:51','这个不是我发的吧','',0,52,0),(981,2,67,103,52,'2013-05-16 13:21:51','这个不是我发的吧','',0,52,0),(982,2,67,103,52,'2013-05-16 13:21:51','这个不是我发的吧','',0,52,0),(983,2,67,103,52,'2013-05-16 13:21:51','这个不是我发的吧','',0,52,0),(984,2,67,103,52,'2013-05-16 13:21:51','这个不是我发的吧','',0,52,0),(985,2,67,103,52,'2013-05-16 13:21:51','这个不是我发的吧','',0,52,0),(986,2,67,103,52,'2013-05-16 13:21:51','这个不是我发的吧','',0,52,0),(987,2,67,103,52,'2013-05-16 13:21:51','这个不是我发的吧','',0,52,0),(988,2,67,103,52,'2013-05-16 13:21:51','这个不是我发的吧','',0,52,0),(989,2,67,103,52,'2013-05-16 13:21:52','这个不是我发的吧','',0,52,0),(990,2,67,103,52,'2013-05-16 13:21:52','这个不是我发的吧','',0,52,0),(991,2,67,103,52,'2013-05-16 13:21:52','这个不是我发的吧','',0,52,0),(992,2,67,103,52,'2013-05-16 13:21:52','这个不是我发的吧','',0,52,0),(993,2,67,103,52,'2013-05-16 13:21:52','这个不是我发的吧','',0,52,0),(994,2,67,103,52,'2013-05-16 13:21:51','这个不是我发的吧','',0,52,0),(995,2,67,103,52,'2013-05-16 13:21:52','这个不是我发的吧','',0,52,0),(996,2,67,103,52,'2013-05-16 13:21:52','这个不是我发的吧','',0,52,0),(997,2,67,103,52,'2013-05-16 13:21:52','这个不是我发的吧','',0,52,0),(998,2,67,103,52,'2013-05-16 13:21:52','这个不是我发的吧','',0,52,0),(999,2,67,103,52,'2013-05-16 13:21:52','这个不是我发的吧','',0,52,0),(1000,2,67,103,52,'2013-05-16 13:21:52','这个不是我发的吧','',0,52,0),(1001,2,67,103,52,'2013-05-16 13:21:52','这个不是我发的吧','',0,52,0),(1002,2,67,103,52,'2013-05-16 13:21:52','这个不是我发的吧','',0,52,0),(1003,2,67,103,52,'2013-05-16 13:21:52','这个不是我发的吧','',0,52,0),(1004,2,67,103,52,'2013-05-16 13:21:52','这个不是我发的吧','',0,52,0),(1005,2,67,103,52,'2013-05-16 13:21:52','这个不是我发的吧','',0,52,0),(1006,2,67,103,52,'2013-05-16 13:21:52','这个不是我发的吧','',0,52,0),(1007,2,67,103,52,'2013-05-16 13:21:52','这个不是我发的吧','',0,52,0),(1008,2,67,103,52,'2013-05-16 13:21:52','这个不是我发的吧','',0,52,0),(1009,2,67,103,52,'2013-05-16 13:21:52','这个不是我发的吧','',0,52,0),(1010,2,67,103,52,'2013-05-16 13:21:52','这个不是我发的吧','',0,52,0),(1011,2,67,103,52,'2013-05-16 13:21:52','这个不是我发的吧','',0,52,0),(1012,2,67,103,52,'2013-05-16 13:21:52','这个不是我发的吧','',0,52,0),(1013,2,67,103,52,'2013-05-16 13:21:53','这个不是我发的吧','',0,52,0),(1014,2,67,103,52,'2013-05-16 13:21:53','这个不是我发的吧','',0,52,0),(1015,2,67,103,52,'2013-05-16 13:21:53','这个不是我发的吧','',0,52,0),(1016,2,67,103,52,'2013-05-16 13:21:53','这个不是我发的吧','',0,52,0),(1017,2,67,103,52,'2013-05-16 13:21:53','这个不是我发的吧','',0,52,0),(1018,2,67,103,52,'2013-05-16 13:21:54','这个不是我发的吧','',0,52,0),(1019,2,67,103,52,'2013-05-16 13:21:54','这个不是我发的吧','',0,52,0),(1020,2,67,103,52,'2013-05-16 13:21:54','这个不是我发的吧','',0,52,0),(1021,2,67,103,52,'2013-05-16 13:21:54','这个不是我发的吧','',0,52,0),(1022,2,67,103,52,'2013-05-16 13:21:54','这个不是我发的吧','',0,52,0),(1023,2,67,103,52,'2013-05-16 13:21:54','这个不是我发的吧','',0,52,0),(1024,2,67,103,52,'2013-05-16 13:21:54','这个不是我发的吧','',0,52,0),(1025,2,67,103,52,'2013-05-16 13:21:54','这个不是我发的吧','',0,52,0),(1026,2,67,103,52,'2013-05-16 13:21:54','这个不是我发的吧','',0,52,0),(1027,2,67,103,52,'2013-05-16 13:21:54','这个不是我发的吧','',0,52,0),(1028,2,67,103,52,'2013-05-16 13:21:54','这个不是我发的吧','',0,52,0),(1029,2,67,103,52,'2013-05-16 13:21:54','这个不是我发的吧','',0,52,0),(1030,2,67,103,52,'2013-05-16 13:21:54','这个不是我发的吧','',0,52,0),(1031,2,67,103,52,'2013-05-16 13:21:54','这个不是我发的吧','',0,52,0),(1032,2,67,103,52,'2013-05-16 13:21:54','这个不是我发的吧','',0,52,0),(1033,2,67,103,52,'2013-05-16 13:21:54','这个不是我发的吧','',0,52,0),(1034,2,67,103,52,'2013-05-16 13:21:54','这个不是我发的吧','',0,52,0),(1035,2,67,103,52,'2013-05-16 13:21:54','这个不是我发的吧','',0,52,0),(1036,2,67,103,52,'2013-05-16 13:21:54','这个不是我发的吧','',0,52,0),(1037,2,67,103,52,'2013-05-16 13:21:54','这个不是我发的吧','',0,52,0),(1038,2,67,103,52,'2013-05-16 13:21:54','这个不是我发的吧','',0,52,0),(1039,2,67,103,52,'2013-05-16 13:21:54','这个不是我发的吧','',0,52,0),(1040,2,67,103,52,'2013-05-16 13:21:55','这个不是我发的吧','',0,52,0),(1041,2,67,103,52,'2013-05-16 13:21:54','这个不是我发的吧','',0,52,0),(1042,2,67,103,52,'2013-05-16 13:21:55','这个不是我发的吧','',0,52,0),(1043,2,67,103,52,'2013-05-16 13:21:54','这个不是我发的吧','',0,52,0),(1044,2,67,103,52,'2013-05-16 13:21:55','这个不是我发的吧','',0,52,0),(1045,2,67,103,52,'2013-05-16 13:21:55','这个不是我发的吧','',0,52,0),(1046,2,67,103,52,'2013-05-16 13:21:55','这个不是我发的吧','',0,52,0),(1047,2,67,103,52,'2013-05-16 13:21:55','这个不是我发的吧','',0,52,0),(1048,2,67,103,52,'2013-05-16 13:21:55','这个不是我发的吧','',0,52,0),(1049,2,67,103,52,'2013-05-16 13:21:55','这个不是我发的吧','',0,52,0),(1050,2,67,103,52,'2013-05-16 13:21:55','这个不是我发的吧','',0,52,0),(1051,2,67,103,52,'2013-05-16 13:21:55','这个不是我发的吧','',0,52,0),(1052,2,67,103,52,'2013-05-16 13:21:55','这个不是我发的吧','',0,52,0),(1053,2,67,103,52,'2013-05-16 13:21:54','这个不是我发的吧','',0,52,0),(1054,2,67,103,52,'2013-05-16 13:21:55','这个不是我发的吧','',0,52,0),(1055,2,67,103,52,'2013-05-16 13:21:55','这个不是我发的吧','',0,52,0),(1056,2,67,103,52,'2013-05-16 13:21:55','这个不是我发的吧','',0,52,0),(1057,2,67,103,52,'2013-05-16 13:21:55','这个不是我发的吧','',0,52,0),(1058,2,67,103,52,'2013-05-16 13:21:55','这个不是我发的吧','',0,52,0),(1059,2,67,103,52,'2013-05-16 13:21:55','这个不是我发的吧','',0,52,0),(1060,2,67,103,52,'2013-05-16 13:21:55','这个不是我发的吧','',0,52,0),(1061,2,67,103,52,'2013-05-16 13:21:55','这个不是我发的吧','',0,52,0),(1062,2,67,103,52,'2013-05-16 13:21:55','这个不是我发的吧','',0,52,0),(1063,2,67,103,52,'2013-05-16 13:21:56','这个不是我发的吧','',0,52,0),(1064,2,67,103,52,'2013-05-16 13:21:56','这个不是我发的吧','',0,52,0),(1065,2,67,103,52,'2013-05-16 13:21:56','这个不是我发的吧','',0,52,0),(1066,2,67,103,52,'2013-05-16 13:21:56','这个不是我发的吧','',0,52,0),(1067,2,67,103,52,'2013-05-16 13:21:56','这个不是我发的吧','',0,52,0),(1068,2,67,103,52,'2013-05-16 13:21:56','这个不是我发的吧','',0,52,0),(1069,2,67,103,52,'2013-05-16 13:21:56','这个不是我发的吧','',0,52,0),(1070,2,67,103,52,'2013-05-16 13:21:56','这个不是我发的吧','',0,52,0),(1071,2,67,103,52,'2013-05-16 13:21:56','这个不是我发的吧','',0,52,0),(1072,2,67,103,52,'2013-05-16 13:21:56','这个不是我发的吧','',0,52,0),(1073,2,67,103,52,'2013-05-16 13:21:56','这个不是我发的吧','',0,52,0),(1074,2,67,103,52,'2013-05-16 13:21:57','这个不是我发的吧','',0,52,0),(1075,2,67,103,52,'2013-05-16 13:21:56','这个不是我发的吧','',0,52,0),(1076,2,67,103,52,'2013-05-16 13:21:56','这个不是我发的吧','',0,52,0),(1077,2,67,103,52,'2013-05-16 13:21:57','这个不是我发的吧','',0,52,0),(1078,2,67,103,52,'2013-05-16 13:21:56','这个不是我发的吧','',0,52,0),(1079,2,67,103,52,'2013-05-16 13:21:57','这个不是我发的吧','',0,52,0),(1080,2,67,103,52,'2013-05-16 13:21:57','这个不是我发的吧','',0,52,0),(1081,2,67,103,52,'2013-05-16 13:21:57','这个不是我发的吧','',0,52,0),(1082,2,67,103,52,'2013-05-16 13:21:57','这个不是我发的吧','',0,52,0),(1083,2,67,103,52,'2013-05-16 13:21:57','这个不是我发的吧','',0,52,0),(1084,2,67,103,52,'2013-05-16 13:21:57','这个不是我发的吧','',0,52,0),(1085,2,67,103,52,'2013-05-16 13:21:57','这个不是我发的吧','',0,52,0),(1086,2,67,103,52,'2013-05-16 13:21:57','这个不是我发的吧','',0,52,0),(1087,2,67,103,52,'2013-05-16 13:21:57','这个不是我发的吧','',0,52,0),(1088,2,67,103,52,'2013-05-16 13:21:57','这个不是我发的吧','',0,52,0),(1089,2,67,103,52,'2013-05-16 13:21:57','这个不是我发的吧','',0,52,0),(1090,2,67,103,52,'2013-05-16 13:21:57','这个不是我发的吧','',0,52,0),(1091,2,67,103,52,'2013-05-16 13:21:57','这个不是我发的吧','',0,52,0),(1092,2,67,103,52,'2013-05-16 13:21:58','这个不是我发的吧','',0,52,0),(1093,2,67,103,52,'2013-05-16 13:21:57','这个不是我发的吧','',0,52,0),(1094,2,67,103,52,'2013-05-16 13:21:58','这个不是我发的吧','',0,52,0),(1095,2,67,103,52,'2013-05-16 13:21:58','这个不是我发的吧','',0,52,0),(1096,2,67,103,52,'2013-05-16 13:21:57','这个不是我发的吧','',0,52,0),(1097,2,67,103,52,'2013-05-16 13:21:57','这个不是我发的吧','',0,52,0),(1098,2,67,103,52,'2013-05-16 13:21:58','这个不是我发的吧','',0,52,0),(1099,2,67,103,52,'2013-05-16 13:21:58','这个不是我发的吧','',0,52,0),(1100,2,67,103,52,'2013-05-16 13:21:58','这个不是我发的吧','',0,52,0),(1101,2,67,103,52,'2013-05-16 13:21:58','这个不是我发的吧','',0,52,0),(1102,2,67,103,52,'2013-05-16 13:21:58','这个不是我发的吧','',0,52,0),(1103,2,67,103,52,'2013-05-16 13:21:58','这个不是我发的吧','',0,52,0),(1104,2,67,103,52,'2013-05-16 13:21:58','这个不是我发的吧','',0,52,0),(1105,2,67,103,52,'2013-05-16 13:21:58','这个不是我发的吧','',0,52,0),(1106,2,67,103,52,'2013-05-16 13:21:58','这个不是我发的吧','',0,52,0),(1107,2,67,103,52,'2013-05-16 13:21:58','这个不是我发的吧','',0,52,0),(1108,2,67,103,52,'2013-05-16 13:21:58','这个不是我发的吧','',0,52,0),(1109,2,67,103,52,'2013-05-16 13:21:58','这个不是我发的吧','',0,52,0),(1110,2,67,103,52,'2013-05-16 13:21:58','这个不是我发的吧','',0,52,0),(1111,2,67,103,52,'2013-05-16 13:21:58','这个不是我发的吧','',0,52,0),(1112,2,67,103,52,'2013-05-16 13:21:59','这个不是我发的吧','',0,52,0),(1113,2,67,103,52,'2013-05-16 13:21:59','这个不是我发的吧','',0,52,0),(1114,2,67,103,52,'2013-05-16 13:21:59','这个不是我发的吧','',0,52,0),(1115,2,67,103,52,'2013-05-16 13:21:59','这个不是我发的吧','',0,52,0),(1116,2,67,103,52,'2013-05-16 13:21:59','这个不是我发的吧','',0,52,0),(1117,2,67,103,52,'2013-05-16 13:21:59','这个不是我发的吧','',0,52,0),(1118,2,67,103,52,'2013-05-16 13:21:59','这个不是我发的吧','',0,52,0),(1119,2,67,103,52,'2013-05-16 13:21:59','这个不是我发的吧','',0,52,0),(1120,2,67,103,52,'2013-05-16 13:21:59','这个不是我发的吧','',0,52,0),(1121,2,67,103,52,'2013-05-16 13:21:59','这个不是我发的吧','',0,52,0),(1122,2,67,103,52,'2013-05-16 13:21:59','这个不是我发的吧','',0,52,0),(1123,2,67,103,52,'2013-05-16 13:21:59','这个不是我发的吧','',0,52,0),(1124,2,67,103,52,'2013-05-16 13:21:59','这个不是我发的吧','',0,52,0),(1125,2,67,103,52,'2013-05-16 13:21:59','这个不是我发的吧','',0,52,0),(1126,2,67,103,52,'2013-05-16 13:21:59','这个不是我发的吧','',0,52,0),(1127,2,49,103,53,'2013-05-16 13:23:41','11111','',0,53,0),(1128,2,49,103,53,'2013-05-16 13:23:43','11111','',0,53,0),(1129,2,66,103,2,'2013-05-16 13:40:33','a','',0,2,0),(1131,2,59,103,2,'2013-05-16 13:41:50','sssssssssssssss','',0,2,0),(1132,2,63,103,2,'2013-05-16 13:42:36','hg','',0,51,0),(1133,2,67,103,40,'2013-05-16 14:16:23','撒旦法撒斯蒂芬撒发射点发','',0,52,0),(1134,2,66,103,40,'2013-05-16 14:18:06','斯蒂芬森斯蒂芬森的！','',0,2,0),(1135,2,66,103,40,'2013-05-16 14:22:44','sdfsdaffsdf','',0,2,0),(1136,2,72,103,48,'2013-05-16 14:36:24','11111111111','',0,30,0),(1137,2,64,103,51,'2013-05-16 14:46:42','wwww','',0,51,0),(1138,2,64,103,51,'2013-05-16 14:46:48','dddd','',0,51,0),(1139,2,11,103,51,'2013-05-16 14:59:27','fdfgdfdfdfdffd','',0,2,0),(1140,2,81,103,2,'2013-05-16 15:32:41','这是在哪儿发的啊？','',0,51,0),(1141,2,18,107,48,'2013-05-16 15:45:36','在','',0,48,0),(1152,2,11,103,51,'2013-05-17 08:53:46','哈哈哈','',0,2,0),(1156,2,130,103,40,'2013-05-17 14:01:26','撒旦撒旦！','',0,0,0),(1161,2,130,103,40,'2013-05-17 14:26:44','嗲似的发<br>','',0,0,0),(1165,2,11,103,51,'2013-05-17 14:35:14','5555','',0,0,0),(1166,2,131,103,51,'2013-05-17 14:36:14','<img ele_role=\"need\" title=\"嘻嘻\" alt=\"嘻嘻\" src=\"/images/face/tootha_thumb.gif\">','',0,0,0),(1167,2,132,103,51,'2013-05-17 14:37:20','<img ele_role=\"need\" title=\"神马\" alt=\"神马\" src=\"/images/face/horse2_thumb.gif\">','',0,0,0),(1168,2,133,103,51,'2013-05-17 14:37:57','<img ele_role=\"need\" title=\"打哈欠\" alt=\"打哈欠\" src=\"/images/face/k_thumb.gif\">','',0,0,0),(1169,2,134,103,51,'2013-05-17 14:38:50','@<img ele_role=\"need\" title=\"围观\" alt=\"围观\" src=\"/images/face/wg_thumb.gif\">','',0,0,0),(1170,2,110,103,51,'2013-05-17 14:44:28','<img ele_role=\"need\" title=\"哈哈\" alt=\"哈哈\" src=\"/images/face/laugh.gif\">','',0,0,0),(1171,2,130,103,40,'2013-05-17 14:45:22','第三方！','',0,0,0),(1172,2,130,103,40,'2013-05-17 14:45:45','点点滴滴','',0,0,0),(1173,2,137,103,40,'2013-05-17 15:33:41','@翟延彬 dsf <br>','',0,0,0),(1174,2,137,103,51,'2013-05-17 15:57:55','www','',0,0,0),(1175,2,135,103,51,'2013-05-17 15:58:17','rrrr','',0,0,0),(1176,2,137,103,40,'2013-05-17 16:06:31','dddddddddddddddddddddd','',0,0,0),(1177,2,137,103,40,'2013-05-17 16:15:18','定时发送到对方是否对<img ele_role=\"need\" title=\"哈哈\" alt=\"哈哈\" src=\"/images/face/laugh.gif\">','',0,0,0),(1178,2,257,109,51,'2013-05-20 10:13:47','哈哈哈哈','\0',0,0,0),(1179,2,135,103,51,'2013-05-20 10:41:23','顶顶顶','',0,0,0),(1180,2,140,103,51,'2013-05-20 11:17:54','ee&nbsp;','',0,0,0),(1181,2,151,103,2,'2013-05-21 10:41:52','加油！','',0,0,0),(1182,2,260,109,53,'2013-05-22 09:15:28','sdsds','\0',0,0,0),(1183,2,261,109,53,'2013-05-22 11:17:39','1','\0',0,0,0);
/*!40000 ALTER TABLE `tb_reply` ENABLE KEYS */;
UNLOCK TABLES;

--
-- Table structure for table `tb_resource`
--

DROP TABLE IF EXISTS `tb_resource`;
/*!40101 SET @saved_cs_client     = @@character_set_client */;
/*!40101 SET character_set_client = utf8 */;
CREATE TABLE `tb_resource` (
  `id` int(11) NOT NULL AUTO_INCREMENT,
  `name` varchar(64) NOT NULL DEFAULT '' COMMENT '描述',
  `checksum` varchar(32) NOT NULL DEFAULT '' COMMENT 'md4校验码',
  `url` varchar(128) NOT NULL DEFAULT '' COMMENT '引用地址',
  `refcount` tinyint(4) NOT NULL DEFAULT '0' COMMENT '引用次数',
  `filetype` varchar(32) NOT NULL DEFAULT '' COMMENT '文件类型',
  `size` int(11) NOT NULL DEFAULT '0' COMMENT '大小',
  `createtime` datetime NOT NULL DEFAULT '0000-00-00 00:00:00' COMMENT '创建时间',
  `status` tinyint(4) NOT NULL DEFAULT '1' COMMENT '状态 1永久保存',
  PRIMARY KEY (`id`)
) ENGINE=MyISAM AUTO_INCREMENT=337 DEFAULT CHARSET=utf8;
/*!40101 SET character_set_client = @saved_cs_client */;

--
-- Dumping data for table `tb_resource`
--

LOCK TABLES `tb_resource` WRITE;
/*!40000 ALTER TABLE `tb_resource` DISABLE KEYS */;
INSERT INTO `tb_resource` VALUES (1,'qq截图20130412130747','','201304/12/1365743413m7Yp.png',0,'',0,'2013-04-12 13:10:13',1),(2,'qq截图20130412130747','','201304/12/1365743413Y3qq.png',0,'',0,'2013-04-12 13:10:13',1),(3,'qq截图20130412130747','','201304/12/1365743485DuIC.png',0,'',0,'2013-04-12 13:11:25',1),(6,'tulips','','201304/15/1366010468UW3R.jpg',0,'',0,'2013-04-15 15:21:10',1),(7,'rrrr','','201304/16/1366102458Y6pw.jpg',0,'jpg',2232,'2013-04-16 16:54:19',1),(8,'rrrr','','201304/16/1366102539lMMM.jpg',0,'jpg',2232,'2013-04-16 16:55:40',1),(9,'rrrr','','201304/16/136610286786KM.jpg',0,'jpg',2232,'2013-04-16 17:01:08',1),(12,'rrrr','','201304/17/1366160535FAPh.jpg',0,'jpg',2232,'2013-04-17 09:02:16',1),(13,'rrrr','','201304/17/1366160733O8g7.jpg',0,'jpg',2232,'2013-04-17 09:05:35',1),(14,'rrrr','','201304/17/1366160917Yu4t.jpg',0,'jpg',2232,'2013-04-17 09:08:38',1),(17,'1346381822v4qm.jpg.thumb','','201304/17/1366175014o4mM.jpg',0,'jpg',1589,'2013-04-17 13:03:36',1),(18,'1346381822v4qm.jpg.thumb','','201304/17/1366175141MuEr.jpg',0,'jpg',1589,'2013-04-17 13:05:42',1),(19,'rrrr','','201304/17/1366178802HsZL.jpg',0,'jpg',2232,'2013-04-17 14:06:44',1),(20,'1346381822v4qm.jpg.thumb','','201304/17/1366180526DSrs.jpg',0,'jpg',1589,'2013-04-17 14:35:53',1),(21,'rrrr','','201304/17/1366180553X6d4.jpg',0,'jpg',2232,'2013-04-17 14:35:54',1),(22,'1346381822v4qm.jpg.thumb','','201304/17/1366180713i8bp.jpg',0,'jpg',1589,'2013-04-17 14:38:37',1),(23,'rrrr','','201304/17/13661807176bdd.jpg',0,'jpg',2232,'2013-04-17 14:38:43',1),(24,'1346381822v4qm.jpg.thumb','','201304/17/1366180940f9qe.jpg',0,'jpg',1589,'2013-04-17 14:42:22',1),(25,'1346381822v4qm.jpg.thumb','','201304/17/1366181029s6b7.jpg',0,'jpg',1589,'2013-04-17 14:43:57',1),(26,'1346381822v4qm.jpg.thumb','','201304/17/1366182695JllC.jpg',0,'jpg',1589,'2013-04-17 15:11:45',1),(27,'group_bj','','201304/17/13661827059gV5.png',0,'png',99621,'2013-04-17 15:12:01',1),(28,'rrrr','','201304/18/1366271499XKSI.jpg',0,'jpg',2232,'2013-04-18 15:51:40',1),(29,'rrrr','','201304/18/1366271533P61t.jpg',0,'jpg',2232,'2013-04-18 15:52:15',1),(30,'rrrr','','201304/18/1366271586if77.jpg',0,'jpg',2232,'2013-04-18 15:53:07',1),(31,'rrrr','','201304/18/1366272256svxx.jpg',0,'jpg',2232,'2013-04-18 16:04:18',1),(32,'rrrr','','201304/18/1366272308ODWB.jpg',0,'jpg',2232,'2013-04-18 16:05:10',1),(33,'rrrr','','201304/18/1366272390N493.jpg',0,'jpg',2232,'2013-04-18 16:06:31',1),(34,'logo140','','201304/18/1366272427PO89.jpg',0,'jpg',9075,'2013-04-18 16:07:09',1),(35,'自行车','','201304/18/1366272470V64x.jpg',0,'jpg',9768,'2013-04-18 16:07:51',1),(36,'rrrr','','201304/18/1366274219915S.jpg',0,'jpg',2232,'2013-04-18 16:37:01',1),(37,'自行车','','201304/18/1366289165pNVp.jpg',0,'jpg',9768,'2013-04-18 20:46:07',1),(38,'logo140','','201304/19/13663320883ygI.jpg',0,'jpg',9075,'2013-04-19 08:41:29',1),(39,'logo140','','201304/19/136633435989e0.jpg',0,'jpg',9075,'2013-04-19 09:19:21',1),(40,'身边的感动','','201304/19/1366340422z4VZ.jpg',0,'jpg',97424,'2013-04-19 11:00:24',1),(41,'身边的感动','','201304/19/1366342282DjBB.jpg',0,'jpg',97424,'2013-04-19 11:31:24',1),(42,'logo140','','201304/19/1366353148alfg.jpg',0,'jpg',9075,'2013-04-19 14:32:30',1),(43,'logo140','','201304/19/1366353211tqAf.jpg',0,'jpg',9075,'2013-04-19 14:33:32',1),(44,'2','','201304/19/1366357859uDTX.jpg',0,'jpg',606410,'2013-04-19 15:51:02',1),(45,'3','','201304/19/136635786350Kh.jpg',0,'jpg',591709,'2013-04-19 15:51:05',1),(46,'4','','201304/19/1366357867T8Dz.jpg',0,'jpg',1158708,'2013-04-19 15:51:09',1),(47,'5','','201304/19/1366357871RN9s.jpg',0,'jpg',1132178,'2013-04-19 15:51:14',1),(48,'06e7f2b102674047092302a4','','201304/19/1366357876aDMt.jpg',0,'jpg',226620,'2013-04-19 15:51:18',1),(49,'6','','201304/19/1366357879jN80.jpg',0,'jpg',679622,'2013-04-19 15:51:21',1),(50,'4','','201304/19/1366358442GR95.jpg',0,'jpg',1158708,'2013-04-19 16:00:45',1),(51,'5','','201304/19/1366358447PkKo.jpg',0,'jpg',1132178,'2013-04-19 16:00:50',1),(52,'06e7f2b102674047092302a4','','201304/19/1366358452ig8f.jpg',0,'jpg',226620,'2013-04-19 16:00:53',1),(53,'6','','201304/19/13663584545Z33.jpg',0,'jpg',679622,'2013-04-19 16:00:57',1),(54,'7','','201304/19/1366358458kxmZ.jpg',0,'jpg',640148,'2013-04-19 16:01:00',1),(55,'2','','201304/19/1366358691jp9V.jpg',0,'jpg',606410,'2013-04-19 16:04:53',1),(56,'3','','201304/19/1366358694cB83.jpg',0,'jpg',591709,'2013-04-19 16:04:57',1),(57,'4','','201304/19/1366358698yozY.jpg',0,'jpg',1158708,'2013-04-19 16:05:01',1),(58,'5','','201304/19/1366358703wt3i.jpg',0,'jpg',1132178,'2013-04-19 16:05:07',1),(59,'06e7f2b102674047092302a4','','201304/19/1366358707miIu.jpg',0,'jpg',226620,'2013-04-19 16:05:10',1),(60,'6','','201304/19/1366358712Yg3K.jpg',0,'jpg',679622,'2013-04-19 16:05:14',1),(61,'7','','201304/19/1366359262Q9RN.jpg',0,'jpg',640148,'2013-04-19 16:14:24',1),(62,'6','','201304/19/1366359283x3Cn.jpg',0,'jpg',679622,'2013-04-19 16:14:46',1),(63,'2','','201304/19/13663614582a77.jpg',0,'jpg',606410,'2013-04-19 16:51:00',1),(64,'3','','201304/19/1366361461G3mr.jpg',0,'jpg',591709,'2013-04-19 16:51:04',1),(65,'4','','201304/19/13663614650yYs.jpg',0,'jpg',1158708,'2013-04-19 16:51:08',1),(66,'5','','201304/19/13663614702Ezd.jpg',0,'jpg',1132178,'2013-04-19 16:51:13',1),(67,'06e7f2b102674047092302a4','','201304/19/1366361475bfFE.jpg',0,'jpg',226620,'2013-04-19 16:51:18',1),(68,'6','','201304/19/1366361478O0b8.jpg',0,'jpg',679622,'2013-04-19 16:51:21',1),(69,'7','','201304/20/1366425476bB3N.jpg',0,'jpg',640148,'2013-04-20 10:37:59',1),(70,'1015b4944e65c2487bf48010','','201304/20/1366425553FwLb.jpg',0,'jpg',93607,'2013-04-20 10:39:14',1),(71,'8','','201304/20/1366425727QxN7.jpg',0,'jpg',539768,'2013-04-20 10:42:10',1),(72,'7','','201304/20/1366425869nDDn.jpg',0,'jpg',640148,'2013-04-20 10:44:32',1),(73,'8c72fbb9tw1dnkh0htj53j','','201304/20/1366426156DSD3.jpg',0,'jpg',233164,'2013-04-20 10:49:19',1),(74,'2','','201304/20/1366426211rw00.jpg',0,'jpg',606410,'2013-04-20 10:50:14',1),(75,'3','','201304/20/13664262155YOd.jpg',0,'jpg',591709,'2013-04-20 10:50:17',1),(76,'2','','201304/20/1366426408416X.jpg',0,'jpg',606410,'2013-04-20 10:53:30',1),(77,'3','','201304/20/1366426411R6ks.jpg',0,'jpg',591709,'2013-04-20 10:53:34',1),(78,'7','','201304/20/1366428803Z5wd.jpg',0,'jpg',640148,'2013-04-20 11:33:25',1),(79,'7','','201304/20/1366428944wUwA.jpg',0,'jpg',640148,'2013-04-20 11:35:46',1),(80,'4','','201304/20/13664289744rjW.jpg',0,'jpg',1158708,'2013-04-20 11:36:17',1),(81,'7','','201304/20/1366429086H7zd.jpg',0,'jpg',640148,'2013-04-20 11:38:08',1),(82,'2','','201304/20/13664438064PDO.jpg',0,'jpg',606410,'2013-04-20 15:43:29',1),(83,'7','','201304/20/1366443869bBqy.jpg',0,'jpg',640148,'2013-04-20 15:44:31',1),(84,'6','','201304/20/13664446482FRg.jpg',0,'jpg',679622,'2013-04-20 15:57:31',1),(85,'6','','201304/20/1366444732Ybfy.jpg',0,'jpg',679622,'2013-04-20 15:58:54',1),(86,'8','','201304/20/1366444785vBv0.jpg',0,'jpg',539768,'2013-04-20 15:59:48',1),(87,'8','','201304/20/1366444868aI9X.jpg',0,'jpg',539768,'2013-04-20 16:01:10',1),(88,'看看','','201304/22/1366594329Q71S.jpg',0,'jpg',61432,'2013-04-22 09:32:11',1),(89,'8','','201304/22/1366612145SBeq.jpg',0,'jpg',539768,'2013-04-22 14:29:07',1),(90,'7','','201304/23/13666851406obL.jpg',0,'jpg',640148,'2013-04-23 10:45:43',1),(91,'7','','201304/23/13666870085z6Z.jpg',0,'jpg',640148,'2013-04-23 11:16:52',1),(92,'8','','201304/23/1366687056xa3L.jpg',0,'jpg',539768,'2013-04-23 11:17:39',1),(93,'5','','201304/23/13666872078jUU.jpg',0,'jpg',1132178,'2013-04-23 11:20:21',1),(94,'59398384','','201304/23/1366687354EElg.jpg',0,'jpg',53510,'2013-04-23 11:22:36',1),(95,'3','','201304/23/136668746989FL.jpg',0,'jpg',591709,'2013-04-23 11:24:32',1),(96,'2','','201304/23/13666875187UTC.jpg',0,'jpg',606410,'2013-04-23 11:25:20',1),(97,'3','','201304/23/1366687522NxwF.jpg',0,'jpg',591709,'2013-04-23 11:25:25',1),(98,'看看','','201304/24/1366789321bZsv.jpg',0,'jpg',61432,'2013-04-24 15:42:03',1),(99,'jiaju','','201304/24/1366790192ri1I.jpeg',0,'jpeg',689187,'2013-04-24 15:56:36',1),(102,'10','','201304/24/1366790774QgLA.jpg',0,'jpg',820090,'2013-04-24 16:06:25',1),(103,'7','','201304/24/1366790887uy4z.jpg',0,'jpg',640148,'2013-04-24 16:08:09',1),(104,'10','','201304/24/1366791080RuAa.jpg',0,'jpg',820090,'2013-04-24 16:11:23',1),(105,'10','','201304/24/1366791195BVIx.jpg',0,'jpg',820090,'2013-04-24 16:13:17',1),(106,'9','','201304/24/1366791332yDAE.jpg',0,'jpg',939027,'2013-04-24 16:15:35',1),(107,'看看','','201304/24/1366791372TUzi.jpg',0,'jpg',61432,'2013-04-24 16:16:14',1),(108,'9','','201304/24/1366791408b59u.jpg',0,'jpg',939027,'2013-04-24 16:16:51',1),(109,'10','','201304/24/1366791454qogo.jpg',0,'jpg',820090,'2013-04-24 16:17:37',1),(110,'8','','201304/24/1366791503eLt8.jpg',0,'jpg',539768,'2013-04-24 16:18:25',1),(111,'7','','201304/24/13667915515LjN.jpg',0,'jpg',640148,'2013-04-24 16:19:13',1),(112,'10','','201304/24/1366791886l3gp.jpg',0,'jpg',820090,'2013-04-24 16:24:48',1),(113,'7','','201304/24/1366791953nJb3.jpg',0,'jpg',640148,'2013-04-24 16:25:55',1),(114,'7','','201304/24/136679199141oL.jpg',0,'jpg',640148,'2013-04-24 16:26:33',1),(115,'10','','201304/24/1366792131gJG8.jpg',0,'doc',820090,'2013-04-24 16:28:53',1),(116,'看看','','201304/24/1366792186wZen.jpg',0,'jpg',61432,'2013-04-24 16:29:48',1),(117,'logo140','','201304/24/1366792263t954.jpg',0,'jpg',9075,'2013-04-24 16:31:04',1),(118,'10','','201304/24/1366792308GMgG.jpg',0,'jpg',820090,'2013-04-24 16:31:54',1),(119,'1346381822v4qm.jpg.thumb','','201304/24/1366792310pEDE.jpg',0,'jpg',1589,'2013-04-24 16:31:52',1),(120,'rrrr','','201304/24/1366792333qA0q.jpg',0,'jpg',2232,'2013-04-24 16:32:15',1),(121,'自行车','','201304/24/1366792354J351.jpg',0,'jpg',9768,'2013-04-24 16:32:36',1),(122,'rrrr','','201304/24/1366792371sX1V.jpg',0,'jpg',2232,'2013-04-24 16:32:52',1),(128,'rrrr','','201304/24/1366793348FOhI.jpg',0,'jpg',2232,'2013-04-24 16:49:10',1),(129,'group_bj','','201304/24/1366793363zwyb.png',0,'png',99621,'2013-04-24 16:49:26',1),(130,'1346381822v4qm.jpg.thumb','','201304/24/1366793378GQmA.jpg',0,'jpg',1589,'2013-04-24 16:49:39',1),(131,'自然美景','','201304/25/1366850331rrgD.jpg',0,'jpg',14331,'2013-04-25 08:38:52',1),(132,'自然美景','','201304/25/1366850544ehL6.jpg',0,'jpg',14331,'2013-04-25 08:42:25',1),(133,'1346381822v4qm.jpg.thumb','','201304/25/136685061355Mh.jpg',0,'jpg',1589,'2013-04-25 08:43:34',1),(134,'1346381822v4qm.jpg.thumb','','201304/25/1366850676xxPM.jpg',0,'jpg',1589,'2013-04-25 08:44:37',1),(135,'logo140','','201304/25/1366850707xJee.jpg',0,'jpg',9075,'2013-04-25 08:45:08',1),(136,'logo140','','201304/25/13668507342L2N.jpg',0,'jpg',9075,'2013-04-25 08:45:35',1),(137,'让伙伴轻松获利','','201304/25/1366851198xN88.jpg',0,'jpg',64610,'2013-04-25 08:53:20',1),(138,'group_bj','','201304/25/1366851661PM1K.png',0,'png',99621,'2013-04-25 09:01:03',1),(139,'logo140','','201304/26/1366937916i9GR.jpg',0,'jpg',9075,'2013-04-26 08:58:38',1),(140,'rrrr','','201304/26/1366938089ii99.jpg',0,'jpg',2232,'2013-04-26 09:01:31',1),(141,'group_bj','','201304/26/1366938140XDC2.png',0,'png',99621,'2013-04-26 09:02:22',1),(142,'rrrr','','201304/26/1366939399982H.jpg',0,'jpg',2232,'2013-04-26 09:23:20',1),(143,'logo140','','201304/26/1366939462kaFS.jpg',0,'jpg',9075,'2013-04-26 09:24:24',1),(144,'自行车','','201304/26/1366941556xaPa.jpg',0,'jpg',9768,'2013-04-26 09:59:18',1),(145,'1346381822v4qm.jpg.thumb','','201304/26/1366941936ESBN.jpg',0,'jpg',1589,'2013-04-26 10:05:38',1),(146,'rrrr','','201304/26/136694201833s0.jpg',0,'jpg',2232,'2013-04-26 10:07:00',1),(147,'rrrr','','201304/26/1366942084BXSw.jpg',0,'jpg',2232,'2013-04-26 10:08:06',1),(148,'自行车','','201304/26/13669421928SSn.jpg',0,'jpg',9768,'2013-04-26 10:09:54',1),(149,'group_bj','','201304/26/1366942278Ppqm.png',0,'png',99621,'2013-04-26 10:11:20',1),(150,'1346381822v4qm.jpg.thumb','','201304/26/13669423126ax0.jpg',0,'jpg',1589,'2013-04-26 10:11:54',1),(151,'自行车','','201304/26/1366942494112C.jpg',0,'jpg',9768,'2013-04-26 10:14:56',1),(152,'1346381822v4qm.jpg.thumb','','201304/26/1366943405gb30.jpg',0,'jpg',1589,'2013-04-26 10:30:07',1),(154,'group_bj','','201304/26/1366943537tToZ.png',0,'png',99621,'2013-04-26 10:32:20',1),(155,'rrrr','','201304/26/13669436025qve.jpg',0,'jpg',2232,'2013-04-26 10:33:24',1),(156,'logo140','','201304/26/1366963900qmon.jpg',0,'jpg',9075,'2013-04-26 16:11:42',1),(157,'自然美景','','201304/26/1366964617f06b.jpg',0,'jpg',14331,'2013-04-26 16:23:39',1),(158,'1.jpg.1thumb','','201304/27/13670458224UfZ.jpg',0,'jpg',133280,'2013-04-27 14:57:03',1),(159,'1.jpg.1thumb','','201304/27/13670458361uuN.jpg',0,'jpg',133280,'2013-04-27 14:57:18',1),(160,'6','','201304/27/1367045934qci0.jpg',0,'jpg',679622,'2013-04-27 14:58:57',1),(161,'29','','201304/27/1367046413LF9o.jpg',0,'jpg',1116,'2013-04-27 15:06:54',1),(162,'11.5文档的1','','201304/27/1367046805uCkz.doc',0,'doc',11587,'2013-04-27 15:13:26',1),(163,'11.5文档的1','','201304/27/1367047141IHxf.doc',0,'doc',11587,'2013-04-27 15:19:01',1),(164,'11.5文档的1','','201304/27/13670471666l30.doc',0,'doc',11587,'2013-04-27 15:19:26',1),(165,'数据库设计文档','','201304/27/1367047376z421.xls',0,'xls',10752,'2013-04-27 15:22:57',1),(166,'11.5文档的1','','201304/27/13670478465Wau.doc',0,'doc',11587,'2013-04-27 15:30:47',1),(167,'11.5文档的1','','201304/27/1367047925579H.doc',0,'doc',11587,'2013-04-27 15:32:05',1),(168,'1','','201304/27/1367047953VxU3.xls',0,'xls',10752,'2013-04-27 15:32:33',1),(169,'11.5文档的1','','201304/27/1367048017zHCK.doc',0,'doc',11587,'2013-04-27 15:33:37',1),(170,'11.5文档的1','','201304/27/1367048130OROq.doc',0,'doc',11587,'2013-04-27 15:35:31',1),(171,'1','','201304/27/1367048247PMUq.xls',0,'xls',10752,'2013-04-27 15:37:27',1),(172,'1','','201304/27/1367048285eZiL.xls',0,'xls',10752,'2013-04-27 15:38:05',1),(173,'1','','201304/27/13670483073al5.xls',0,'xls',10752,'2013-04-27 15:38:27',1),(174,'1','','201304/27/13670484633CfF.xls',0,'xls',10752,'2013-04-27 15:41:03',1),(175,'1','','201304/27/1367048515nFKC.xls',0,'xls',10752,'2013-04-27 15:41:56',1),(176,'11.5文档的1','','201304/27/1367048564Q4eO.doc',0,'doc',11587,'2013-04-27 15:42:44',1),(177,'11.5文档的1','','201304/27/1367048845K35P.doc',0,'doc',11587,'2013-04-27 15:47:26',1),(178,'11.5文档的1','','201304/27/1367048972LIMO.doc',0,'doc',11587,'2013-04-27 15:49:32',1),(179,'11.5文档的1','','201304/27/1367049115EilE.doc',0,'doc',11587,'2013-04-27 15:51:55',1),(180,'1','','201304/27/1367049136c611.xls',0,'xls',10752,'2013-04-27 15:52:17',1),(181,'1','','201304/27/13670492241eV2.xls',0,'xls',10752,'2013-04-27 15:53:44',1),(182,'1.jpg.1thumb','','201304/27/1367050749PGIB.jpg',0,'jpg',133280,'2013-04-27 16:19:10',1),(183,'2','','201304/27/1367050751SMg2.jpg',0,'jpg',606410,'2013-04-27 16:19:13',1),(184,'2','','201304/27/1367050808srF5.jpg',0,'jpg',606410,'2013-04-27 16:20:11',1),(185,'3','','201304/27/1367050811yi1P.jpg',0,'jpg',591709,'2013-04-27 16:20:13',1),(186,'06e7f2b102674047092302a4','','201304/27/1367050860QMPL.jpg',0,'jpg',226620,'2013-04-27 16:21:02',1),(187,'1.jpg.1thumb','','201304/28/1367114722TpTm.jpg',0,'jpg',133280,'2013-04-28 10:05:24',1),(188,'06e7f2b102674047092302a4','','201304/28/1367114745RCIg.jpg',0,'jpg',226620,'2013-04-28 10:05:47',1),(189,'rrrr','','201304/28/13671157168J8H.jpg',0,'jpg',2232,'2013-04-28 10:21:58',1),(190,'1.jpg.1thumb','','201304/28/13671159619Cf6.jpg',0,'jpg',133280,'2013-04-28 10:26:03',1),(191,'06e7f2b102674047092302a4','','201304/28/13671159707ua7.jpg',0,'jpg',226620,'2013-04-28 10:26:12',1),(192,'1.jpg.1thumb','','201304/28/1367118426fF6d.jpg',0,'jpg',133280,'2013-04-28 11:07:07',1),(193,'2','','201304/28/1367118428c4ce.jpg',0,'jpg',606410,'2013-04-28 11:07:10',1),(194,'3','','201304/28/1367118431Dfsm.jpg',0,'jpg',591709,'2013-04-28 11:07:14',1),(195,'1.jpg.1thumb','','201304/28/1367118499i443.jpg',0,'jpg',133280,'2013-04-28 11:08:20',1),(196,'2','','201304/28/1367118699lMFF.jpg',0,'jpg',606410,'2013-04-28 11:11:42',1),(197,'06e7f2b102674047092302a4','','201304/28/1367118798tjSB.jpg',0,'jpg',226620,'2013-04-28 11:13:20',1),(198,'5','','201304/28/13671188304APV.jpg',0,'jpg',1132178,'2013-04-28 11:13:53',1),(199,'5','','201304/28/1367118881Sdsk.jpg',0,'xls',1132178,'2013-04-28 11:14:44',1),(200,'1.jpg.1thumb','','201304/28/13671189751r7g.jpg',0,'jpg',133280,'2013-04-28 11:16:16',1),(201,'5','','201304/28/1367119106ztsS.jpg',0,'jpg',1132178,'2013-04-28 11:18:29',1),(202,'1.jpg.1thumb','','201304/28/1367119398qB9i.jpg',0,'jpg',133280,'2013-04-28 11:23:19',1),(203,'06e7f2b102674047092302a4','','201304/28/1367127136TJOr.jpg',0,'jpg',226620,'2013-04-28 13:32:18',1),(204,'06e7f2b102674047092302a4','','201304/28/1367127341FOfI.jpg',0,'jpg',226620,'2013-04-28 13:35:43',1),(205,'06e7f2b102674047092302a4','','201304/28/1367127867rSSs.jpg',0,'jpg',226620,'2013-04-28 13:44:29',1),(206,'7','','201304/28/1367127893Ity3.jpg',0,'jpg',640148,'2013-04-28 13:44:55',1),(207,'06e7f2b102674047092302a4','','201304/28/1367128417xzOO.jpg',0,'jpg',226620,'2013-04-28 13:53:39',1),(208,'06e7f2b102674047092302a4','','201304/28/13671285999q6r.jpg',0,'jpg',226620,'2013-04-28 13:56:41',1),(209,'06e7f2b102674047092302a4','','201304/28/1367128627k3te.jpg',0,'jpg',226620,'2013-04-28 13:57:09',1),(210,'5','','201304/28/1367128904f1z8.jpg',0,'jpg',1132178,'2013-04-28 14:01:47',1),(211,'6','','201304/28/13671296695zjy.jpg',0,'jpg',679622,'2013-04-28 14:14:31',1),(212,'3','','201304/28/13671297519mIE.jpg',0,'jpg',591709,'2013-04-28 14:15:52',1),(213,'06e7f2b102674047092302a4','','201304/28/1367129937h4k5.jpg',0,'jpg',226620,'2013-04-28 14:18:59',1),(214,'06e7f2b102674047092302a4','','201304/28/1367129974Dw1S.jpg',0,'jpg',226620,'2013-04-28 14:19:36',1),(215,'06e7f2b102674047092302a4','','201304/28/1367130002XGMT.jpg',0,'jpg',226620,'2013-04-28 14:20:04',1),(216,'5','','201304/28/1367130119633B.jpg',0,'jpg',1132178,'2013-04-28 14:22:02',1),(217,'06e7f2b102674047092302a4','','201304/28/13671302370MMk.jpg',0,'jpg',226620,'2013-04-28 14:23:59',1),(218,'2','','201304/28/1367131336R9VA.jpg',0,'jpg',606410,'2013-04-28 14:42:18',1),(219,'3','','201304/28/1367131395rJxl.jpg',0,'jpg',591709,'2013-04-28 14:43:17',1),(220,'5','','201304/28/1367131433O7op.jpg',0,'jpg',1132178,'2013-04-28 14:43:56',1),(221,'6','','201304/28/1367131522LG45.jpg',0,'jpg',679622,'2013-04-28 14:45:24',1),(222,'5','','201304/28/1367131685vE7V.jpg',0,'jpg',1132178,'2013-04-28 14:48:07',1),(223,'5','','201304/28/13671317632D6Q.jpg',0,'jpg',1132178,'2013-04-28 14:49:25',1),(224,'06e7f2b102674047092302a4','','201304/28/1367131771XhxQ.jpg',0,'jpg',226620,'2013-04-28 14:49:33',1),(225,'5','','201304/28/1367131781KlJA.jpg',0,'jpg',1132178,'2013-04-28 14:49:43',1),(226,'5','','201304/28/1367131892OfWw.jpg',0,'jpg',1132178,'2013-04-28 14:51:34',1),(227,'5','','201304/28/1367131904Mx2z.jpg',0,'jpg',1132178,'2013-04-28 14:51:47',1),(228,'7','','201304/28/1367131910QKdQ.jpg',0,'jpg',640148,'2013-04-28 14:51:52',1),(229,'5','','201304/28/1367131917bDd9.jpg',0,'jpg',1132178,'2013-04-28 14:51:59',1),(230,'5','','201304/28/13671319477Z4R.jpg',0,'jpg',1132178,'2013-04-28 14:52:29',1),(231,'5','','201304/28/1367131984vTQg.jpg',0,'jpg',1132178,'2013-04-28 14:53:07',1),(232,'2','','201304/28/1367131996DgTd.jpg',0,'jpg',606410,'2013-04-28 14:53:18',1),(233,'5','','201304/28/13671320377kzi.jpg',0,'jpg',1132178,'2013-04-28 14:54:00',1),(234,'5','','201304/28/13671320952dZ2.jpg',0,'jpg',1132178,'2013-04-28 14:54:57',1),(235,'1.jpg.1thumb','','201304/28/1367132164I089.jpg',0,'jpg',133280,'2013-04-28 14:56:06',1),(236,'2','','201304/28/1367132271DDC5.jpg',0,'jpg',606410,'2013-04-28 14:57:53',1),(237,'card','','201304/28/1367132354rUlN.jpg',0,'jpg',136963,'2013-04-28 14:59:15',1),(238,'5','','201304/28/13671324052sSo.jpg',0,'jpg',1132178,'2013-04-28 15:00:08',1),(239,'3','','201304/28/1367132417EeJA.jpg',0,'jpg',591709,'2013-04-28 15:00:20',1),(240,'1.jpg.1thumb','','201304/28/1367132432R3Km.jpg',0,'jpg',133280,'2013-04-28 15:00:33',1),(241,'5','','201304/28/136713253986Yg.jpg',0,'jpg',1132178,'2013-04-28 15:02:21',1),(242,'admin','','201304/28/1367132651jEHY.gif',0,'gif',413,'2013-04-28 15:04:13',1),(243,'5','','201304/28/1367132676A0B5.jpg',0,'jpg',1132178,'2013-04-28 15:04:38',1),(244,'5','','201304/28/1367132702OL5X.jpg',0,'jpg',1132178,'2013-04-28 15:05:04',1),(245,'06e7f2b102674047092302a4','','201304/28/1367132771Etk6.jpg',0,'jpg',226620,'2013-04-28 15:06:12',1),(246,'5','','201304/28/1367132818d4aC.jpg',0,'jpg',1132178,'2013-04-28 15:07:01',1),(247,'5','','201304/28/1367138171NV2A.jpg',0,'jpg',1132178,'2013-04-28 16:36:13',1),(248,'logo140','','201305/2/1367456188JchR.jpg',0,'jpg',9075,'2013-05-02 08:56:30',1),(249,'rrrr','','201305/2/1367460192d0pd.jpg',0,'jpg',2232,'2013-05-02 10:03:13',1),(250,'logo140','','201305/2/1367465745d7t7.jpg',0,'jpg',9075,'2013-05-02 11:35:46',1),(251,'1346381822v4qm.jpg.thumb','','201305/2/1367465769UlA1.jpg',0,'jpg',1589,'2013-05-02 11:36:10',1),(252,'rrrr','','201305/2/1367481252LDD7.jpg',0,'jpg',2232,'2013-05-02 15:54:13',1),(253,'tulips','','201305/7/1367893811qZE8.jpg',0,'jpg',620888,'2013-05-07 10:30:15',1),(254,'5','','201305/7/1367904963Nxtk.jpg',0,'jpg',1132178,'2013-05-07 13:36:05',1),(255,'2','','201305/7/1367905352medZ.jpg',0,'jpg',606410,'2013-05-07 13:42:35',1),(256,'rrrr','','201305/7/1367914831xz3R.jpg',0,'jpg',2232,'2013-05-07 16:20:34',1),(257,'3','','201305/8/1367979870Ttot.jpg',0,'jpg',591709,'2013-05-08 10:24:33',1),(258,'1346381822v4qm.jpg.thumb','','201305/8/136799262672vX.jpg',0,'jpg',1589,'2013-05-08 13:57:08',1),(259,'1.jpg.1thumb','','201305/8/1367997124u5pL.jpg',0,'jpg',133280,'2013-05-08 15:12:06',1),(260,'11.5文档的1','','201305/8/1368001845b07f.doc',0,'doc',11587,'2013-05-08 16:30:46',1),(261,'11.5文档的1','','201305/8/1368001881Jsqm.doc',0,'doc',11587,'2013-05-08 16:31:21',1),(262,'11.5文档的1','','201305/8/13680019817uL1.doc',0,'doc',11587,'2013-05-08 16:33:01',1),(263,'11.5文档的1','','201305/8/1368002291wiv4.doc',0,'doc',11587,'2013-05-08 16:38:12',1),(264,'11.5文档的1','','201305/8/13680030527Ef3.doc',0,'doc',11587,'2013-05-08 16:50:52',1),(265,'11.5文档的1','','201305/8/1368003342Q06r.doc',0,'doc',11587,'2013-05-08 16:55:43',1),(266,'1','','201305/9/1368062645grla.xls',0,'xls',10752,'2013-05-09 09:24:05',1),(267,'11.5文档的1','','201305/9/1368063251P0ji.doc',0,'doc',11587,'2013-05-09 09:34:11',1),(268,'11.5文档的1','','201305/9/1368064067Pb0d.doc',0,'doc',11587,'2013-05-09 09:47:47',1),(269,'1','','201305/9/1368064148TX7M.xls',0,'xls',10752,'2013-05-09 09:49:09',1),(270,'11.5文档的1','','201305/9/1368064210805z.doc',0,'doc',11587,'2013-05-09 09:50:10',1),(271,'1.jpg.1thumb','','201305/9/1368064251zBwB.jpg',0,'jpg',133280,'2013-05-09 09:50:53',1),(272,'2','','201305/9/1368065277zY7e.jpg',0,'jpg',606410,'2013-05-09 10:07:59',1),(273,'3','','201305/9/1368065354Bkf0.jpg',0,'jpg',591709,'2013-05-09 10:09:16',1),(274,'5','','201305/9/1368065559Z24P.jpg',0,'jpg',1132178,'2013-05-09 10:12:41',1),(275,'1-12121q93005941','','201305/9/1368066220McB9.jpg',0,'jpg',370982,'2013-05-09 10:23:42',1),(276,'5','','201305/9/1368066510goCG.jpg',0,'jpg',1132178,'2013-05-09 10:28:32',1),(277,'7','','201305/9/1368067156FyQl.jpg',0,'jpg',640148,'2013-05-09 10:39:18',1),(278,'5','','201305/9/1368067307gGKG.jpg',0,'jpg',1132178,'2013-05-09 10:41:50',1),(279,'1-12121q93005941','','201305/9/1368067628O9k2.jpg',0,'jpg',370982,'2013-05-09 10:47:11',1),(280,'1-12121q93005941','','201305/9/13680677377D7y.jpg',0,'jpg',370982,'2013-05-09 10:49:00',1),(281,'5','','201305/9/136806794506YA.jpg',0,'jpg',1132178,'2013-05-09 10:52:27',1),(282,'35_1284886893pmh1','','201305/9/1368068630m1IA.flv',0,'flv',20243945,'2013-05-09 11:03:54',1),(283,'1-12121q93005941','','201305/9/136807577055MM.jpg',0,'jpg',370982,'2013-05-09 13:02:53',1),(284,'123','','201305/9/1368075802yfWl.gif',0,'gif',462736,'2013-05-09 13:03:30',1),(285,'1.jpg.1thumb','','201305/9/1368076725kkww.jpg',0,'jpg',133280,'2013-05-09 13:18:47',1),(286,'2','','201305/9/1368076729ZknR.jpg',0,'jpg',606410,'2013-05-09 13:18:51',1),(287,'map','','201305/9/1368076920JOZv.mp4',0,'mp4',313960,'2013-05-09 13:22:01',1),(288,'winter in my heart','','201305/9/1368076986cXAz.mp3',0,'mp3',488376,'2013-05-09 13:23:06',1),(289,'06e7f2b102674047092302a4','','201305/9/1368077741xE3v.jpg',0,'jpg',226620,'2013-05-09 13:35:43',1),(290,'06e7f2b102674047092302a4','','201305/9/1368077757ilZe.jpg',0,'jpg',226620,'2013-05-09 13:35:59',1),(291,'5','','201305/9/1368078068zXqn.jpg',0,'jpg',1132178,'2013-05-09 13:41:12',1),(292,'5','','201305/9/13680781601NHk.jpg',0,'jpg',1132178,'2013-05-09 13:42:43',1),(293,'06e7f2b102674047092302a4','','201305/9/1368078217ggCc.jpg',0,'jpg',226620,'2013-05-09 13:43:39',1),(294,'7','','201305/9/1368078394ZTjL.jpg',0,'jpg',640148,'2013-05-09 13:46:36',1),(295,'6','','201305/9/1368078448PV0g.jpg',0,'jpg',679622,'2013-05-09 13:47:30',1),(296,'7','','201305/9/1368080888o1GG.jpg',0,'jpg',640148,'2013-05-09 14:28:11',1),(297,'7','','201305/9/1368082423ZVA8.jpg',0,'jpg',640148,'2013-05-09 14:53:45',1),(298,'2','','201305/9/1368082488V99z.jpg',0,'jpg',606410,'2013-05-09 14:54:50',1),(299,'5','','201305/9/1368082886325V.jpg',0,'jpg',1132178,'2013-05-09 15:01:28',1),(300,'06e7f2b102674047092302a4','','201305/9/136808303811EA.jpg',0,'jpg',226620,'2013-05-09 15:04:00',1),(301,'5','','201305/9/1368083304asA5.jpg',0,'jpg',1132178,'2013-05-09 15:08:27',1),(302,'2','','201305/9/1368083316WpjP.jpg',0,'jpg',606410,'2013-05-09 15:08:39',1),(303,'2','','201305/9/136808354375wf.jpg',0,'jpg',606410,'2013-05-09 15:12:26',1),(304,'3','','201305/9/1368083547sdsD.jpg',0,'jpg',591709,'2013-05-09 15:12:29',1),(305,'6','','201305/9/13680844541Ig7.jpg',0,'jpg',679622,'2013-05-09 15:27:37',1),(306,'06e7f2b102674047092302a4','','201305/9/13680866220R6i.jpg',0,'jpg',226620,'2013-05-09 16:03:43',1),(307,'6597420510866226328','','201305/9/13681008425KBs.jpg',0,'jpg',204102,'2013-05-09 20:00:45',1),(308,'1346381822v4qm.jpg.thumb','','201305/10/1368163839z2y8.jpg',0,'jpg',1589,'2013-05-10 13:30:41',1),(309,'5','','201305/13/136842531873wp.jpg',0,'jpg',1132178,'2013-05-13 14:08:41',1),(310,'7','','201305/13/1368428320uV58.jpg',0,'jpg',640148,'2013-05-13 14:58:42',1),(311,'3','','201305/13/1368429002TwTV.jpg',0,'jpg',591709,'2013-05-13 15:10:04',1),(312,'3','','201305/13/1368429019N94G.jpg',0,'jpg',591709,'2013-05-13 15:10:21',1),(313,'2','','201305/13/1368429553p42M.jpg',0,'jpg',606410,'2013-05-13 15:19:15',1),(314,'1.jpg.1thumb','','201305/13/1368430596u0uU.jpg',0,'jpg',133280,'2013-05-13 15:36:39',1),(315,'2','','201305/13/13684306349Ltw.jpg',0,'jpg',606410,'2013-05-13 15:37:16',1),(316,'1.jpg.1thumb','','201305/13/13684313874nv2.jpg',0,'jpg',133280,'2013-05-13 15:49:49',1),(317,'06e7f2b102674047092302a4','','201305/15/1368598773RXU7.jpg',0,'jpg',226620,'2013-05-15 14:19:34',1),(318,'06e7f2b102674047092302a4','','201305/15/1368599575o4P2.jpg',0,'jpg',226620,'2013-05-15 14:32:57',1),(319,'2','','201305/15/1368599958jU6Y.jpg',0,'jpg',606410,'2013-05-15 14:39:20',1),(320,'1346381822v4qm.jpg.thumb','','201305/15/13686014077e7o.jpg',0,'jpg',1589,'2013-05-15 15:03:29',1),(321,'rrrr','','201305/15/1368602544Wxdt.jpg',0,'jpg',2232,'2013-05-15 15:22:26',1),(322,'1364870788qntv','','201305/15/1368606641fAza.jpg',0,'jpg',164846,'2013-05-15 16:30:43',1),(323,'tulips','','201305/15/1368618735Nkmj.jpg',0,'jpg',620888,'2013-05-15 19:52:17',1),(324,'2','','201305/16/13686726603oPO.jpg',0,'jpg',606410,'2013-05-16 10:51:02',1),(325,'180_180','','201305/16/1368675046abfz.jpg',0,'jpg',8733,'2013-05-16 11:30:47',1),(326,'logo140','','201305/16/1368681716YNvz.jpg',0,'jpg',9075,'2013-05-16 13:21:56',1),(327,'3','','201305/16/1368682779U388.jpg',0,'jpg',591709,'2013-05-16 13:39:43',1),(328,'看看','','201305/16/13686834928857.jpg',0,'jpg',61432,'2013-05-16 13:51:33',1),(329,'06e7f2b102674047092302a4','','201305/16/13686875715y8r.jpg',0,'jpg',226620,'2013-05-16 14:59:33',1),(330,'desert','','201305/17/13687550607yst.jpg',0,'jpg',845941,'2013-05-17 09:44:29',1),(331,'06e7f2b102674047092302a4','','201305/17/1368760656W70U.jpg',0,'jpg',226620,'2013-05-17 11:17:38',1),(332,'rrrr','','201305/17/1368777589llfe.jpg',0,'jpg',2232,'2013-05-17 15:59:49',1),(333,'1346381822v4qm.jpg.thumb','','201305/20/1369013452eQDN.jpg',0,'jpg',1589,'2013-05-20 09:30:53',1),(334,'06e7f2b102674047092302a4','','201305/23/136927864104Oq.jpg',0,'jpg',226620,'2013-05-23 11:10:43',1),(335,'1.jpg.1thumb','','201305/24/1369383234zz7U.jpg',0,'jpg',133280,'2013-05-24 16:13:54',1),(336,'a3710540','','201305/24/1369383340T0q6.jpg',0,'jpg',67298,'2013-05-24 16:15:40',1);
/*!40000 ALTER TABLE `tb_resource` ENABLE KEYS */;
UNLOCK TABLES;

--
-- Table structure for table `tb_resource_ref`
--

DROP TABLE IF EXISTS `tb_resource_ref`;
/*!40101 SET @saved_cs_client     = @@character_set_client */;
/*!40101 SET character_set_client = utf8 */;
CREATE TABLE `tb_resource_ref` (
  `id` int(11) NOT NULL AUTO_INCREMENT,
  `reftype` tinyint(4) NOT NULL DEFAULT '0' COMMENT '引用此资源的类型',
  `refid` int(11) NOT NULL DEFAULT '0' COMMENT '引用此资源的ID',
  `resourceid` int(11) NOT NULL DEFAULT '0' COMMENT '资源ID',
  PRIMARY KEY (`id`)
) ENGINE=MyISAM AUTO_INCREMENT=440 DEFAULT CHARSET=utf8;
/*!40101 SET character_set_client = @saved_cs_client */;

--
-- Dumping data for table `tb_resource_ref`
--

LOCK TABLES `tb_resource_ref` WRITE;
/*!40000 ALTER TABLE `tb_resource_ref` DISABLE KEYS */;
INSERT INTO `tb_resource_ref` VALUES (1,108,1,29),(2,108,2,30),(3,108,3,31),(4,108,4,32),(5,108,5,33),(6,108,6,34),(7,108,7,35),(11,108,11,40),(12,108,12,41),(13,109,13,44),(14,109,14,45),(15,109,15,46),(16,109,16,47),(17,109,17,48),(18,109,18,49),(19,108,19,50),(20,108,20,51),(21,108,21,52),(22,108,22,53),(23,108,23,54),(24,108,24,55),(25,108,25,56),(26,108,26,57),(27,108,27,58),(28,108,28,59),(29,108,29,60),(30,108,30,61),(31,109,31,62),(32,108,32,63),(33,108,33,64),(34,108,34,65),(35,108,35,66),(36,108,36,67),(37,108,37,68),(38,108,38,69),(39,108,39,70),(40,108,40,71),(41,108,41,72),(42,108,42,73),(43,108,43,74),(44,108,44,75),(45,108,45,76),(46,108,46,77),(48,109,48,79),(49,109,49,80),(50,109,50,81),(51,108,51,82),(52,108,52,83),(53,108,53,84),(54,108,54,85),(55,109,55,86),(56,109,56,87),(58,109,58,89),(59,109,59,90),(60,108,60,91),(62,108,62,93),(63,108,63,94),(64,108,64,95),(65,108,65,96),(66,108,66,97),(68,108,68,107),(70,108,70,116),(72,108,72,119),(73,108,73,120),(74,108,74,121),(75,108,75,122),(79,108,79,131),(80,108,81,134),(81,108,82,135),(82,108,83,136),(83,108,84,137),(84,108,85,138),(87,103,4,37),(88,103,4,170),(89,103,4,165),(90,103,4,98),(91,103,5,91),(92,103,6,170),(93,103,7,93),(94,103,7,170),(95,103,4,91),(96,103,4,92),(98,103,4,93),(99,103,4,94),(100,108,98,157),(101,108,99,158),(102,108,100,159),(103,108,101,160),(104,108,102,161),(105,109,103,162),(106,109,104,163),(107,109,105,164),(108,109,106,165),(109,109,107,166),(110,109,108,170),(111,109,109,171),(112,109,110,172),(113,109,111,173),(114,109,112,174),(115,109,113,175),(116,109,114,176),(117,109,115,177),(118,109,116,178),(119,109,117,179),(120,109,118,180),(121,109,119,181),(122,109,120,182),(123,109,121,183),(124,109,122,184),(125,109,123,185),(126,109,124,186),(127,109,125,187),(128,109,126,188),(129,108,127,189),(130,108,128,190),(131,108,129,191),(132,108,130,192),(133,108,131,193),(134,108,132,194),(135,108,133,195),(136,108,134,196),(137,108,135,197),(138,108,136,198),(139,108,137,199),(140,108,138,200),(141,109,139,201),(142,109,140,202),(143,109,141,203),(144,109,142,204),(145,109,143,205),(146,109,144,206),(147,109,145,207),(148,108,146,208),(149,108,147,209),(150,108,148,210),(151,108,149,211),(152,108,150,212),(153,108,151,213),(154,108,152,214),(155,108,153,215),(156,108,154,216),(157,108,155,217),(158,108,156,218),(159,108,157,219),(160,108,158,220),(161,108,159,221),(162,108,160,222),(163,108,161,223),(164,108,162,224),(165,108,163,225),(166,108,164,226),(167,108,165,227),(168,108,166,228),(169,108,167,229),(170,108,168,230),(171,108,169,231),(172,108,170,232),(173,108,171,233),(174,108,172,234),(175,108,173,235),(176,108,174,236),(177,108,175,237),(178,108,176,238),(179,108,177,239),(180,108,178,240),(181,108,179,241),(182,108,180,242),(183,108,181,243),(184,108,182,244),(185,108,183,245),(186,108,184,246),(187,108,185,247),(188,108,186,248),(189,108,187,249),(190,108,188,251),(191,108,189,254),(192,0,190,255),(193,108,191,257),(194,0,192,259),(195,108,193,260),(196,108,194,261),(197,108,195,262),(198,108,196,263),(199,108,197,264),(200,108,198,265),(201,108,199,266),(202,108,200,267),(203,108,201,268),(204,108,202,269),(205,108,203,270),(206,108,204,271),(207,108,205,272),(208,108,206,273),(209,108,207,274),(210,107,19,199),(211,107,19,200),(212,108,208,275),(213,108,209,276),(214,108,210,277),(215,108,211,278),(216,108,212,279),(217,108,213,280),(218,108,214,281),(219,108,215,282),(220,108,216,283),(221,108,217,284),(222,108,218,285),(223,108,219,286),(224,108,220,287),(225,108,221,288),(226,108,222,289),(227,108,223,290),(228,108,224,291),(229,108,225,292),(230,108,226,293),(231,108,227,294),(232,108,228,295),(233,107,24,199),(234,107,24,227),(235,108,229,296),(238,103,9,10001),(239,103,9,10002),(240,103,10,10001),(241,103,10,10002),(242,103,11,10001),(243,103,11,10002),(244,108,230,297),(245,108,231,298),(246,103,12,91),(247,103,12,92),(248,103,13,91),(249,103,13,92),(250,108,232,299),(251,103,14,91),(252,103,14,92),(253,108,233,300),(254,109,234,301),(255,109,235,302),(256,109,236,303),(257,109,237,304),(258,0,238,305),(259,109,239,306),(260,103,15,91),(261,103,15,92),(262,103,16,91),(263,103,16,92),(264,103,17,91),(265,103,17,92),(266,108,240,308),(267,109,241,309),(268,107,26,240),(269,0,242,310),(270,0,243,311),(271,0,244,312),(272,0,245,313),(273,109,246,314),(274,0,247,315),(275,109,248,316),(276,103,18,91),(277,103,18,92),(278,103,19,91),(279,103,19,92),(280,103,20,91),(281,103,20,92),(282,103,21,91),(283,103,21,92),(284,103,22,91),(285,103,22,92),(286,103,23,91),(287,103,23,92),(288,103,24,91),(289,103,24,92),(290,103,25,0),(291,103,26,0),(292,103,27,0),(293,103,28,0),(294,103,29,0),(295,103,30,0),(296,103,31,0),(297,103,32,0),(298,103,33,0),(299,103,34,0),(300,103,35,0),(301,103,36,0),(302,103,37,0),(303,103,38,0),(304,103,39,0),(305,103,40,0),(306,103,41,0),(307,103,42,0),(308,103,43,0),(309,103,44,0),(310,103,45,0),(311,103,46,0),(312,103,47,0),(313,103,48,0),(314,103,49,0),(315,103,50,0),(316,103,51,0),(317,103,52,0),(318,103,53,0),(319,103,54,0),(320,103,55,0),(321,103,56,0),(322,103,57,0),(323,103,58,0),(324,103,59,0),(325,103,60,0),(326,108,249,317),(327,0,250,318),(328,0,251,319),(329,108,252,321),(330,103,61,0),(331,103,62,0),(332,108,253,322),(333,103,63,0),(334,108,254,323),(335,103,64,0),(336,103,65,0),(337,103,66,0),(338,108,255,324),(339,103,67,0),(340,108,256,325),(341,108,257,326),(342,108,258,327),(343,103,68,0),(344,103,69,0),(345,103,70,0),(346,103,71,0),(347,103,72,0),(348,103,73,0),(349,103,74,0),(350,108,259,329),(351,103,75,0),(352,103,76,0),(353,103,77,0),(354,103,78,0),(355,103,79,0),(356,103,80,0),(357,103,81,0),(358,103,82,0),(359,103,83,0),(360,103,84,0),(361,103,85,0),(362,103,86,0),(363,103,87,0),(364,103,88,0),(365,103,89,0),(366,103,90,0),(367,103,91,0),(368,103,92,0),(369,103,93,0),(370,103,94,0),(371,103,95,0),(372,103,96,0),(373,103,97,0),(374,103,98,0),(375,103,99,0),(376,103,100,0),(377,103,101,0),(378,103,102,0),(379,103,103,0),(380,103,104,0),(381,103,105,0),(382,103,106,0),(383,103,107,0),(384,103,108,0),(385,103,109,0),(386,108,260,330),(387,103,110,0),(388,103,111,0),(389,103,112,0),(390,103,113,0),(391,103,114,0),(392,103,115,0),(393,103,116,0),(394,108,261,331),(395,103,117,0),(396,103,118,0),(397,103,119,0),(398,103,120,0),(399,103,121,0),(400,103,122,0),(401,103,123,0),(402,103,124,0),(403,103,125,0),(404,103,126,0),(405,103,127,0),(406,103,128,0),(407,103,129,0),(408,103,130,0),(409,103,131,0),(410,103,132,0),(411,103,133,0),(412,103,134,0),(413,103,135,0),(414,103,136,0),(415,103,137,0),(416,103,138,0),(417,103,139,0),(418,103,140,0),(419,103,141,0),(420,103,142,0),(421,103,143,0),(422,103,144,0),(423,103,145,0),(424,103,146,0),(425,103,147,0),(426,103,148,0),(427,103,149,0),(428,103,150,0),(429,103,151,0),(430,103,152,0),(431,103,153,0),(432,103,154,0),(433,103,155,0),(434,103,156,0),(435,103,157,0),(436,103,158,0),(437,108,262,334),(438,108,263,335),(439,108,264,336);
/*!40000 ALTER TABLE `tb_resource_ref` ENABLE KEYS */;
UNLOCK TABLES;

--
-- Table structure for table `tb_role`
--

DROP TABLE IF EXISTS `tb_role`;
/*!40101 SET @saved_cs_client     = @@character_set_client */;
/*!40101 SET character_set_client = utf8 */;
CREATE TABLE `tb_role` (
  `id` int(11) NOT NULL AUTO_INCREMENT,
  `spaceid` int(11) NOT NULL DEFAULT '0',
  `name` varchar(32) NOT NULL DEFAULT '',
  PRIMARY KEY (`id`)
) ENGINE=MyISAM AUTO_INCREMENT=11 DEFAULT CHARSET=utf8;
/*!40101 SET character_set_client = @saved_cs_client */;

--
-- Dumping data for table `tb_role`
--

LOCK TABLES `tb_role` WRITE;
/*!40000 ALTER TABLE `tb_role` DISABLE KEYS */;
INSERT INTO `tb_role` VALUES (1,0,'系统管理员'),(2,2,'空间管理员'),(10,2,'公告管理员');
/*!40000 ALTER TABLE `tb_role` ENABLE KEYS */;
UNLOCK TABLES;

--
-- Table structure for table `tb_role_privilege`
--

DROP TABLE IF EXISTS `tb_role_privilege`;
/*!40101 SET @saved_cs_client     = @@character_set_client */;
/*!40101 SET character_set_client = utf8 */;
CREATE TABLE `tb_role_privilege` (
  `id` int(11) NOT NULL AUTO_INCREMENT,
  `roleid` int(11) NOT NULL DEFAULT '0',
  `privilegeid` int(11) NOT NULL DEFAULT '0',
  PRIMARY KEY (`id`)
) ENGINE=MyISAM AUTO_INCREMENT=275 DEFAULT CHARSET=utf8;
/*!40101 SET character_set_client = @saved_cs_client */;

--
-- Dumping data for table `tb_role_privilege`
--

LOCK TABLES `tb_role_privilege` WRITE;
/*!40000 ALTER TABLE `tb_role_privilege` DISABLE KEYS */;
INSERT INTO `tb_role_privilege` VALUES (235,2,101),(236,2,102),(237,2,103),(238,2,104),(239,2,105),(240,2,106),(241,2,107),(242,2,108),(243,2,109),(244,2,110),(245,2,111),(246,2,112),(247,2,113),(248,2,114),(249,2,115),(250,2,116),(251,2,117),(252,2,118),(253,10,80),(254,10,81),(255,10,82),(256,1,101),(257,1,102),(258,1,103),(259,1,104),(260,1,105),(261,1,106),(262,1,107),(263,1,108),(264,1,109),(265,1,110),(266,1,111),(267,1,112),(268,1,113),(269,1,114),(270,1,115),(271,1,116),(272,1,117),(273,1,118),(274,1,119);
/*!40000 ALTER TABLE `tb_role_privilege` ENABLE KEYS */;
UNLOCK TABLES;

--
-- Table structure for table `tb_schedule`
--

DROP TABLE IF EXISTS `tb_schedule`;
/*!40101 SET @saved_cs_client     = @@character_set_client */;
/*!40101 SET character_set_client = utf8 */;
CREATE TABLE `tb_schedule` (
  `id` int(11) NOT NULL AUTO_INCREMENT,
  `spaceid` int(11) NOT NULL DEFAULT '0' COMMENT '空间ID',
  `title` varchar(64) NOT NULL DEFAULT '' COMMENT '日程主题',
  `address` varchar(64) NOT NULL DEFAULT '' COMMENT '地点',
  `starttime` datetime NOT NULL DEFAULT '0000-00-00 00:00:00' COMMENT '开始时间',
  `endtime` datetime NOT NULL DEFAULT '0000-00-00 00:00:00' COMMENT '结束时间',
  `content` text NOT NULL COMMENT '日程内容',
  `isimportant` bit(1) NOT NULL DEFAULT b'0' COMMENT '重要程度 0 普通 1 重要',
  `remindway` varchar(32) NOT NULL DEFAULT '' COMMENT '通知方式 1 邮件 2 内部消息 12邮件和内部消息',
  `leadtime` int(11) NOT NULL DEFAULT '0' COMMENT '提前N时间通知。分钟数',
  `ishasfile` bit(1) NOT NULL DEFAULT b'0' COMMENT '是否有附件,0:没有;1:有',
  `creatorid` int(11) NOT NULL DEFAULT '0' COMMENT '创建人ID',
  `createtime` datetime NOT NULL DEFAULT '0000-00-00 00:00:00' COMMENT '创建时间',
  `fromtype` tinyint(4) NOT NULL DEFAULT '0' COMMENT '日程来源的类型，0是空间 1是crm接口',
  `clienttype` tinyint(4) NOT NULL DEFAULT '0' COMMENT '标记动态产生的来源：0网页，1IOS，2安卓，3WP,4桌面端',
  PRIMARY KEY (`id`)
) ENGINE=MyISAM AUTO_INCREMENT=55 DEFAULT CHARSET=utf8;
/*!40101 SET character_set_client = @saved_cs_client */;

--
-- Dumping data for table `tb_schedule`
--

LOCK TABLES `tb_schedule` WRITE;
/*!40000 ALTER TABLE `tb_schedule` DISABLE KEYS */;
INSERT INTO `tb_schedule` VALUES (1,2,'第一个日程','','2013-04-14 09:00:00','2013-04-15 18:00:00','内容内容内容','\0','',0,'\0',47,'0000-00-00 00:00:00',0,0),(2,2,'第二个日程','','2013-04-15 08:00:00','2013-04-15 11:30:00','内容2内容2内容2','\0','',0,'\0',2,'2013-04-15 00:00:00',0,0),(3,2,'第三个日程','','2013-04-15 11:30:00','2013-04-15 20:00:00','内容3内容3内容3','\0','',0,'\0',2,'2013-04-15 00:00:00',0,0),(4,2,'第四个日程','','2013-04-15 13:00:00','2013-04-15 17:00:00','内容4内容4内容4','\0','',0,'\0',2,'2013-04-15 00:00:00',0,0),(5,2,'三代福克斯的感觉','','2013-04-18 11:00:00','2013-04-18 15:00:00','','\0','',0,'\0',47,'2013-04-19 08:04:53',0,0),(6,2,'四度空间粉红色尽快答复','','2013-04-17 12:00:00','2013-04-17 15:00:00','','\0','12',900,'\0',47,'2013-04-19 09:04:13',0,0),(7,2,'阿道夫空间克隆苏丹红速率可达华工科技发送到','','2013-04-18 12:00:00','2013-04-18 16:00:00','','\0','1',15,'\0',47,'2013-04-19 09:04:09',0,0),(10,2,'sdflkhsdlkjfhkj','','2013-04-18 12:00:00','2013-04-18 17:00:00','','','12',15,'\0',47,'2013-04-19 09:04:08',0,0),(11,2,'sdfhsdkjfh','','2013-04-16 00:00:00','2013-04-20 00:00:00','','','12',15,'\0',47,'2013-04-19 09:04:39',0,0),(12,2,'嗬嗬嗬嗬','哈哈哈哈哈','2013-04-18 10:00:00','2013-04-18 15:00:00','呵呵呵呵呵','\0','2',33,'\0',47,'2013-04-19 10:04:12',0,0),(13,2,'啦啦啦啦','哇哇哇哇哇','2013-04-18 12:00:00','2013-04-18 17:00:00','呜呜呜呜呜','','2',444,'\0',47,'2013-04-19 10:04:07',0,0),(14,2,'sedfoihsdkjfhksdjfh','','2013-04-17 11:00:00','2013-04-17 19:00:00','','\0','',0,'\0',47,'2013-04-19 10:04:16',0,0),(15,2,'asdasdasd','','2013-04-18 05:00:00','2013-04-18 06:00:00','','\0','',0,'\0',47,'2013-04-19 19:04:59',0,0),(16,2,'asdasdsdas','','2013-04-17 13:00:00','2013-04-17 15:00:00','','\0','',0,'\0',47,'2013-04-19 19:04:50',0,0),(17,2,'阿娇的看来复合接口打算购房','','2013-04-19 12:00:00','2013-04-19 17:00:00','','\0','',0,'\0',47,'2013-04-20 09:04:25',0,0),(24,2,'斯蒂芬分开了黑色的空间放寒假开始','','2013-04-28 13:00:00','2013-04-28 19:00:00','','\0','',0,'\0',47,'2013-04-23 18:04:31',0,0),(25,2,'虽大幅缩减的看来飞机速度来看','','2013-04-23 13:00:00','2013-04-23 23:00:00','','\0','',0,'\0',47,'2013-04-23 18:04:35',0,0),(27,2,'是的粉红色健康的复合接口','','2013-04-25 10:00:00','2013-04-25 19:00:00','','\0','',0,'\0',47,'2013-04-23 18:04:58',0,0),(31,2,'sdfkjsdgkjfg','','2013-04-27 13:00:00','2013-04-27 18:00:00','','\0','',0,'\0',47,'2013-04-23 19:04:50',0,0),(34,2,'asfaisdhfisdhf','','2013-04-22 13:00:00','2013-04-22 17:00:00','','\0','',0,'\0',47,'2013-04-23 20:04:29',0,0),(35,2,'ask飞机开绿灯撒sdjkfhsjkdfhkjsdh','','2013-04-26 11:00:00','2013-04-26 17:00:00','','\0','',0,'\0',47,'2013-04-23 20:04:22',0,0),(36,2,'dflksdhkfjh','','2013-04-11 00:00:00','2013-04-12 00:00:00','','\0','',0,'\0',47,'2013-04-23 21:04:24',0,0),(37,2,'主席弗兰克vjhxlkvch','','2013-04-23 00:00:00','2013-04-26 00:00:00','','\0','',0,'\0',47,'2013-04-24 10:04:20',0,0),(38,2,'哈师大附近看哈教科书费','','2013-04-24 12:00:00','2013-04-27 18:00:00','','\0','',0,'\0',47,'2013-04-24 10:04:42',0,0),(39,2,'sdfusdioufosdf','','2013-04-24 09:30:00','2013-04-24 13:30:00','','\0','',0,'\0',47,'2013-04-24 10:04:52',0,0),(40,2,'是的看来复合刻录机是的恢复看见','','2013-04-24 14:00:00','2013-04-24 18:00:00','','\0','',0,'\0',47,'2013-04-24 10:04:10',0,0),(41,2,'啊速度来看房环保科技是的复合','','2013-04-24 15:00:00','2013-04-24 18:00:00','','\0','',0,'\0',47,'2013-04-24 10:04:45',0,0),(42,2,'大幅亏损的立法','','2013-04-26 14:00:00','2013-04-26 20:00:00','','\0','',0,'\0',47,'2013-04-24 10:04:57',0,0),(43,2,'test','','2013-05-06 01:00:00','2013-05-06 02:00:00','','\0','',0,'\0',47,'2013-05-06 10:05:39',0,0),(44,2,'weweewrweee','','2013-05-21 10:00:00','2013-05-21 11:00:00','weeweweee','\0','',0,'\0',47,'2013-05-09 11:05:26',0,0),(45,2,'hjjhjhjjj','','2013-05-21 11:00:00','2013-05-21 12:00:00','','\0','',0,'\0',47,'2013-05-09 11:05:43',0,0),(46,2,'test','','2013-05-06 08:00:00','2013-05-06 09:00:00','','\0','',0,'\0',47,'2013-05-09 12:05:46',0,0),(48,2,'asd','asdsadasd','2013-05-15 07:00:00','2013-05-15 14:00:00','asdasda','\0','',0,'\0',47,'2013-05-15 19:05:27',0,0),(49,2,'asdkjhfkjsdhkjdshf','','2013-05-15 13:00:00','2013-05-15 19:00:00','','\0','',0,'\0',47,'2013-05-15 19:05:28',0,0),(50,2,'dsffdslkfjlskdf','','2013-05-13 00:00:00','2013-05-15 00:00:00','','\0','',0,'\0',47,'2013-05-15 20:05:43',0,0),(52,2,'测试2','','2013-05-23 00:00:00','2013-05-24 00:00:00','','\0','',0,'\0',47,'2013-05-16 13:05:05',0,0),(53,2,'测试3测试3测试3测试3测试3测试3测试3测试3测试3测试3测试3测试3测试3测试3测试3测试3测试3测试3测试3测试3测试3测','','2013-05-28 00:00:00','2013-05-29 00:00:00','','\0','',0,'\0',47,'2013-05-16 15:05:14',0,0),(54,2,'o','','2013-05-20 00:00:00','2013-05-20 01:00:00','','\0','',0,'\0',47,'2013-05-20 10:05:34',0,0);
/*!40000 ALTER TABLE `tb_schedule` ENABLE KEYS */;
UNLOCK TABLES;

--
-- Table structure for table `tb_schedule_users`
--

DROP TABLE IF EXISTS `tb_schedule_users`;
/*!40101 SET @saved_cs_client     = @@character_set_client */;
/*!40101 SET character_set_client = utf8 */;
CREATE TABLE `tb_schedule_users` (
  `id` int(11) NOT NULL AUTO_INCREMENT,
  `scheduleid` int(11) NOT NULL DEFAULT '0' COMMENT '日程id',
  `employeeid` int(11) NOT NULL DEFAULT '0' COMMENT '用户ID',
  `role` tinyint(4) NOT NULL DEFAULT '0' COMMENT '成员角色  0：参与者 1：创建者 2：知会人',
  `status` tinyint(4) NOT NULL DEFAULT '0' COMMENT '状态 0 未处理 1 接收 2 拒绝',
  `responsetime` datetime NOT NULL DEFAULT '0000-00-00 00:00:00' COMMENT '响应时间',
  PRIMARY KEY (`id`)
) ENGINE=MyISAM AUTO_INCREMENT=79 DEFAULT CHARSET=utf8;
/*!40101 SET character_set_client = @saved_cs_client */;

--
-- Dumping data for table `tb_schedule_users`
--

LOCK TABLES `tb_schedule_users` WRITE;
/*!40000 ALTER TABLE `tb_schedule_users` DISABLE KEYS */;
INSERT INTO `tb_schedule_users` VALUES (1,1,47,1,1,'0000-00-00 00:00:00'),(2,2,2,1,1,'0000-00-00 00:00:00'),(3,2,47,2,1,'0000-00-00 00:00:00'),(4,3,2,1,1,'0000-00-00 00:00:00'),(5,3,47,2,1,'0000-00-00 00:00:00'),(6,4,2,1,1,'0000-00-00 00:00:00'),(7,5,47,1,1,'0000-00-00 00:00:00'),(8,6,47,1,1,'0000-00-00 00:00:00'),(9,7,47,1,1,'0000-00-00 00:00:00'),(12,10,47,1,1,'0000-00-00 00:00:00'),(13,11,47,1,1,'0000-00-00 00:00:00'),(14,12,47,1,1,'0000-00-00 00:00:00'),(15,13,47,1,1,'0000-00-00 00:00:00'),(16,14,47,1,1,'0000-00-00 00:00:00'),(17,15,47,1,1,'0000-00-00 00:00:00'),(18,16,47,1,1,'0000-00-00 00:00:00'),(19,17,47,1,1,'0000-00-00 00:00:00'),(26,24,47,1,1,'0000-00-00 00:00:00'),(27,25,47,1,1,'0000-00-00 00:00:00'),(29,27,47,1,1,'0000-00-00 00:00:00'),(33,31,47,1,1,'0000-00-00 00:00:00'),(36,34,47,1,1,'0000-00-00 00:00:00'),(37,35,47,1,1,'0000-00-00 00:00:00'),(38,36,47,1,1,'0000-00-00 00:00:00'),(39,37,47,1,1,'0000-00-00 00:00:00'),(40,38,47,1,1,'0000-00-00 00:00:00'),(41,39,47,1,1,'0000-00-00 00:00:00'),(42,40,47,1,1,'0000-00-00 00:00:00'),(43,41,47,1,1,'0000-00-00 00:00:00'),(44,42,47,1,1,'0000-00-00 00:00:00'),(45,35,30,0,0,'0000-00-00 00:00:00'),(46,35,32,0,0,'0000-00-00 00:00:00'),(47,35,2,0,0,'0000-00-00 00:00:00'),(48,35,38,0,0,'0000-00-00 00:00:00'),(49,43,47,1,1,'0000-00-00 00:00:00'),(50,44,47,1,1,'0000-00-00 00:00:00'),(51,45,47,1,1,'0000-00-00 00:00:00'),(52,45,2,0,0,'0000-00-00 00:00:00'),(53,45,3,0,0,'0000-00-00 00:00:00'),(54,45,4,0,0,'0000-00-00 00:00:00'),(55,46,47,1,1,'0000-00-00 00:00:00'),(62,48,47,1,1,'0000-00-00 00:00:00'),(63,49,47,1,1,'0000-00-00 00:00:00'),(64,48,2,0,0,'0000-00-00 00:00:00'),(65,48,3,0,0,'0000-00-00 00:00:00'),(66,48,4,0,0,'0000-00-00 00:00:00'),(67,48,46,2,0,'0000-00-00 00:00:00'),(68,50,47,1,1,'0000-00-00 00:00:00'),(74,52,47,1,1,'0000-00-00 00:00:00'),(75,52,62,0,0,'0000-00-00 00:00:00'),(76,53,47,1,1,'0000-00-00 00:00:00'),(77,53,48,0,0,'0000-00-00 00:00:00'),(78,54,47,1,1,'0000-00-00 00:00:00');
/*!40000 ALTER TABLE `tb_schedule_users` ENABLE KEYS */;
UNLOCK TABLES;

--
-- Table structure for table `tb_sessions`
--

DROP TABLE IF EXISTS `tb_sessions`;
/*!40101 SET @saved_cs_client     = @@character_set_client */;
/*!40101 SET character_set_client = utf8 */;
CREATE TABLE `tb_sessions` (
  `session_id` varchar(40) NOT NULL DEFAULT '0',
  `ip_address` varchar(45) NOT NULL DEFAULT '0',
  `user_agent` varchar(120) NOT NULL,
  `last_activity` int(10) unsigned NOT NULL DEFAULT '0',
  `user_data` text NOT NULL,
  PRIMARY KEY (`session_id`),
  KEY `last_activity_idx` (`last_activity`)
) ENGINE=MyISAM DEFAULT CHARSET=utf8;
/*!40101 SET character_set_client = @saved_cs_client */;

--
-- Dumping data for table `tb_sessions`
--

LOCK TABLES `tb_sessions` WRITE;
/*!40000 ALTER TABLE `tb_sessions` DISABLE KEYS */;
INSERT INTO `tb_sessions` VALUES ('102e50bec1201acdaae989925f8342bf','127.0.0.1','Mozilla/5.0 (Windows NT 6.2) AppleWebKit/537.31 (KHTML, like Gecko) Chrome/26.0.1410.64 Safari/537.31',1365743365,'a:3:{s:9:\"user_data\";s:0:\"\";s:4:\"init\";s:13:\"51679705443db\";s:14:\"client_details\";O:8:\"stdClass\":3:{s:4:\"name\";s:4:\"app1\";s:9:\"client_id\";s:32:\"6a559d1509d5e8e754cec1da30ce51b8\";s:12:\"auto_approve\";s:1:\"0\";}}'),('159c5d98346f8b29eb316b782400c305','192.168.180.1','Mozilla/5.0 (Windows NT 6.2; WOW64; rv:19.0) Gecko/20100101 Firefox/19.0',1365743063,'a:6:{s:9:\"user_data\";s:0:\"\";s:4:\"init\";s:13:\"516795d7b54f4\";s:7:\"user_id\";s:1:\"1\";s:9:\"user_name\";s:16:\"admin@yonyou.com\";s:10:\"user_email\";s:7:\"bsh@com\";s:11:\"non_ad_user\";b:1;}'),('b8c5f79533b2f144078b0c42e8e04c6f','192.168.180.1','Mozilla/5.0 (compatible; MSIE 10.0; Windows NT 6.2; WOW64; Trident/6.0)',1365736581,'a:6:{s:9:\"user_data\";s:0:\"\";s:4:\"init\";s:13:\"51677ce4a6e6c\";s:7:\"user_id\";s:2:\"45\";s:9:\"user_name\";s:14:\"vic@yonyou.com\";s:10:\"user_email\";s:7:\"bsh@com\";s:11:\"non_ad_user\";b:1;}');
/*!40000 ALTER TABLE `tb_sessions` ENABLE KEYS */;
UNLOCK TABLES;

--
-- Table structure for table `tb_sign`
--

DROP TABLE IF EXISTS `tb_sign`;
/*!40101 SET @saved_cs_client     = @@character_set_client */;
/*!40101 SET character_set_client = utf8 */;
CREATE TABLE `tb_sign` (
  `id` int(11) NOT NULL AUTO_INCREMENT,
  `creatorid` int(11) NOT NULL DEFAULT '0' COMMENT '创建人ID',
  `spaceid` int(11) NOT NULL DEFAULT '0' COMMENT '空间ID',
  `precision` varchar(32) NOT NULL DEFAULT '' COMMENT '经度',
  `latitude` varchar(32) NOT NULL DEFAULT '' COMMENT '纬度',
  `province` varchar(32) NOT NULL DEFAULT '' COMMENT '省',
  `city` varchar(32) NOT NULL DEFAULT '' COMMENT '市',
  `district` varchar(32) NOT NULL DEFAULT '' COMMENT '区',
  `address` varchar(32) NOT NULL DEFAULT '' COMMENT '签到地址',
  `clienttype` tinyint(4) NOT NULL DEFAULT '0' COMMENT '客户端类型0网页，1IOS，2安卓，3WP,4桌面端',
  `signtime` datetime NOT NULL DEFAULT '0000-00-00 00:00:00' COMMENT '签到时间',
  `signtype` tinyint(4) NOT NULL DEFAULT '0' COMMENT '签到类型（0-发言签到，1-手机手动签到，2-定时任务签到）',
  `signtypeid` int(11) NOT NULL DEFAULT '0' COMMENT '签到类型ID',
  `remark` varchar(512) NOT NULL DEFAULT '' COMMENT '备注',
  PRIMARY KEY (`id`)
) ENGINE=MyISAM AUTO_INCREMENT=3 DEFAULT CHARSET=utf8;
/*!40101 SET character_set_client = @saved_cs_client */;

--
-- Dumping data for table `tb_sign`
--

LOCK TABLES `tb_sign` WRITE;
/*!40000 ALTER TABLE `tb_sign` DISABLE KEYS */;
INSERT INTO `tb_sign` VALUES (1,40,2,'116.303965','39.990222','北京市','海淀区','','北京市北京市海淀区万泉河桥',3,'2013-04-20 17:14:32',1,0,''),(2,48,2,'116.387902','40.035315','北京市','朝阳区','','北京市北京市朝阳区清河路',2,'2013-05-03 10:27:12',1,0,'');
/*!40000 ALTER TABLE `tb_sign` ENABLE KEYS */;
UNLOCK TABLES;

--
-- Table structure for table `tb_sign_share`
--

DROP TABLE IF EXISTS `tb_sign_share`;
/*!40101 SET @saved_cs_client     = @@character_set_client */;
/*!40101 SET character_set_client = utf8 */;
CREATE TABLE `tb_sign_share` (
  `id` int(11) NOT NULL AUTO_INCREMENT,
  `fromid` int(11) NOT NULL DEFAULT '0' COMMENT '分享发起人ID',
  `toid` int(11) NOT NULL DEFAULT '0' COMMENT '分享目的人ID',
  `sortvalue` int(11) NOT NULL DEFAULT '0' COMMENT '排序码',
  PRIMARY KEY (`id`)
) ENGINE=MyISAM AUTO_INCREMENT=4 DEFAULT CHARSET=utf8;
/*!40101 SET character_set_client = @saved_cs_client */;

--
-- Dumping data for table `tb_sign_share`
--

LOCK TABLES `tb_sign_share` WRITE;
/*!40000 ALTER TABLE `tb_sign_share` DISABLE KEYS */;
INSERT INTO `tb_sign_share` VALUES (1,48,40,3),(2,40,2,0),(3,91,62,0);
/*!40000 ALTER TABLE `tb_sign_share` ENABLE KEYS */;
UNLOCK TABLES;

--
-- Table structure for table `tb_sign_task`
--

DROP TABLE IF EXISTS `tb_sign_task`;
/*!40101 SET @saved_cs_client     = @@character_set_client */;
/*!40101 SET character_set_client = utf8 */;
CREATE TABLE `tb_sign_task` (
  `id` int(11) NOT NULL AUTO_INCREMENT,
  `spaceid` int(11) NOT NULL DEFAULT '0' COMMENT '空间ID',
  `title` varchar(64) NOT NULL DEFAULT '' COMMENT '任务标题',
  `creatorid` int(11) NOT NULL DEFAULT '0' COMMENT '创建人ID',
  `starttime` datetime NOT NULL DEFAULT '0000-00-00 00:00:00' COMMENT '定时任务开始时间',
  `signtime` varchar(128) NOT NULL DEFAULT '' COMMENT '签到时间设置',
  `timingsetting` varchar(128) NOT NULL DEFAULT '' COMMENT '固定频率设置',
  `cycletype` varchar(32) NOT NULL DEFAULT '' COMMENT '任务重复类型：0-不重复 35表示周三和周五重复  有数字几就代表周几。',
  `endtime` datetime NOT NULL DEFAULT '0000-00-00 00:00:00' COMMENT '定时任务结束时间',
  `status` tinyint(4) NOT NULL DEFAULT '0' COMMENT '任务状态：0-停用，1-正常，2-删除',
  `isleaderenabled` bit(1) NOT NULL DEFAULT b'0' COMMENT '上级领导是否可见：0-否，1-是',
  `isautolocation` bit(1) NOT NULL DEFAULT b'0' COMMENT '是否开启自动定位功能，0-否，1-是',
  `createtime` datetime NOT NULL DEFAULT '0000-00-00 00:00:00' COMMENT '创建时间',
  PRIMARY KEY (`id`)
) ENGINE=MyISAM AUTO_INCREMENT=5 DEFAULT CHARSET=utf8;
/*!40101 SET character_set_client = @saved_cs_client */;

--
-- Dumping data for table `tb_sign_task`
--

LOCK TABLES `tb_sign_task` WRITE;
/*!40000 ALTER TABLE `tb_sign_task` DISABLE KEYS */;
INSERT INTO `tb_sign_task` VALUES (1,2,'zyb日程1',0,'2013-05-02 00:00:00','[\"18:00\"]','','0','2013-05-31 18:00:00',1,'\0','\0','2013-05-02 18:39:23'),(2,2,'zyb日程2',40,'2013-05-02 00:00:00','','{\"startTime\":\"18:00\",\"endTime\":\"23:00\",\"interval\":20}','13','2013-05-31 23:00:00',1,'\0','\0','2013-05-02 18:40:19'),(3,2,'zyb日程3',40,'2013-05-02 00:00:00','','{\"startTime\":\"18:00\",\"endTime\":\"23:00\",\"interval\":30}','123','2013-05-30 23:00:00',1,'\0','\0','2013-05-02 20:05:30'),(4,2,'测试公告！',40,'2013-05-02 00:00:00','[\"21:00\"]','','0','2013-05-02 21:00:00',1,'\0','\0','2013-05-02 20:11:53');
/*!40000 ALTER TABLE `tb_sign_task` ENABLE KEYS */;
UNLOCK TABLES;

--
-- Table structure for table `tb_sign_user`
--

DROP TABLE IF EXISTS `tb_sign_user`;
/*!40101 SET @saved_cs_client     = @@character_set_client */;
/*!40101 SET character_set_client = utf8 */;
CREATE TABLE `tb_sign_user` (
  `id` int(11) NOT NULL AUTO_INCREMENT,
  `spaceid` int(11) NOT NULL DEFAULT '0' COMMENT '空间ID',
  `signtaskid` int(11) NOT NULL DEFAULT '0' COMMENT '签到定时任务ID',
  `employeeid` int(11) NOT NULL DEFAULT '0' COMMENT '用户ID',
  `usertype` tinyint(4) NOT NULL DEFAULT '0' COMMENT '1-参与人，2-查看人',
  PRIMARY KEY (`id`)
) ENGINE=MyISAM AUTO_INCREMENT=19 DEFAULT CHARSET=utf8;
/*!40101 SET character_set_client = @saved_cs_client */;

--
-- Dumping data for table `tb_sign_user`
--

LOCK TABLES `tb_sign_user` WRITE;
/*!40000 ALTER TABLE `tb_sign_user` DISABLE KEYS */;
INSERT INTO `tb_sign_user` VALUES (9,2,1,2,1),(10,2,1,32,2),(11,2,2,30,1),(12,2,2,38,2),(13,2,3,30,1),(14,2,3,38,2),(16,2,4,2,1),(18,2,4,32,2);
/*!40000 ALTER TABLE `tb_sign_user` ENABLE KEYS */;
UNLOCK TABLES;

--
-- Table structure for table `tb_space`
--

DROP TABLE IF EXISTS `tb_space`;
/*!40101 SET @saved_cs_client     = @@character_set_client */;
/*!40101 SET character_set_client = utf8 */;
CREATE TABLE `tb_space` (
  `id` int(11) NOT NULL AUTO_INCREMENT,
  `name` varchar(64) NOT NULL DEFAULT '',
  `introduce` varchar(256) NOT NULL DEFAULT '' COMMENT '空间简介',
  `companyid` int(11) NOT NULL DEFAULT '0',
  `companyname` varchar(64) NOT NULL DEFAULT '' COMMENT '公司名称',
  `groupid` int(11) NOT NULL DEFAULT '0' COMMENT '集团ID 默认为0',
  `createtime` datetime NOT NULL DEFAULT '0000-00-00 00:00:00' COMMENT '创建时间',
  `creatorid` int(11) NOT NULL DEFAULT '0' COMMENT '创建者ID',
  `contactperson` varchar(32) NOT NULL DEFAULT '' COMMENT '企业联系人',
  `employeenum` int(11) NOT NULL DEFAULT '0' COMMENT '空间总人数',
  `logoid` int(11) NOT NULL DEFAULT '0' COMMENT '空间logo 资源ID',
  `logourl` varchar(128) NOT NULL DEFAULT '' COMMENT '空间logo 引用地址',
  `toplogoid` int(11) NOT NULL DEFAULT '0' COMMENT '顶部logo 资源ID',
  `toplogourl` varchar(128) NOT NULL DEFAULT '' COMMENT '顶部logo 引用地址',
  `emaildomain` varchar(64) NOT NULL DEFAULT '' COMMENT '邮箱后缀',
  `parentid` int(11) NOT NULL DEFAULT '0' COMMENT '外部空间所属主体空间id',
  `type` tinyint(4) NOT NULL DEFAULT '0' COMMENT '0-普通空间，1-外部空间',
  `status` tinyint(4) NOT NULL DEFAULT '0' COMMENT '状态 0待审核 1 正常 审核通过,2 审核不太敢 3停用,4解散',
  `source` tinyint(4) NOT NULL DEFAULT '0' COMMENT '注册来源      0: web  1: T+   2:其他接口 ',
  `firstletter` char(1) NOT NULL DEFAULT '' COMMENT '首字母',
  `emailserver` varchar(64) NOT NULL DEFAULT '' COMMENT '邮件服务器地址',
  `emailport` tinyint(4) NOT NULL DEFAULT '0' COMMENT '邮件服务器端口',
  `emailusername` varchar(64) NOT NULL DEFAULT '' COMMENT '邮件服务器名称',
  `emailuserpwd` varchar(64) NOT NULL DEFAULT '' COMMENT '邮件服务器密码',
  `email` varchar(128) NOT NULL DEFAULT '' COMMENT '发邮件邮箱',
  PRIMARY KEY (`id`)
) ENGINE=MyISAM AUTO_INCREMENT=173 DEFAULT CHARSET=utf8 COMMENT='空间表';
/*!40101 SET character_set_client = @saved_cs_client */;

--
-- Dumping data for table `tb_space`
--

LOCK TABLES `tb_space` WRITE;
/*!40000 ALTER TABLE `tb_space` DISABLE KEYS */;
INSERT INTO `tb_space` VALUES (1,'用友软件集团','',2,'',1,'0000-00-00 00:00:00',0,'',0,0,'',0,'','yonyou.com',0,0,1,0,'y','',0,'','',''),(2,'畅捷通','有爱在心，我是畅捷通',1,'',1,'2013-04-12 11:11:16',0,'曾志勇',0,0,'',0,'','chanjet.com',0,0,1,0,'c','',0,'','',''),(3,'baidu','',0,'',0,'0000-00-00 00:00:00',0,'',0,0,'',0,'','',0,0,1,0,'','',0,'','',''),(154,'qiutaoqiutao','',31,'',0,'2013-04-13 11:23:05',0,'',0,0,'',0,'','',0,0,1,0,'','',0,'','',''),(159,'eYou','',36,'',0,'2013-04-26 11:27:49',0,'',0,0,'',0,'','',0,0,1,0,'','',0,'','',''),(160,'USA','',37,'',0,'2013-05-13 13:35:55',0,'',0,0,'',0,'','',0,0,1,0,'','',0,'','',''),(161,'T+主空间','',38,'',0,'2013-05-13 13:37:29',38,'',0,0,'',0,'','',0,0,1,0,'','',0,'','',''),(162,'T+经销商社区','',39,'',0,'2013-05-13 13:39:09',38,'',0,0,'',0,'','',0,0,1,0,'','',0,'','',''),(163,'USA','',40,'',0,'2013-05-13 13:39:39',0,'',0,0,'',0,'','',0,0,3,0,'','',0,'','',''),(164,'USA','',41,'',0,'2013-05-13 14:08:21',0,'',0,0,'',0,'','',0,0,1,0,'','',0,'','',''),(165,'福建电信','',42,'',0,'2013-05-14 10:12:33',0,'',0,0,'',0,'','',0,0,1,0,'','',0,'','',''),(166,'中国电信','',43,'',0,'2013-05-14 10:45:25',0,'',0,0,'',0,'','',0,0,1,0,'','',0,'','',''),(167,'畅捷车站','',44,'',0,'2013-05-14 10:55:10',0,'',0,0,'',0,'','',0,0,1,0,'','',0,'','',''),(168,'高然的测试','',45,'',0,'2013-05-17 10:47:26',0,'',0,0,'',0,'','',0,0,1,0,'','',0,'','',''),(169,'高然的测试2','',46,'',0,'2013-05-17 10:57:19',0,'',0,0,'',0,'','',0,0,1,0,'','',0,'','',''),(170,'大熊猫','',47,'',0,'2013-05-20 10:42:09',0,'',0,0,'',0,'','',0,0,1,0,'','',0,'','',''),(171,'大熊猫1','',48,'',0,'2013-05-20 10:42:18',0,'',0,0,'',0,'','',0,0,1,0,'','',0,'','',''),(172,'成都杰创','',49,'',0,'2013-05-28 10:10:40',0,'',0,0,'',0,'','',0,0,1,0,'','',0,'','','');
/*!40000 ALTER TABLE `tb_space` ENABLE KEYS */;
UNLOCK TABLES;

--
-- Table structure for table `tb_space_app`
--

DROP TABLE IF EXISTS `tb_space_app`;
/*!40101 SET @saved_cs_client     = @@character_set_client */;
/*!40101 SET character_set_client = utf8 */;
CREATE TABLE `tb_space_app` (
  `id` int(11) NOT NULL AUTO_INCREMENT COMMENT 'ID',
  `spaceid` int(11) NOT NULL DEFAULT '0' COMMENT '空间ID',
  `appid` int(11) NOT NULL DEFAULT '0' COMMENT '应用ID',
  `status` tinyint(4) NOT NULL DEFAULT '0' COMMENT '状态 0启用显示  1禁用隐藏',
  `sortvalue` int(11) NOT NULL DEFAULT '0' COMMENT '排序码',
  PRIMARY KEY (`id`)
) ENGINE=MyISAM AUTO_INCREMENT=154 DEFAULT CHARSET=utf8;
/*!40101 SET character_set_client = @saved_cs_client */;

--
-- Dumping data for table `tb_space_app`
--

LOCK TABLES `tb_space_app` WRITE;
/*!40000 ALTER TABLE `tb_space_app` DISABLE KEYS */;
INSERT INTO `tb_space_app` VALUES (36,39,7,0,1),(37,2,2,0,3),(38,2,3,0,4),(39,2,4,0,5),(40,2,5,1,2),(41,2,6,0,6),(63,160,1,0,0),(64,160,2,0,0),(65,160,3,0,0),(66,160,4,0,0),(67,160,5,0,0),(68,160,6,0,0),(70,161,1,0,0),(71,161,2,0,0),(72,161,3,0,0),(73,161,4,0,0),(74,161,5,0,0),(75,161,6,0,0),(77,162,1,0,0),(78,162,2,0,0),(79,162,3,0,0),(80,162,4,0,0),(81,162,5,0,0),(82,162,6,0,0),(84,163,1,0,0),(85,163,2,0,0),(86,163,3,0,0),(87,163,4,0,0),(88,163,5,0,0),(89,163,6,0,0),(91,164,1,0,0),(92,164,2,0,0),(93,164,3,0,0),(94,164,4,0,0),(95,164,5,0,0),(96,164,6,0,0),(98,165,1,0,0),(99,165,2,0,0),(100,165,3,0,0),(101,165,4,0,0),(102,165,5,0,0),(103,165,6,0,0),(105,166,1,0,0),(106,166,2,0,0),(107,166,3,0,0),(108,166,4,0,0),(109,166,5,0,0),(110,166,6,0,0),(112,167,1,0,0),(113,167,2,0,0),(114,167,3,0,0),(115,167,4,0,0),(116,167,5,0,0),(117,167,6,0,0),(119,168,1,0,0),(120,168,2,0,0),(121,168,3,0,0),(122,168,4,0,0),(123,168,5,0,0),(124,168,6,0,0),(125,168,7,0,0),(126,169,1,0,0),(127,169,2,0,0),(128,169,3,0,0),(129,169,4,0,0),(130,169,5,0,0),(131,169,6,0,0),(132,169,7,0,0),(133,170,1,0,0),(134,170,2,0,0),(135,170,3,0,0),(136,170,4,0,0),(137,170,5,0,0),(138,170,6,0,0),(139,170,7,0,0),(140,171,1,0,0),(141,171,2,0,0),(142,171,3,0,0),(143,171,4,0,0),(144,171,5,0,0),(145,171,6,0,0),(146,171,7,0,0),(147,172,1,0,0),(148,172,2,0,0),(149,172,3,0,0),(150,172,4,0,0),(151,172,5,0,0),(152,172,6,0,0),(153,172,7,0,0);
/*!40000 ALTER TABLE `tb_space_app` ENABLE KEYS */;
UNLOCK TABLES;

--
-- Table structure for table `tb_space_auth`
--

DROP TABLE IF EXISTS `tb_space_auth`;
/*!40101 SET @saved_cs_client     = @@character_set_client */;
/*!40101 SET character_set_client = utf8 */;
CREATE TABLE `tb_space_auth` (
  `id` int(10) unsigned NOT NULL AUTO_INCREMENT,
  `spaceid` int(10) unsigned NOT NULL COMMENT '空间ID',
  `parentid` int(10) unsigned NOT NULL DEFAULT '0' COMMENT '父空间ID',
  `employeeid` int(10) unsigned NOT NULL DEFAULT '0' COMMENT '用户ID',
  `authcodeid` int(10) NOT NULL DEFAULT '0' COMMENT '授权码ID',
  `levelcode` varchar(255) NOT NULL DEFAULT '' COMMENT '加密狗',
  `appurl` varchar(255) NOT NULL DEFAULT '' COMMENT '帐套地址',
  `appnum` varchar(64) NOT NULL DEFAULT '' COMMENT '帐套号',
  `appverifyguid` varchar(36) NOT NULL DEFAULT '',
  `expiretime` datetime NOT NULL DEFAULT '0000-00-00 00:00:00' COMMENT '过期时间',
  `maxspacecount` tinyint(1) unsigned NOT NULL DEFAULT '1' COMMENT '允许创建外部空间最大数',
  PRIMARY KEY (`id`),
  UNIQUE KEY `spaceid` (`spaceid`),
  KEY `authcodeid` (`authcodeid`),
  KEY `parentid` (`parentid`)
) ENGINE=MyISAM AUTO_INCREMENT=3 DEFAULT CHARSET=utf8 COMMENT='授权空间信息表';
/*!40101 SET character_set_client = @saved_cs_client */;

--
-- Dumping data for table `tb_space_auth`
--

LOCK TABLES `tb_space_auth` WRITE;
/*!40000 ALTER TABLE `tb_space_auth` DISABLE KEYS */;
INSERT INTO `tb_space_auth` VALUES (1,161,0,38,1,'','127.0.0.1','111','','0000-00-00 00:00:00',1),(2,162,161,38,1,'','127.0.0.1','111','','0000-00-00 00:00:00',0);
/*!40000 ALTER TABLE `tb_space_auth` ENABLE KEYS */;
UNLOCK TABLES;

--
-- Table structure for table `tb_space_authcode`
--

DROP TABLE IF EXISTS `tb_space_authcode`;
/*!40101 SET @saved_cs_client     = @@character_set_client */;
/*!40101 SET character_set_client = utf8 */;
CREATE TABLE `tb_space_authcode` (
  `id` int(10) unsigned NOT NULL AUTO_INCREMENT,
  `authcode` char(32) NOT NULL DEFAULT '' COMMENT '授权码',
  `machinecode` char(128) DEFAULT '' COMMENT '机器码',
  `appid` int(10) DEFAULT '0' COMMENT '产品ID',
  `status` tinyint(1) NOT NULL DEFAULT '1' COMMENT '授权码状态',
  PRIMARY KEY (`id`),
  KEY `authcode` (`authcode`),
  KEY `appid_machinecode` (`machinecode`,`appid`)
) ENGINE=MyISAM AUTO_INCREMENT=2 DEFAULT CHARSET=utf8 COMMENT='授权码';
/*!40101 SET character_set_client = @saved_cs_client */;

--
-- Dumping data for table `tb_space_authcode`
--

LOCK TABLES `tb_space_authcode` WRITE;
/*!40000 ALTER TABLE `tb_space_authcode` DISABLE KEYS */;
INSERT INTO `tb_space_authcode` VALUES (1,'10000000.79D169BA73D9.1368422495','1|xxxxxxx|xxxxxx|xxxxxxxx',1,1);
/*!40000 ALTER TABLE `tb_space_authcode` ENABLE KEYS */;
UNLOCK TABLES;

--
-- Table structure for table `tb_space_esy`
--

DROP TABLE IF EXISTS `tb_space_esy`;
/*!40101 SET @saved_cs_client     = @@character_set_client */;
/*!40101 SET character_set_client = utf8 */;
CREATE TABLE `tb_space_esy` (
  `id` int(10) NOT NULL AUTO_INCREMENT COMMENT '自增ID',
  `space_id` mediumint(8) unsigned NOT NULL COMMENT '空间id',
  `cust_id` varchar(100) NOT NULL COMMENT '客户ID',
  `cust_account` varchar(100) DEFAULT NULL COMMENT '客户帐号',
  `license_num` smallint(4) unsigned NOT NULL DEFAULT '0' COMMENT '客户产产品规模',
  PRIMARY KEY (`id`)
) ENGINE=MyISAM AUTO_INCREMENT=7 DEFAULT CHARSET=utf8 COMMENT='领航平台空间映射表';
/*!40101 SET character_set_client = @saved_cs_client */;

--
-- Dumping data for table `tb_space_esy`
--

LOCK TABLES `tb_space_esy` WRITE;
/*!40000 ALTER TABLE `tb_space_esy` DISABLE KEYS */;
INSERT INTO `tb_space_esy` VALUES (1,2,'eeee','ee',0),(2,1,'SD5310000473','wp802009',300),(4,164,'FJ0900213453888','apple01',300),(5,165,'FJ20130514','banana',999),(6,166,'FJ201305141043','cat',300);
/*!40000 ALTER TABLE `tb_space_esy` ENABLE KEYS */;
UNLOCK TABLES;

--
-- Table structure for table `tb_space_group`
--

DROP TABLE IF EXISTS `tb_space_group`;
/*!40101 SET @saved_cs_client     = @@character_set_client */;
/*!40101 SET character_set_client = utf8 */;
CREATE TABLE `tb_space_group` (
  `id` int(11) NOT NULL,
  `name` varchar(64) NOT NULL DEFAULT '' COMMENT '集团名称',
  PRIMARY KEY (`id`)
) ENGINE=MyISAM DEFAULT CHARSET=utf8;
/*!40101 SET character_set_client = @saved_cs_client */;

--
-- Dumping data for table `tb_space_group`
--

LOCK TABLES `tb_space_group` WRITE;
/*!40000 ALTER TABLE `tb_space_group` DISABLE KEYS */;
INSERT INTO `tb_space_group` VALUES (1,'大集团');
/*!40000 ALTER TABLE `tb_space_group` ENABLE KEYS */;
UNLOCK TABLES;

--
-- Table structure for table `tb_speech`
--

DROP TABLE IF EXISTS `tb_speech`;
/*!40101 SET @saved_cs_client     = @@character_set_client */;
/*!40101 SET character_set_client = utf8 */;
CREATE TABLE `tb_speech` (
  `id` int(11) NOT NULL AUTO_INCREMENT,
  `groupid` int(11) NOT NULL DEFAULT '0' COMMENT '群组ID',
  `employeeid` int(11) NOT NULL DEFAULT '0' COMMENT '成员ID',
  `content` text NOT NULL COMMENT '发言内容',
  `ishasfile` bit(1) NOT NULL DEFAULT b'0' COMMENT '是否有附件,0:没有;1:有',
  `createtime` datetime NOT NULL DEFAULT '0000-00-00 00:00:00' COMMENT '发布时间',
  `originalid` int(11) NOT NULL DEFAULT '0' COMMENT '转发的会话id 默认为0代表正常发言，如果不为0则代表转发自其它发言。',
  `turnnum` int(11) NOT NULL DEFAULT '0' COMMENT '转发量',
  `replynum` int(11) NOT NULL DEFAULT '0' COMMENT '回复数',
  `privacytype` tinyint(4) NOT NULL DEFAULT '0' COMMENT '0全员可见  1只@人可见  2只@人可见且回复仅创建者可见 ',
  `clienttype` tinyint(4) NOT NULL DEFAULT '0' COMMENT '标记动态产生的来源：0网页，1IOS，2安卓，3WP,4桌面端',
  PRIMARY KEY (`id`)
) ENGINE=MyISAM AUTO_INCREMENT=159 DEFAULT CHARSET=utf8;
/*!40101 SET character_set_client = @saved_cs_client */;

--
-- Dumping data for table `tb_speech`
--

LOCK TABLES `tb_speech` WRITE;
/*!40000 ALTER TABLE `tb_speech` DISABLE KEYS */;
INSERT INTO `tb_speech` VALUES (4,32,2,'顺德顺友通的一个客户今天也落单了，客户是生产照明产品的，全国分销。因全国有四五家工厂，内部的生产管理用的U8，但U8一直解决不了他们分销的问题，后来伙伴向我咨询T+ 11.5，重点给他们介绍了经销商社区和跑店管理，伙伴一听，这也太符合客户的需求了吧，客户在全国有很多业务员，在全国各地的建材市场发展经销商，一方面需要一个平台可让经销商直接下订单，另一方面需要让各地业务员汇报经销商的销量和库存，最终客户购买了3许可的业务，1许可的分销（主要用来规划跑店路线），50用户的经销商社区，50用户的手机跑店，成交价也是7万多，这只是一期而已，后期经销商社区和跑店还需增加。','','2013-04-25 13:34:53',0,2,3,1,0),(5,0,2,'今天和铜陵点津何总一同拜访了财政局会计科，对方计划在本月底举办新制度培训，介绍了我们在全国包括安徽协助财政部门进行新制度的推广策略，对方有些兴趣，但由于涉及铜陵所有行政事业单位的培训，里面还有其他内容，我们参与需要正局认可，伙伴回来就开始联系关系，还需努力。今天和铜陵点津何总一同拜访了财政局会计科，对方计划在本月底举办新制度培训，介绍了我们在全国包括安徽协助财政部门进行新制度的推广策略，对方有些兴趣，但由于涉及铜陵所有行政事业单位的培训，里面还有其他内容，我们参与需要正局认可，伙伴回来就开始联系关系，还需努力。\r\n 今天和铜陵点津何总一同拜访了财政局会计科，对方计划在本月底举办新制度培训，介绍了我们在全国包括安徽协助财政部门进行新制度的推广策略，对方有些兴趣，但由于涉及铜陵所有行政事业单位的培训，里面还有其他内容，我们参与需要正局认可，伙伴回来就开始联系关系，还需努力。\r\n 今天和铜陵点津何总一同拜访了财政局会计科，对方计划在本月底举办新制度培训，介绍了我们在全国包括安徽协助财政部门进行新制度的推广策略，对方有些兴趣，但由于涉及铜陵所有行政事业单位的培训，里面还有其他内容，我们参与需要正局认可，伙伴回来就开始联系关系，还需努力。\r\n ','','2013-04-25 13:36:28',0,0,1,0,0),(6,0,2,'听会计家园《论道》，送OPPO手机！\r\n会计家园将推出高端品牌栏目《论道》，5月9日上午10:30-11:30首期《论道 • CFO是怎样炼成的》特邀《首席财务官》杂志出版人田茂永客串主持，邀请辉瑞制药中国区CFO苗天祥为您讲述：怎样从一名基础财务人员做到了大型跨国企业的CFO？参与报名、听课并填写调查问卷，就可参加抽奖，奖品为OPPO赞助的“自拍神器“Ulike2 智能手机一部， 价值2300元。 \r\n欢迎大家踊跃报名参加。报名链接如下：http://www.mykuaiji.com/class.html?id=188502','','2013-04-25 13:39:20',0,0,1,0,0),(7,1,2,'江苏电信逆天了，N719合约3880再送900话费。元芳，你怎么看？','','2013-04-25 15:51:54',0,0,1,0,0),(9,0,2,'第一条发言测试  from 李胜 10','','2013-05-09 14:35:40',0,0,0,0,0),(10,0,2,'测试发言','','2013-05-09 14:38:55',0,0,0,0,0),(11,0,2,'大啊啊啊啊啊','','2013-05-09 14:41:34',0,0,2,0,0),(12,52,2,'打算打打苏打水大大声地','','2013-05-09 14:54:17',0,0,0,0,0),(13,0,2,'打算打算打算','','2013-05-09 14:59:19',4,0,0,0,0),(14,0,2,'111111','','2013-05-09 15:01:34',0,0,0,0,0),(15,0,2,'畅捷CRM的灵活性确实不错，最近与客户一起研究调整，改得一点都不想原来的样子了，居然满足客户的需求了，值得记录.','','2013-05-09 19:10:04',0,0,0,0,0),(16,0,2,'畅捷通软件研发中心为体现关爱员工、与员工共成长同进步，每月都会举办生日PARTY~刚刚过去的4月生日会中充满温馨与感动，大家一同许愿、一同吹蜡烛、一同切蛋糕……在大家的欢声笑语中圆满落幕！不一样的2013，不一样的生日party~愿大家在研发这个幸福的大家庭中开开心心！','','2013-05-09 19:10:23',0,0,0,0,0),(17,0,2,'《会计家园》今天推出了两场直播，一场是《CFO是怎样练成的？》，辉瑞制药的CFO苗天祥讲述：他是如何脚踏实地从一名基础财务人员做到了大型跨国企业的CFO。另一场是财税云咨询部戴崇恩带来的的《车辆购置、处置、意外报废等财税问题分析》，详细解析实务操作中，如何准确确认固定资产的原值、如何处理相应的税费。——专业服务、黏住客户，让更多的财会人员到会计家园来！','','2013-05-09 19:11:24',0,0,0,0,0),(18,0,53,'十点多所得到的','','2013-05-13 16:24:34',0,0,0,0,0),(19,0,60,'速度确实快。','','2013-05-14 08:54:16',0,0,0,0,0),(20,0,52,'可以发言了吗？','','2013-05-13 23:53:50',0,0,0,0,0),(21,0,48,'各位伙伴大家好：\n“520我爱小微企业——新准则 营改增 升’轻松”线上活动上线了！大家可以参与“网络课堂+用户产品体验+模拟考试+幸运抽奖”等线上活动，完成任务，攒爱心币，抽OPPO大奖！\n线上活动通过完成任务、积分累加的形式，收集60个爱心币就可以参加抽奖！包括：【我要考试】：每天可以考3次，每次取最高分，累加爱心币；【我要体验】：此次活动特设【用户体验馆】，邀请您线上体验畅捷通信息化产品；体验信息化产品即获得相应积分；【我要听课】：可以学习财税相关知识；','','2013-05-14 15:03:59',0,0,0,0,0),(22,0,48,'我们在和客户老总沟通和演示T+亮点功能--远程管控异地50家松散合作的分销商时，用跑店管理，和经销商社区来及时了解分销商的库存和及时准确地补货，老板很是震撼，当我们给他看手机移动端及时上报信息和查看报表及审批单据时，老板当时就问，你们实施费人天多少，U8总体30多万，只要不超出U8价格就好，把U8数据全部导入到T+来，赶紧做实施。\n呵呵,伙伴在电话里说,T+真是把快刀啊.,对手想从我们手上得到便宜,真是刀口舔血啊!','','2013-05-14 15:05:17',0,0,0,0,0),(23,0,51,'好困啊','','2013-05-14 16:00:45',0,0,0,0,0),(24,66,51,'看看我的发言','','2013-05-14 16:02:01',0,0,0,0,0),(25,0,2,'发言不带图片了','\0','2013-05-14 16:05:32',0,0,0,0,0),(32,0,2,'飞<img ele_role=\"need\" title=\"嘻嘻\" alt=\"嘻嘻\" src=\"/images/face/tootha_thumb.gif\"><img ele_role=\"need\" title=\"怒\" alt=\"怒\" src=\"/images/face/angrya_thumb.gif\">苟富贵','\0','2013-05-14 21:17:03',0,0,0,0,0),(33,0,0,'飞<img ele_role=\"need\" title=\"嘻嘻\" alt=\"嘻嘻\" src=\"/images/face/tootha_thumb.gif\"><img ele_role=\"need\" title=\"怒\" alt=\"怒\" src=\"/images/face/angrya_thumb.gif\">苟富贵','\0','2013-05-14 21:17:03',0,0,0,0,0),(34,0,2,'的速度多少<img ele_role=\"need\" title=\"懒得理你\" alt=\"懒得理你\" src=\"/images/face/ldln_thumb.gif\"><img ele_role=\"need\" title=\"晕\" alt=\"晕\" src=\"/images/face/dizzya_thumb.gif\">','\0','2013-05-14 21:17:20',0,0,0,0,0),(35,0,0,'的速度多少<img ele_role=\"need\" title=\"懒得理你\" alt=\"懒得理你\" src=\"/images/face/ldln_thumb.gif\"><img ele_role=\"need\" title=\"晕\" alt=\"晕\" src=\"/images/face/dizzya_thumb.gif\">','\0','2013-05-14 21:17:20',0,0,0,0,0),(36,0,2,'灌灌灌灌<img ele_role=\"need\" title=\"太开心\" alt=\"太开心\" src=\"/images/face/mb_thumb.gif\">','\0','2013-05-14 21:20:34',0,0,0,0,0),(37,0,0,'灌灌灌灌<img ele_role=\"need\" title=\"太开心\" alt=\"太开心\" src=\"/images/face/mb_thumb.gif\">','\0','2013-05-14 21:20:34',0,0,0,0,0),(38,0,2,'反反复复<img ele_role=\"need\" title=\"给力\" alt=\"给力\" src=\"/images/face/geili_thumb.gif\">','\0','2013-05-14 21:21:29',0,0,0,0,0),(39,0,2,'凤飞飞<img ele_role=\"need\" title=\"馋嘴\" alt=\"馋嘴\" src=\"/images/face/cza_thumb.gif\">','\0','2013-05-14 21:21:47',0,0,0,0,0),(40,0,2,'的撒啊<img ele_role=\"need\" title=\"拜拜\" alt=\"拜拜\" src=\"/images/face/88_thumb.gif\"><img ele_role=\"need\" title=\"拜拜\" alt=\"拜拜\" src=\"/images/face/88_thumb.gif\">','\0','2013-05-14 21:24:27',0,0,0,0,0),(41,0,2,'d撒旦','\0','2013-05-14 21:25:13',0,0,0,0,0),(42,0,2,'大声道<img ele_role=\"need\" title=\"给力\" alt=\"给力\" src=\"/images/face/geili_thumb.gif\"><img ele_role=\"need\" title=\"困\" alt=\"困\" src=\"/images/face/sleepya_thumb.gif\">','\0','2013-05-14 21:25:49',0,0,0,0,0),(43,0,2,'啊啊啊啊<img ele_role=\"need\" title=\"围观\" alt=\"围观\" src=\"/images/face/wg_thumb.gif\">','\0','2013-05-14 21:28:21',0,0,0,0,0),(44,0,2,'的速度多少<img ele_role=\"need\" title=\"懒得理你\" alt=\"懒得理你\" src=\"/images/face/ldln_thumb.gif\"><img ele_role=\"need\" title=\"晕\" alt=\"晕\" src=\"/images/face/dizzya_thumb.gif\">','\0','2013-05-14 21:29:28',0,0,0,0,0),(45,0,2,'企业空间<img ele_role=\"need\" title=\"给力\" alt=\"给力\" src=\"/images/face/geili_thumb.gif\">，<img ele_role=\"need\" title=\"神马\" alt=\"神马\" src=\"/images/face/horse2_thumb.gif\">，<img ele_role=\"need\" title=\"鼓掌\" alt=\"鼓掌\" src=\"/images/face/gza_thumb.gif\">qiater威武！<img ele_role=\"need\" title=\"互粉\" alt=\"互粉\" src=\"/images/face/hufen_thumb.gif\">','\0','2013-05-14 21:30:20',0,0,0,0,0),(46,0,2,'<p style=\"margin-bottom: 25px; line-height: 24px; text-indent: 28px; font-size: 14px; color: rgb(43, 43, 43); font-family: simsun, arial, helvetica, clean, sans-serif; background-color: rgb(255, 255, 255);\">中新网5月14日电 据台湾东森新闻网报道，菲律宾“驻台代表”白熙礼14日抵台，最后确定答应台湾地区当局要求的三项条件，包括正式道歉、尽速彻查事实严惩凶手等，但赔偿损失部分则没有正式答应。<span style=\"font-size: 14px; background-color: rgb(255, 255, 255);\">&nbsp;</span><span class=\"ifengLogo\" style=\"font-size: 14px; padding-left: 32px;\"><a href=\"http://www.ifeng.com/\" target=\"_blank\" style=\"color: rgb(0, 66, 118); font-weight: bold;\"><img src=\"http://img.ifeng.com/page/Logo.gif\" width=\"15\" height=\"17\" style=\"margin-left: -28px;\"><img ele_role=\"need\" title=\"奥特曼\" alt=\"奥特曼\" src=\"/images/face/otm_thumb.gif\"></a></span></p>','\0','2013-05-14 21:43:26',0,0,0,0,0),(47,0,2,'<em style=\"font-style: normal; color: rgb(66, 48, 9); font-family: Arial, Helvetica, sans-serif; font-size: 12px; line-height: 19px; background-color: rgb(242, 242, 242);\">曾几何时，你已经回到家里了，朋友的电话打来，喊你出去玩，你二话不说，马上就穿回衣服出去玩。如今，你却会懒洋洋地说：“已经回家了，不去了，累呢。”这一刻，你终于明白自己老了。——张小娴</em>','\0','2013-05-14 21:46:36',0,0,0,0,0),(48,0,60,'新的一天。','\0','2013-05-15 08:44:43',0,0,0,0,0),(49,0,53,'sddddd','\0','2013-05-15 09:00:16',0,0,0,0,0),(50,0,62,'test','\0','2013-05-15 09:28:18',0,0,0,0,0),(51,0,62,'test','\0','2013-05-15 09:28:23',0,0,0,0,0),(52,0,62,'test','\0','2013-05-15 09:28:23',0,0,0,0,0),(53,0,2,'<span class=\"Apple-style-span\" style=\"color: rgb(118, 118, 118); font-family: arial, 宋体; font-size: 14px; line-height: 22px; background-color: rgb(255, 255, 255);\">[分享-除垢小妙招]: 分享一下如何快速、有效、经济、实惠、便捷的除水垢<img title=\"挤眼\" alt=\"挤眼\" src=\"http://esn.chanjet.com/images/face/zy_thumb.gif\" ele_role=\"need\" style=\"word-wrap: break-word; font-size: 14px; vertical-align: top;\">&nbsp;<br style=\"word-wrap: break-word; margin: 0px; padding: 0px; outline: 0px; background-color: transparent;\">已知可用的对象：不锈钢烧水壶、热水瓶内胆（目前只验证过这两类）<br style=\"word-wrap: break-word; margin: 0px; padding: 0px; outline: 0px; background-color: transparent;\">使用材料：一个鸡蛋壳（生鸡蛋壳、熟鸡蛋壳均可以用）、自来水<br style=\"word-wrap: break-word; margin: 0px; padding: 0px; outline: 0px; background-color: transparent;\">办法：1、将鸡蛋壳掰碎，放到需要除水垢的物品中（类似办公室的暖壶放一个鸡蛋壳就可以，大号的暖瓶放两个。一定要掰碎，不然倒不出来）<br style=\"word-wrap: break-word; margin: 0px; padding: 0px; outline: 0px; background-color: transparent;\">2、加少量（能没过蛋壳就可以，不需要太多）自来水<br style=\"word-wrap: break-word; margin: 0px; padding: 0px; outline: 0px; background-color: transparent;\">3、左右晃动壶，让水刷壶内壁，一会水垢就下来了，跟新买的一样！（验证过的时间：烧水壶大概1-2分钟，大号暖瓶大概4-5分钟，也许用不上……）</span>','\0','2013-05-15 09:37:10',0,0,0,0,0),(54,0,2,'<img ele_role=\"need\" title=\"嘻嘻\" alt=\"嘻嘻\" src=\"/images/face/tootha_thumb.gif\">','\0','2013-05-15 09:37:35',0,0,0,0,0),(55,0,2,'<img ele_role=\"need\" title=\"可爱\" alt=\"可爱\" src=\"/images/face/tza_thumb.gif\"><img ele_role=\"need\" title=\"太开心\" alt=\"太开心\" src=\"/images/face/mb_thumb.gif\"><img ele_role=\"need\" title=\"给力\" alt=\"给力\" src=\"/images/face/geili_thumb.gif\">','\0','2013-05-15 09:52:56',0,0,0,0,0),(56,0,2,'随着海军对南沙海域战备巡逻的常态化，在南沙海域，常年都有南海舰队派出的不同类型的舰船进行例行性战备巡逻。担负南沙战备巡逻任务的舰船开展了防空、反潜、导弹攻击、主副炮射击等实战化课目训练，还与南沙守礁官兵以及在南沙海域维权执法的渔政、海监等船只形成了一套科学有效的联动机制.','\0','2013-05-15 10:01:29',0,0,0,0,0),(57,0,62,'test','\0','2013-05-15 10:09:27',0,0,0,0,0),(58,0,2,'<img ele_role=\"need\" title=\"围观\" alt=\"围观\" src=\"/images/face/wg_thumb.gif\">','\0','2013-05-15 10:27:28',0,0,0,0,0),(59,0,2,'<img ele_role=\"need\" title=\"太开心\" alt=\"太开心\" src=\"/images/face/mb_thumb.gif\">&nbsp;新页面 &nbsp;good &nbsp;&nbsp;<img ele_role=\"need\" title=\"哈哈\" alt=\"哈哈\" src=\"/images/face/laugh.gif\">','\0','2013-05-15 10:38:12',0,0,0,0,0),(60,0,2,'<span class=\"Apple-style-span\" style=\"color: rgb(118, 118, 118); font-family: arial, 宋体; font-size: 14px; line-height: 22px; background-color: rgb(255, 255, 255); \">苏州GJP伙伴蹲点支持，通过给伙伴培训沟通挖掘商机的套路，伙伴决定下阶段放一广告牌在五金批发市场，作为T+商机的获取来源，并树立公司专业形象，广告牌尺寸为3082X11.32，请问哪个部门或哪位高手有设计模板或设计方案给与帮助。</span>','\0','2013-05-15 11:19:56',0,0,0,0,0),(62,0,2,'<img ele_role=\"need\" title=\"神马\" alt=\"神马\" src=\"/images/face/horse2_thumb.gif\"><img ele_role=\"need\" title=\"围观\" alt=\"围观\" src=\"/images/face/wg_thumb.gif\"><img ele_role=\"need\" title=\"囧\" alt=\"囧\" src=\"/images/face/j_thumb.gif\"><img ele_role=\"need\" title=\"互粉\" alt=\"互粉\" src=\"/images/face/hufen_thumb.gif\">','\0','2013-05-15 16:21:09',0,0,0,0,0),(63,0,51,'<p class=\"f14\"><a class=\"ya_contentA iconY_01\" tabindex=\"-1\" href=\"/space/cons/index/id/193\" rel=\"/api/ajax/partnerinfo/pid/193\" ele_role=\"need\" tips=\"1\" for=\"/space/cons/index/id/193\" rnum=\"2827643\" category=\"10\" member_id=\"193\" default=\"李少萍\">李少萍</a> <a class=\"ya_contentA iconY_01\" tabindex=\"-1\" href=\"/space/cons/index/id/37854\" rel=\"/api/ajax/partnerinfo/pid/37854\" ele_role=\"need\" tips=\"1\" for=\"/space/cons/index/id/37854\" category=\"10\" member_id=\"37854\" default=\"韩磊\">韩磊</a> <a class=\"ya_contentA iconY_01\" tabindex=\"-1\" href=\"/space/cons/index/id/37849\" rel=\"/api/ajax/partnerinfo/pid/37849\" ele_role=\"need\" tips=\"1\" for=\"/space/cons/index/id/37849\" category=\"10\" member_id=\"37849\" default=\"茹海\">茹海</a> 企业空间注册登录页面，快速入门八个场景介绍页面设计稿，请查阅，谢谢！</p>','\0','2013-05-15 16:39:32',0,0,0,0,0),(64,0,51,'','\0','2013-05-16 09:38:38',0,0,0,0,0),(65,0,2,'<div>5月15日消息，据国外媒体报道，高盛集团昨日宣布提高对阿里巴巴集团的估价——从早先的350亿美元升至700亿美元。<span style=\"font-size: 12px;\">700亿美元的估计超过了Facebook目前的市场估值，后者截至5月13日收盘时市值为636.4亿美元，同时也超过了腾讯，其最新市值为635亿美元。</span></div>','\0','2013-05-16 09:58:01',0,0,0,0,0),(66,0,2,'看了2013 google i/o大会，摘自佩奇的一段话:“科技是令人吃惊的，也是无比的美好，每一个从业者都可以看到，我们之所以疯狂是因为我们在为未来创造新的东西。” Google在向初创期的气质回归。只有一直秉着持续创新，创造未来的企业才会永远受人尊敬和追崇。','\0','2013-05-16 09:58:52',0,0,0,0,0),(67,0,52,'顶顶顶','\0','2013-05-16 11:18:20',0,0,0,0,0),(68,0,30,'live my life my way!','\0','2013-05-16 14:31:02',0,0,0,0,0),(69,0,30,'给胜胜测试用1','\0','2013-05-16 14:32:10',0,0,0,0,0),(70,0,30,'<span style=\"font-size: 12px; background-color: rgb(247, 251, 252);\">给胜胜测试用2</span>','\0','2013-05-16 14:32:15',0,0,0,0,0),(71,0,30,'<span style=\"font-size: 12px; background-color: rgb(247, 251, 252);\">给胜胜测试用3</span>','\0','2013-05-16 14:32:36',0,0,0,0,0),(72,0,30,'<span style=\"font-size: 12px; background-color: rgb(247, 251, 252);\">给胜胜测试用1</span>','\0','2013-05-16 14:33:47',0,0,0,0,0),(73,0,30,'<span style=\"font-size: 12px; background-color: rgb(247, 251, 252);\">给胜胜测试用1</span>','\0','2013-05-16 14:33:57',0,0,0,0,0),(74,0,30,'<span style=\"font-size: 12px; background-color: rgb(247, 251, 252);\">给胜胜测试用2</span>','\0','2013-05-16 14:34:14',0,0,0,0,0),(75,0,51,'天天天天','\0','2013-05-16 15:07:19',0,0,0,0,0),(76,0,2,'','\0','2013-05-16 15:16:07',0,0,0,0,0),(77,0,2,'','\0','2013-05-16 15:16:36',0,0,0,0,0),(78,0,2,'sss','\0','2013-05-16 15:17:38',0,0,0,0,0),(79,0,2,'sss','\0','2013-05-16 15:17:42',0,0,0,0,0),(80,0,2,'ddd','\0','2013-05-16 15:18:17',0,0,0,0,0),(81,0,51,'试试这个','\0','2013-05-16 15:32:21',0,0,0,0,0),(89,0,2,'dsdsdsdsdsd','\0','2013-05-16 15:53:32',0,0,0,0,0),(90,0,2,'为什么袁婧发言发不了呢？<img ele_role=\"need\" title=\"疑问\" alt=\"疑问\" src=\"/images/face/yw_thumb.gif\">','\0','2013-05-16 15:53:59',0,0,0,0,0),(91,0,51,'鹅鹅','\0','2013-05-16 15:59:16',0,0,0,0,0),(92,0,30,'手机号：18910888313、18201613221','\0','2013-05-16 16:02:00',0,0,0,0,0),(93,0,30,'<span style=\"color: rgb(118, 118, 118); font-size: 14px; background-color: rgb(255, 255, 255);\">手机号：18910888313、18201613221</span>','\0','2013-05-16 16:02:18',0,0,0,0,0),(95,0,30,'<span style=\"color: rgb(118, 118, 118); font-size: 12px; background-color: rgb(247, 251, 252);\">给胜胜测试用2</span>','\0','2013-05-16 16:02:30',0,0,0,0,0),(101,0,47,'阿萨德','\0','2013-05-16 21:28:12',0,0,0,0,0),(102,0,47,'','\0','2013-05-16 21:39:47',0,0,0,0,0),(103,0,47,'','\0','2013-05-16 21:47:55',0,0,0,0,0),(104,0,47,'asdasdasd','\0','2013-05-16 21:51:32',0,0,0,0,0),(105,0,47,'适度分流客户速度快了几分好','\0','2013-05-16 21:52:11',0,0,0,0,0),(106,0,51,'fly<img ele_role=\"need\" title=\"浮云\" alt=\"浮云\" src=\"/images/face/fuyun_thumb.gif\">','\0','2013-05-17 08:57:03',0,0,0,0,0),(107,0,51,'fly<img ele_role=\"need\" title=\"浮云\" alt=\"浮云\" src=\"/images/face/fuyun_thumb.gif\">','\0','2013-05-17 08:57:06',0,0,0,0,0),(108,0,51,'fly&nbsp;<img ele_role=\"need\" title=\"浮云\" alt=\"浮云\" src=\"/images/face/fuyun_thumb.gif\">','\0','2013-05-17 08:57:09',0,0,0,0,0),(109,0,51,'呵呵呵','\0','2013-05-17 09:23:36',0,0,0,0,0),(110,0,51,'天空没有飞鸟的痕迹','\0','2013-05-17 09:47:47',0,0,1,0,0),(111,0,47,'阿<a style=\"display: inline-block;\" class=\"ya_contentA iconY_01\" tips=\"1\" rel=\"/employee/employee/cardInfo/2\" default=\"李胜\" member_id=\"2\" category=\"10\" tabindex=\"-1\" contenteditable=\"false\">李胜</a>&nbsp;三<img ele_role=\"need\" title=\"嘻嘻\" alt=\"嘻嘻\" src=\"/images/face/tootha_thumb.gif\"><a style=\"display: inline-block;\" class=\"ya_contentA iconY_01\" tips=\"1\" rel=\"/employee/employee/cardInfo/2\" default=\"李胜\" member_id=\"2\" category=\"10\" tabindex=\"-1\" contenteditable=\"false\">李胜</a> @三等份<br><br><br>阿三发达省份砥砺风节克里斯蒂<br>','\0','2013-05-17 10:23:25',0,0,0,0,0),(118,0,2,'<a class=\"ya_contentA iconY_01\" tips=\"1\" rel=\"/employee/employee/cardInfo/2\" default=\"李胜\" member_id=\"2\" category=\"10\" tabindex=\"-1\" style=\"display: inline-block;\" contenteditable=\"false\">李胜</a>&nbsp;很好','\0','2013-05-17 12:28:42',0,0,0,0,0),(119,0,2,'<a class=\"ya_contentA iconY_01\" tips=\"1\" rel=\"/employee/employee/cardInfo/2\" default=\"李胜\" member_id=\"2\" category=\"10\" tabindex=\"-1\" style=\"display: inline-block;\" contenteditable=\"false\">李胜</a>&nbsp;很好','\0','2013-05-17 12:28:48',0,0,0,0,0),(120,0,2,'<a class=\"ya_contentA iconY_01\" tips=\"1\" rel=\"/employee/employee/cardInfo/2\" default=\"李胜\" member_id=\"2\" category=\"10\" tabindex=\"-1\" style=\"display: inline-block;\" contenteditable=\"false\">李胜</a>&nbsp;很好','\0','2013-05-17 12:28:57',0,0,0,0,0),(121,0,2,'<a class=\"ya_contentA iconY_01\" tips=\"1\" rel=\"/employee/employee/cardInfo/2\" default=\"李胜\" member_id=\"2\" category=\"10\" tabindex=\"-1\" style=\"display: inline-block;\" contenteditable=\"false\">李胜</a>&nbsp;生活','\0','2013-05-17 12:30:04',0,0,0,0,0),(122,0,2,'<a class=\"ya_contentA iconY_01\" tips=\"1\" rel=\"/employee/employee/cardInfo/2\" default=\"李胜\" member_id=\"2\" category=\"10\" tabindex=\"-1\" style=\"display: inline-block;\" contenteditable=\"false\">李胜</a>&nbsp;生活','\0','2013-05-17 12:30:07',0,0,0,0,0),(123,0,2,'啊啊','\0','2013-05-17 12:32:08',0,0,0,0,0),(124,0,2,'啊啊更丰富','\0','2013-05-17 12:32:18',0,0,0,0,0),(125,0,52,'<img ele_role=\"need\" title=\"嘻嘻\" alt=\"嘻嘻\" src=\"/images/face/tootha_thumb.gif\">','\0','2013-05-17 13:29:45',0,0,0,0,0),(126,0,52,'<img ele_role=\"need\" title=\"嘻嘻\" alt=\"嘻嘻\" src=\"/images/face/tootha_thumb.gif\">','\0','2013-05-17 13:29:46',0,0,0,0,0),(127,0,52,'<img ele_role=\"need\" title=\"嘻嘻\" alt=\"嘻嘻\" src=\"/images/face/tootha_thumb.gif\">范德萨','\0','2013-05-17 13:29:49',0,0,0,0,0),(128,0,52,'<img ele_role=\"need\" title=\"嘻嘻\" alt=\"嘻嘻\" src=\"/images/face/tootha_thumb.gif\">范德萨','\0','2013-05-17 13:29:50',0,0,0,0,0),(129,0,52,'<img ele_role=\"need\" title=\"嘻嘻\" alt=\"嘻嘻\" src=\"/images/face/tootha_thumb.gif\">范德萨','\0','2013-05-17 13:29:50',0,0,0,0,0),(130,0,52,'<img ele_role=\"need\" title=\"嘻嘻\" alt=\"嘻嘻\" src=\"/images/face/tootha_thumb.gif\">范德萨','\0','2013-05-17 13:29:51',0,0,4,0,0),(131,50,51,'5555','\0','2013-05-17 14:35:14',0,0,1,0,0),(132,50,51,'<img ele_role=\"need\" title=\"嘻嘻\" alt=\"嘻嘻\" src=\"/images/face/tootha_thumb.gif\">','\0','2013-05-17 14:36:14',0,0,1,0,0),(133,50,51,'<img ele_role=\"need\" title=\"神马\" alt=\"神马\" src=\"/images/face/horse2_thumb.gif\">','\0','2013-05-17 14:37:20',0,0,1,0,0),(134,50,51,'<img ele_role=\"need\" title=\"打哈欠\" alt=\"打哈欠\" src=\"/images/face/k_thumb.gif\">','\0','2013-05-17 14:37:57',0,0,1,0,0),(135,50,51,'@<img ele_role=\"need\" title=\"围观\" alt=\"围观\" src=\"/images/face/wg_thumb.gif\">','\0','2013-05-17 14:38:50',0,0,2,0,0),(136,0,62,'132额','\0','2013-05-17 14:46:14',0,0,0,0,0),(137,0,51,'<img ele_role=\"need\" title=\"哈哈\" alt=\"哈哈\" src=\"/images/face/laugh.gif\">','\0','2013-05-17 14:44:28',0,0,4,0,0),(138,0,47,'','\0','2013-05-17 15:37:56',0,0,0,0,0),(139,0,2,'<a class=\"ya_contentA iconY_01\" tips=\"1\" rel=\"/employee/employee/cardInfo/2\" default=\"李胜\" member_id=\"2\" category=\"10\" tabindex=\"-1\" style=\"display: inline-block;\" contenteditable=\"false\">李胜</a>&nbsp;','\0','2013-05-17 16:23:51',0,0,0,0,0),(140,0,51,'ggg','\0','2013-05-20 08:53:13',0,0,1,0,0),(141,0,38,'hi','\0','2013-05-20 10:33:10',0,0,0,0,0),(142,0,38,'hi','\0','2013-05-20 10:33:38',0,0,0,0,0),(143,0,38,'@gggggg<img ele_role=\"need\" title=\"呵呵\" alt=\"呵呵\" src=\"/images/face/smilea_thumb.gif\">','\0','2013-05-20 10:34:05',0,0,0,0,0),(144,0,0,'k','\0','2013-05-20 10:36:12',0,0,0,0,0),(145,0,0,'','\0','2013-05-20 10:37:06',0,0,0,0,0),(146,0,2,'放水电费','\0','2013-05-20 10:50:40',0,0,0,0,0),(147,0,2,'方法','\0','2013-05-20 10:50:51',0,0,0,0,0),(148,0,30,'不知所措才是人生！','\0','2013-05-20 13:16:10',0,0,0,0,0),(149,0,30,'不知所措才是人生！','\0','2013-05-20 13:16:13',0,0,0,0,0),(150,0,30,'不知所措才是人生！','\0','2013-05-20 13:16:16',0,0,0,0,0),(151,0,30,'不知所措才是人生！','\0','2013-05-20 13:16:18',0,0,1,0,0),(152,0,2,'纪念我们奋斗了两个月的新版企业空间！！！<img ele_role=\"need\" title=\"呵呵\" alt=\"呵呵\" src=\"/images/face/smilea_thumb.gif\">&nbsp;','\0','2013-05-21 10:41:01',0,0,0,0,0),(153,0,2,'<span style=\"color: rgb(118, 118, 118); font-family: arial, 宋体; font-size: 14px; background-color: rgb(255, 255, 255);\">一线oa报销请注意：</span><br style=\"word-wrap: break-word; margin: 0px; padding: 0px; outline: 0px; font-size: 14px; background-color: rgb(255, 255, 255); color: rgb(118, 118, 118); font-family: arial, 宋体;\"><span style=\"color: rgb(118, 118, 118); font-family: arial, 宋体; font-size: 14px; background-color: rgb(255, 255, 255);\">业务审批完毕后请将报销单打印粘贴发票邮寄财务部，财务见到纸质单据才可以审核付款，在OA系统里财务不做操作，请各位知晓！</span>','\0','2013-05-21 19:58:19',0,0,0,0,0),(154,0,2,'<span style=\"color: rgb(118, 118, 118); font-family: arial, 宋体; font-size: 14px; background-color: rgb(255, 255, 255);\">一线oa报销请注意：</span><br style=\"word-wrap: break-word; margin: 0px; padding: 0px; outline: 0px; font-size: 14px; background-color: rgb(255, 255, 255); color: rgb(118, 118, 118); font-family: arial, 宋体;\"><span style=\"color: rgb(118, 118, 118); font-family: arial, 宋体; font-size: 14px; background-color: rgb(255, 255, 255);\">业务审批完毕后请将报销单打印粘贴发票邮寄财务部，财务见到纸质单据才可以审核付款，在OA系统里财务不做操作，请各位知晓！</span>','\0','2013-05-21 19:58:21',0,0,0,0,0),(155,0,2,'<span style=\"color: rgb(118, 118, 118); font-family: arial, 宋体; font-size: 14px; background-color: rgb(255, 255, 255);\">一线oa报销请注意：</span><br style=\"word-wrap: break-word; margin: 0px; padding: 0px; outline: 0px; font-size: 14px; background-color: rgb(255, 255, 255); color: rgb(118, 118, 118); font-family: arial, 宋体;\"><span style=\"color: rgb(118, 118, 118); font-family: arial, 宋体; font-size: 14px; background-color: rgb(255, 255, 255);\">业务审批完毕后请将报销单打印粘贴发票邮寄财务部，财务见到纸质单据才可以审核付款，在OA系统里财务不做操作，请各位知晓！</span>','\0','2013-05-21 19:58:21',0,0,0,0,0),(156,0,2,'<span style=\"color: rgb(118, 118, 118); font-family: arial, 宋体; font-size: 14px; background-color: rgb(255, 255, 255);\">一线oa报销请注意：</span><br style=\"word-wrap: break-word; margin: 0px; padding: 0px; outline: 0px; font-size: 14px; background-color: rgb(255, 255, 255); color: rgb(118, 118, 118); font-family: arial, 宋体;\"><span style=\"color: rgb(118, 118, 118); font-family: arial, 宋体; font-size: 14px; background-color: rgb(255, 255, 255);\">业务审批完毕后请将报销单打印粘贴发票邮寄财务部，财务见到纸质单据才可以审核付款，在OA系统里财务不做操作，请各位知晓！</span>','\0','2013-05-21 19:58:22',0,0,0,0,0),(157,0,2,'<span style=\"color: rgb(118, 118, 118); font-family: arial, 宋体; font-size: 14px; background-color: rgb(255, 255, 255);\">一线oa报销请注意：</span><br style=\"word-wrap: break-word; margin: 0px; padding: 0px; outline: 0px; font-size: 14px; background-color: rgb(255, 255, 255); color: rgb(118, 118, 118); font-family: arial, 宋体;\"><span style=\"color: rgb(118, 118, 118); font-family: arial, 宋体; font-size: 14px; background-color: rgb(255, 255, 255);\">业务审批完毕后请将报销单打印粘贴发票邮寄财务部，财务见到纸质单据才可以审核付款，在OA系统里财务不做操作，请各位知晓！</span>','\0','2013-05-21 19:58:23',0,0,0,0,0),(158,0,2,'<span style=\"color: rgb(118, 118, 118); font-family: arial, 宋体; font-size: 14px; background-color: rgb(255, 255, 255);\">一线oa报销请注意：</span><br style=\"word-wrap: break-word; margin: 0px; padding: 0px; outline: 0px; font-size: 14px; background-color: rgb(255, 255, 255); color: rgb(118, 118, 118); font-family: arial, 宋体;\"><span style=\"color: rgb(118, 118, 118); font-family: arial, 宋体; font-size: 14px; background-color: rgb(255, 255, 255);\">业务审批完毕后请将报销单打印粘贴发票邮寄财务部，财务见到纸质单据才可以审核付款，在OA系统里财务不做操作，请各位知晓！</span>','\0','2013-05-21 19:59:22',0,0,0,0,0);
/*!40000 ALTER TABLE `tb_speech` ENABLE KEYS */;
UNLOCK TABLES;

--
-- Table structure for table `tb_task`
--

DROP TABLE IF EXISTS `tb_task`;
/*!40101 SET @saved_cs_client     = @@character_set_client */;
/*!40101 SET character_set_client = utf8 */;
CREATE TABLE `tb_task` (
  `id` int(11) NOT NULL AUTO_INCREMENT,
  `spaceid` int(11) NOT NULL DEFAULT '0' COMMENT '空间ID',
  `creatorid` int(11) NOT NULL DEFAULT '0' COMMENT '创建人ID',
  `title` varchar(128) NOT NULL DEFAULT '' COMMENT '任务标题',
  `content` varchar(512) NOT NULL DEFAULT '' COMMENT '任务说明',
  `isimportant` bit(1) NOT NULL DEFAULT b'0' COMMENT '重要程度，1重要，0普通',
  `createtime` datetime NOT NULL DEFAULT '0000-00-00 00:00:00' COMMENT '创建时间',
  `starttime` datetime NOT NULL DEFAULT '0000-00-00 00:00:00' COMMENT '开始时间',
  `expectendtime` datetime NOT NULL DEFAULT '0000-00-00 00:00:00' COMMENT '预期结束时间',
  `realendtime` datetime NOT NULL DEFAULT '0000-00-00 00:00:00' COMMENT '实际结束时间',
  `status` tinyint(4) NOT NULL DEFAULT '0' COMMENT '状态，0默认正常，1完成(预留)，2草稿，3删除',
  PRIMARY KEY (`id`)
) ENGINE=MyISAM AUTO_INCREMENT=40 DEFAULT CHARSET=utf8;
/*!40101 SET character_set_client = @saved_cs_client */;

--
-- Dumping data for table `tb_task`
--

LOCK TABLES `tb_task` WRITE;
/*!40000 ALTER TABLE `tb_task` DISABLE KEYS */;
INSERT INTO `tb_task` VALUES (1,2,48,'任务开发工作','请尽快完成新版任务开发工作','','2013-04-19 10:16:21','2013-04-19 10:14:00','2013-04-19 10:44:00','0000-00-00 00:00:00',0),(2,2,2,'动态通知模板机制讨论','下午3点一起讨论下','','2013-04-19 10:22:20','2013-04-19 10:21:00','2013-04-19 10:51:00','0000-00-00 00:00:00',0),(3,2,2,'任务列表问题','任务列表问题请检查下','','2013-04-19 10:47:31','2013-04-19 10:46:00','2013-04-19 11:16:00','0000-00-00 00:00:00',0),(4,2,48,'调试任务列表','','\0','2013-04-19 11:05:19','2013-04-19 11:04:00','2013-04-19 11:34:00','0000-00-00 00:00:00',0),(5,2,48,'任务草稿测试进行修改','测试草稿箱进行了修改','','2013-04-19 11:06:45','2013-04-19 11:06:00','2013-04-19 11:36:00','0000-00-00 00:00:00',0),(6,2,48,'任务有索引了','do you know?','\0','2013-04-19 14:56:30','2013-04-19 14:56:00','2013-04-19 15:26:00','0000-00-00 00:00:00',0),(7,2,3,'任务动态好了','呵呵呵呵 呵','\0','2013-04-23 15:54:37','2013-04-23 15:40:00','2013-04-23 16:10:00','0000-00-00 00:00:00',0),(8,2,3,'任务动态好了','呵呵呵呵 呵','\0','2013-04-23 16:02:39','2013-04-23 15:40:00','2013-04-23 16:10:00','0000-00-00 00:00:00',0),(9,2,3,'任务动态好了','呵呵呵呵 呵','\0','2013-04-23 16:07:10','2013-04-23 15:40:00','2013-04-23 16:10:00','0000-00-00 00:00:00',0),(10,2,3,'任务动态好了','呵呵呵呵 呵','\0','2013-04-23 16:17:39','2013-04-23 15:40:00','2013-04-23 16:10:00','0000-00-00 00:00:00',0),(11,2,3,'任务动态好了','呵呵呵呵 呵','\0','2013-04-23 16:18:11','2013-04-23 15:40:00','2013-04-23 16:10:00','0000-00-00 00:00:00',0),(12,0,48,'请各位尽快把动态模板搞下asdfasad','请各位尽快把动态模板搞下请各位尽快把动态模板搞下请各位尽快把动态模板搞下请各位尽快把动态模板搞下请各位尽快把动态模板搞下请各位尽快把动态模板搞下请各位尽快把动态模板搞下请各位尽快把动态模板搞下请各位尽快把动态模板搞下\n谢谢！','','2013-04-26 14:35:57','2013-04-26 14:33:00','2013-04-26 23:30:00','0000-00-00 00:00:00',0),(13,2,48,'test','adsfadfasdf','\0','2013-04-27 10:13:26','2013-04-27 10:13:00','2013-04-27 10:43:00','0000-00-00 00:00:00',0),(14,2,48,'FF下Flash插件总是死悄悄，请检查下','dfasdfasfasdfadf','\0','2013-04-27 11:18:13','2013-04-27 11:17:00','2013-04-27 11:47:00','0000-00-00 00:00:00',0),(15,2,48,'顶级任务','asdf多级分配任务','\0','2013-04-27 13:31:49','2013-04-27 13:28:00','2013-04-30 23:00:00','0000-00-00 00:00:00',0),(16,2,48,'加一个私密任务','','\0','2013-04-27 15:49:08','2013-04-27 15:47:00','2013-04-27 16:17:00','0000-00-00 00:00:00',0),(17,2,48,'带附件的任务','asfasdfa','\0','2013-05-09 10:13:34','2013-05-09 10:13:00','2013-05-09 10:43:00','0000-00-00 00:00:00',0),(18,2,53,'eeeeeeeee','','\0','2013-05-09 10:40:30','2013-05-09 10:40:00','2013-05-09 11:10:00','0000-00-00 00:00:00',0),(19,2,62,'test','','\0','2013-05-09 13:00:05','2013-05-09 13:00:00','2013-05-09 13:30:00','0000-00-00 00:00:00',0),(20,2,62,'test','','\0','2013-05-09 13:00:07','2013-05-09 13:00:00','2013-05-09 13:30:00','0000-00-00 00:00:00',0),(21,2,62,'test','','\0','2013-05-09 13:00:11','2013-05-09 13:00:00','2013-05-09 13:30:00','0000-00-00 00:00:00',0),(22,2,48,'test','ateadfadf','\0','2013-05-09 14:26:55','2013-05-09 14:25:00','2013-05-09 14:55:00','0000-00-00 00:00:00',0),(23,2,52,'士大夫','','\0','2013-05-10 00:35:35','2013-05-10 00:35:00','2013-05-10 01:05:00','0000-00-00 00:00:00',0),(24,2,48,'kasldfjadfafdqeqwrwe','基地基地基地asdfasdf','\0','2013-05-13 14:11:54','2013-05-13 14:10:00','2013-05-13 14:40:00','0000-00-00 00:00:00',0),(25,2,60,'ADFADF','ADFADFADFADFAF','\0','2013-05-15 11:14:56','2013-05-15 11:30:00','2013-05-15 21:30:00','0000-00-00 00:00:00',0),(26,2,62,'负责人','','\0','2013-05-15 13:48:01','2013-05-15 13:47:00','2013-05-15 14:17:00','0000-00-00 00:00:00',0),(27,2,91,'新版测试','','\0','2013-05-15 14:53:42','2013-05-15 14:52:00','2013-05-15 15:22:00','0000-00-00 00:00:00',0),(28,2,2,'创建任务','','\0','2013-05-15 15:31:22','2013-05-15 15:31:00','2013-05-15 16:01:00','0000-00-00 00:00:00',0),(29,2,2,'非负责人','','\0','2013-05-15 15:32:06','2013-05-15 15:31:00','2013-05-15 16:01:00','0000-00-00 00:00:00',0),(30,2,2,'参与人','','\0','2013-05-15 15:32:54','2013-05-15 15:32:00','2013-05-15 16:02:00','0000-00-00 00:00:00',0),(31,2,2,'参与人高然','','\0','2013-05-15 15:34:43','2013-05-15 15:34:00','2013-05-15 16:04:00','0000-00-00 00:00:00',0),(32,2,62,'测试草稿','','\0','2013-05-15 15:36:02','2013-05-15 15:35:00','2013-05-23 16:05:00','0000-00-00 00:00:00',0),(33,2,62,'测试审核未通过','','\0','2013-05-16 11:02:50','2013-05-16 11:02:00','2013-05-16 11:32:00','0000-00-00 00:00:00',0),(34,2,2,'测试拒绝任务','','\0','2013-05-16 11:05:38','2013-05-16 11:05:00','2013-05-16 11:35:00','0000-00-00 00:00:00',0),(35,2,2,'接受拒绝详细页面','','\0','2013-05-16 11:07:58','2013-05-16 11:07:00','2013-05-16 11:37:00','0000-00-00 00:00:00',0),(36,2,62,'负责人','','\0','2013-05-17 09:42:32','2013-05-17 09:42:00','2013-05-17 10:12:00','0000-00-00 00:00:00',0),(37,2,62,'参与人','方法','','2013-05-17 09:42:58','2013-05-17 09:42:00','2013-05-17 10:12:00','0000-00-00 00:00:00',0),(38,2,62,'知会人','','\0','2013-05-17 10:00:53','2013-05-17 10:00:00','2013-05-17 10:30:00','0000-00-00 00:00:00',0),(39,2,48,'adfa','','\0','2013-05-17 10:34:37','2013-05-17 10:34:00','2013-05-18 11:04:00','0000-00-00 00:00:00',0);
/*!40000 ALTER TABLE `tb_task` ENABLE KEYS */;
UNLOCK TABLES;

--
-- Table structure for table `tb_task_nodes`
--

DROP TABLE IF EXISTS `tb_task_nodes`;
/*!40101 SET @saved_cs_client     = @@character_set_client */;
/*!40101 SET character_set_client = utf8 */;
CREATE TABLE `tb_task_nodes` (
  `id` int(11) NOT NULL AUTO_INCREMENT,
  `taskid` int(11) NOT NULL DEFAULT '0' COMMENT '任务标题ID',
  `creatorid` int(11) NOT NULL DEFAULT '0' COMMENT '创建人ID',
  `createtime` datetime NOT NULL DEFAULT '0000-00-00 00:00:00' COMMENT '任务创建时间',
  `parentid` int(11) NOT NULL DEFAULT '0' COMMENT '父级任务节点',
  `ancestorids` varchar(256) NOT NULL DEFAULT '' COMMENT '祖先ids  |1|2|3|',
  `level` tinyint(4) NOT NULL DEFAULT '0' COMMENT '层级',
  `isleaf` bit(1) NOT NULL DEFAULT b'1' COMMENT '是否叶子节点  ',
  `title` varchar(128) NOT NULL DEFAULT '' COMMENT '任务节点标题',
  `employeeid` int(11) NOT NULL DEFAULT '0' COMMENT '负责人ID',
  `content` varchar(256) NOT NULL DEFAULT '' COMMENT '任务说明',
  `details` varchar(1024) DEFAULT '' COMMENT '详细任务说明-参与人的任务说明（可空）',
  `isimportant` bit(1) NOT NULL DEFAULT b'0' COMMENT '重要程度，1重要，0普通',
  `remindtimetype` tinyint(4) NOT NULL DEFAULT '0' COMMENT '提醒时间方式，0不提醒，1任务开始和结束前时间，2任务开始前 3任务结束前',
  `remindway` varchar(64) NOT NULL DEFAULT '0' COMMENT '通知方式，1消息，2邮件，12邮件和消息',
  `leadtime` int(11) NOT NULL DEFAULT '0' COMMENT '提前N时间通知。分钟数',
  `repetition` int(11) NOT NULL DEFAULT '0' COMMENT '重复提醒的 间隔分钟数',
  `ishasfile` bit(1) NOT NULL DEFAULT b'0' COMMENT '是否有附件,0:没有;1:有',
  `status` tinyint(4) NOT NULL DEFAULT '0' COMMENT '状态，0默认正常，1完成(预留)，2草稿，3删除，4拒绝 5 提交待审核 6 关闭',
  `starttime` datetime NOT NULL DEFAULT '0000-00-00 00:00:00' COMMENT '开始时间',
  `expectendtime` datetime NOT NULL DEFAULT '0000-00-00 00:00:00' COMMENT '预期结束时间',
  `realendtime` datetime NOT NULL DEFAULT '0000-00-00 00:00:00' COMMENT '实际结束时间',
  `log` text NOT NULL COMMENT '任务反馈信息  包括审核信息和拒绝说明 JSON数据',
  `clienttype` tinyint(4) NOT NULL DEFAULT '0' COMMENT '标记动态产生的来源 0网页 1 IOS 2安卓 3WP 4桌面客户端',
  PRIMARY KEY (`id`)
) ENGINE=MyISAM AUTO_INCREMENT=44 DEFAULT CHARSET=utf8;
/*!40101 SET character_set_client = @saved_cs_client */;

--
-- Dumping data for table `tb_task_nodes`
--

LOCK TABLES `tb_task_nodes` WRITE;
/*!40000 ALTER TABLE `tb_task_nodes` DISABLE KEYS */;
INSERT INTO `tb_task_nodes` VALUES (1,1,48,'2013-04-19 10:16:21',0,'',1,'\0','任务开发工作',48,'请尽快完成新版任务开发工作','请尽快完成新版任务开发工作','',3,'3',5,0,'\0',3,'2013-04-19 10:14:00','2013-04-19 10:44:00','0000-00-00 00:00:00','a:4:{s:10:\"employeeId\";i:48;s:10:\"createTime\";s:19:\"2013-04-20 16:24:32\";s:2:\"op\";s:36:\"审核没有通过，改进建议：\";s:7:\"content\";s:8:\"asdfasdf\";}',0),(2,2,2,'2013-04-19 10:22:20',0,'',1,'\0','动态通知模板机制讨论',2,'下午3点一起讨论下','下午3点一起讨论下','',3,'3',15,15,'\0',0,'2013-04-19 10:21:00','2013-04-19 10:51:00','0000-00-00 00:00:00','',0),(3,3,2,'2013-04-19 10:47:31',0,'',1,'\0','任务列表问题',48,'任务列表问题请检查下','任务列表问题请检查下','',3,'3',5,0,'\0',4,'2013-04-19 10:46:00','2013-04-19 11:16:00','2013-04-19 15:26:53','a:4:{s:10:\"employeeId\";i:2;s:10:\"createTime\";s:19:\"2013-04-20 16:07:09\";s:2:\"op\";s:36:\"审核没有通过，改进建议：\";s:7:\"content\";s:3:\"无\";}',0),(4,4,48,'2013-04-19 11:05:19',0,'',1,'\0','调试任务列表',48,'','','\0',3,'3',5,0,'\0',3,'2013-04-19 11:04:00','2013-04-19 11:34:00','2013-04-19 15:30:35','a:3:{s:10:\"createTime\";s:19:\"2013-04-19 15:30:35\";s:2:\"op\";s:15:\"提交了任务\";s:7:\"content\";s:12:\"asdfasdfasdf\";}',0),(5,5,48,'2013-04-19 11:06:45',0,'',1,'\0','任务草稿测试进行修改',48,'测试草稿箱进行了修改','测试草稿箱进行了修改','',1,'3',5,0,'\0',0,'2013-04-19 11:06:00','2013-04-19 11:36:00','0000-00-00 00:00:00','',0),(6,6,48,'2013-04-19 14:56:30',0,'',1,'\0','任务有索引了',2,'do you know?','do you know?','\0',3,'3',5,0,'\0',4,'2013-04-19 14:56:00','2013-04-19 15:26:00','2013-04-20 13:29:58','a:4:{s:10:\"employeeId\";i:48;s:10:\"createTime\";s:19:\"2013-04-20 16:09:46\";s:2:\"op\";s:36:\"审核没有通过，改进建议：\";s:7:\"content\";s:3:\"无\";}',0),(7,7,3,'2013-04-23 15:54:37',0,'',1,'\0','任务动态好了',2,'呵呵呵呵 呵','呵呵呵呵 呵','\0',3,'3',5,0,'\0',3,'2013-04-23 15:40:00','2013-04-23 16:10:00','0000-00-00 00:00:00','',0),(8,8,3,'2013-04-23 16:02:39',0,'',1,'\0','任务动态好了',2,'呵呵呵呵 呵','呵呵呵呵 呵','\0',3,'3',5,0,'\0',3,'2013-04-23 15:40:00','2013-04-23 16:10:00','0000-00-00 00:00:00','',0),(9,9,3,'2013-04-23 16:07:10',0,'',1,'\0','任务动态好了',2,'呵呵呵呵 呵','呵呵呵呵 呵','\0',3,'3',5,0,'\0',0,'2013-04-23 15:40:00','2013-04-23 16:10:00','0000-00-00 00:00:00','',0),(10,10,3,'2013-04-23 16:17:39',0,'',1,'\0','任务动态好了',2,'呵呵呵呵 呵','呵呵呵呵 呵','\0',3,'3',5,0,'\0',3,'2013-04-23 15:40:00','2013-04-23 16:10:00','0000-00-00 00:00:00','',0),(11,11,3,'2013-04-23 16:18:11',0,'',1,'\0','任务动态好了',2,'呵呵呵呵 呵','呵呵呵呵 呵','\0',3,'3',5,0,'\0',3,'2013-04-23 15:40:00','2013-04-23 16:10:00','0000-00-00 00:00:00','0',0),(12,12,48,'2013-04-26 14:35:57',0,'',1,'\0','请各位尽快把动态模板搞下asdfasad',47,'请各位尽快把动态模板搞下请各位尽快把动态模板搞下请各位尽快把动态模板搞下请各位尽快把动态模板搞下请各位尽快把动态模板搞下请各位尽快把动态模板搞下请各位尽快把动态模板搞下请各位尽快把动态模板搞下请各位尽快把动态模板搞下\n谢谢！','请各位尽快把动态模板搞下请各位尽快把动态模板搞下请各位尽快把动态模板搞下请各位尽快把动态模板搞下请各位尽快把动态模板搞下请各位尽快把动态模板搞下请各位尽快把动态模板搞下请各位尽快把动态模板搞下请各位尽快把动态模板搞下\n谢谢！','',3,'3',10,0,'\0',3,'2013-04-26 14:33:00','2013-04-26 23:30:00','0000-00-00 00:00:00','',0),(13,13,48,'2013-04-27 10:13:26',0,'',1,'\0','test',48,'adsfadfasdf','adsfadfasdf','\0',3,'3',5,0,'\0',3,'2013-04-27 10:13:00','2013-04-27 10:43:00','0000-00-00 00:00:00','',0),(14,14,48,'2013-04-27 11:18:13',0,'',1,'\0','FF下Flash插件总是死悄悄，请检查下',2,'dfasdfasfasdfadf','dfasdfasfasdfadf','\0',3,'3',5,0,'\0',1,'2013-04-27 11:17:00','2013-04-27 11:47:00','2013-04-27 14:46:37','a:4:{s:10:\"employeeId\";i:48;s:10:\"createTime\";s:19:\"2013-04-27 14:46:58\";s:2:\"op\";s:21:\"审核通过了任务\";s:7:\"content\";s:0:\"\";}',0),(15,15,48,'2013-04-27 13:31:49',0,'',1,'\0','顶级任务',30,'asdf多级分配任务','asdf多级分配任务','\0',1,'3',5,10,'\0',0,'2013-04-27 13:28:00','2013-04-30 23:00:00','0000-00-00 00:00:00','',0),(16,15,30,'2013-04-27 14:30:58',15,'|15|',2,'\0','二级任务',2,'asdfasdfafasdf','asdfasdfafasdf','\0',2,'3',5,0,'\0',6,'2013-04-27 14:30:00','2013-04-28 16:00:00','0000-00-00 00:00:00','0',0),(17,15,30,'2013-04-27 14:31:25',16,'|15|16|',3,'\0','三级任务',30,'asdfd','asdfd','',3,'3',5,0,'\0',0,'2013-04-27 14:31:00','2013-04-27 15:01:00','0000-00-00 00:00:00','',0),(18,16,48,'2013-04-27 15:49:08',0,'',1,'\0','加一个私密任务',48,'','','\0',3,'3',5,0,'\0',0,'2013-04-27 15:47:00','2013-04-27 16:17:00','0000-00-00 00:00:00','a:3:{s:10:\"employeeId\";s:2:\"48\";s:10:\"createTime\";s:19:\"2013-05-16 13:41:16\";s:2:\"op\";s:15:\"开启了任务\";}',0),(19,17,48,'2013-05-09 10:13:34',0,'',1,'\0','带附件的任务',48,'asfasdfa','asfasdfa','\0',3,'3',5,0,'',3,'2013-05-09 10:13:00','2013-05-09 10:43:00','2013-05-16 13:25:09','a:4:{s:10:\"employeeId\";s:2:\"48\";s:10:\"createTime\";s:19:\"2013-05-16 13:25:09\";s:2:\"op\";s:15:\"提交了任务\";s:7:\"content\";s:11:\"asdfasdfasf\";}',0),(20,18,53,'2013-05-09 10:40:30',0,'',1,'\0','eeeeeeeee',53,'','','\0',3,'3',5,0,'\0',0,'2013-05-09 10:40:00','2013-05-09 11:10:00','0000-00-00 00:00:00','',0),(21,19,62,'2013-05-09 13:00:05',0,'',1,'\0','test',62,'','','\0',3,'3',5,0,'\0',0,'2013-05-09 13:00:00','2013-05-09 13:30:00','0000-00-00 00:00:00','',0),(22,20,62,'2013-05-09 13:00:07',0,'',1,'\0','test',62,'','','\0',3,'3',5,0,'\0',0,'2013-05-09 13:00:00','2013-05-09 13:30:00','0000-00-00 00:00:00','',0),(23,21,62,'2013-05-09 13:00:11',0,'',1,'\0','test',62,'','','\0',3,'3',5,0,'\0',1,'2013-05-09 13:00:00','2013-05-09 13:30:00','2013-05-16 10:47:39','a:4:{s:10:\"employeeId\";s:2:\"62\";s:10:\"createTime\";s:19:\"2013-05-16 10:47:39\";s:2:\"op\";s:15:\"提交了任务\";s:7:\"content\";s:18:\"高然提交任务\";}',0),(24,22,48,'2013-05-09 14:26:55',0,'',1,'\0','test',48,'ateadfadf','ateadfadf','\0',3,'3',5,0,'',3,'2013-05-09 14:25:00','2013-05-09 14:55:00','0000-00-00 00:00:00','a:3:{s:10:\"employeeId\";s:2:\"48\";s:10:\"createTime\";s:19:\"2013-05-13 14:10:04\";s:2:\"op\";s:15:\"开启了任务\";}',0),(25,23,52,'2013-05-10 00:35:35',0,'',1,'\0','士大夫',52,'','','\0',3,'3',5,0,'\0',0,'2013-05-10 00:35:00','2013-05-10 01:05:00','0000-00-00 00:00:00','',0),(26,24,48,'2013-05-13 14:11:54',0,'',1,'\0','kasldfjadfafdqeqwrwe',2,'基地基地基地asdfasdf','基地基地基地asdfasdf','\0',3,'3',5,0,'',3,'2013-05-13 14:10:00','2013-05-13 14:40:00','2013-05-13 14:43:06','a:4:{s:10:\"employeeId\";s:2:\"48\";s:10:\"createTime\";s:19:\"2013-05-13 14:43:13\";s:2:\"op\";s:21:\"审核通过了任务\";s:7:\"content\";s:0:\"\";}',0),(27,25,60,'2013-05-15 11:14:56',0,'',1,'\0','ADFADF',2,'ADFADFADFADFAF','ADFADFADFADFAF','\0',3,'3',5,15,'\0',3,'2013-05-15 11:30:00','2013-05-15 21:30:00','0000-00-00 00:00:00','',0),(28,26,62,'2013-05-15 13:48:01',0,'',1,'\0','负责人',2,'','','\0',3,'3',5,0,'\0',0,'2013-05-15 13:47:00','2013-05-15 14:17:00','0000-00-00 00:00:00','',0),(29,27,91,'2013-05-15 14:53:42',0,'',1,'\0','新版测试',91,'','','\0',3,'3',5,0,'\0',0,'2013-05-15 14:52:00','2013-05-15 15:22:00','0000-00-00 00:00:00','',0),(30,28,2,'2013-05-15 15:31:22',0,'',1,'\0','创建任务',2,'','','\0',3,'3',5,0,'\0',0,'2013-05-15 15:31:00','2013-05-15 16:01:00','0000-00-00 00:00:00','',0),(31,29,2,'2013-05-15 15:32:06',0,'',1,'\0','非负责人',48,'','','\0',3,'3',5,0,'\0',0,'2013-05-15 15:31:00','2013-05-15 16:01:00','0000-00-00 00:00:00','',0),(32,30,2,'2013-05-15 15:32:54',0,'',1,'\0','参与人',2,'','','\0',3,'3',5,0,'\0',0,'2013-05-15 15:32:00','2013-05-15 16:02:00','0000-00-00 00:00:00','',0),(33,31,2,'2013-05-15 15:34:43',0,'',1,'\0','参与人高然',2,'','','\0',3,'3',5,0,'\0',0,'2013-05-15 15:34:00','2013-05-15 16:04:00','0000-00-00 00:00:00','',0),(34,32,62,'2013-05-15 15:36:02',0,'',1,'\0','测试草稿',62,'','','\0',1,'3',5,0,'\0',0,'2013-05-15 15:35:00','2013-05-23 16:05:00','0000-00-00 00:00:00','',0),(35,32,62,'2013-05-16 10:38:25',34,'|34|',2,'\0','测试草稿分配任务一级',2,'','','\0',3,'3',5,0,'\0',1,'2013-05-16 10:37:00','2013-05-16 11:07:00','2013-05-16 11:00:26','a:4:{s:10:\"employeeId\";s:2:\"62\";s:10:\"createTime\";s:19:\"2013-05-16 11:01:38\";s:2:\"op\";s:21:\"审核通过了任务\";s:7:\"content\";s:0:\"\";}',0),(36,33,62,'2013-05-16 11:02:50',0,'',1,'\0','测试审核未通过',2,'','','\0',3,'3',5,0,'\0',1,'2013-05-16 11:02:00','2013-05-16 11:32:00','2013-05-16 11:05:16','a:4:{s:10:\"employeeId\";s:2:\"62\";s:10:\"createTime\";s:19:\"2013-05-16 11:06:45\";s:2:\"op\";s:21:\"审核通过了任务\";s:7:\"content\";s:0:\"\";}',0),(37,34,2,'2013-05-16 11:05:38',0,'',1,'\0','测试拒绝任务',62,'','','\0',3,'3',5,0,'\0',0,'2013-05-16 11:05:00','2013-05-16 11:35:00','0000-00-00 00:00:00','',0),(38,35,2,'2013-05-16 11:07:58',0,'',1,'\0','接受拒绝详细页面',62,'','','\0',3,'3',5,0,'\0',0,'2013-05-16 11:07:00','2013-05-16 11:37:00','0000-00-00 00:00:00','',0),(39,36,62,'2013-05-17 09:42:32',0,'',1,'\0','负责人',2,'','','\0',3,'3',5,0,'\0',0,'2013-05-17 09:42:00','2013-05-17 10:12:00','0000-00-00 00:00:00','',0),(40,37,62,'2013-05-17 09:42:58',0,'',1,'\0','参与人',2,'方法','方法','',1,'3',5,3,'\0',0,'2013-05-17 09:42:00','2013-05-17 10:12:00','0000-00-00 00:00:00','a:3:{s:10:\"employeeId\";s:2:\"62\";s:10:\"createTime\";s:19:\"2013-05-17 10:36:15\";s:2:\"op\";s:15:\"关闭了任务\";}',0),(41,38,62,'2013-05-17 10:00:53',0,'',1,'\0','知会人',62,'','','\0',3,'3',5,0,'\0',0,'2013-05-17 10:00:00','2013-05-17 10:30:00','0000-00-00 00:00:00','',0),(42,39,48,'2013-05-17 10:34:37',0,'',1,'\0','adfa',48,'','','\0',3,'3',5,0,'\0',0,'2013-05-17 10:34:00','2013-05-18 11:04:00','0000-00-00 00:00:00','',0),(43,39,48,'2013-05-17 10:34:46',42,'|42|',2,'\0','adfa',48,'','','\0',3,'3',5,0,'\0',0,'2013-05-17 10:34:00','2013-05-17 11:04:00','0000-00-00 00:00:00','',0);
/*!40000 ALTER TABLE `tb_task_nodes` ENABLE KEYS */;
UNLOCK TABLES;

--
-- Table structure for table `tb_task_participation`
--

DROP TABLE IF EXISTS `tb_task_participation`;
/*!40101 SET @saved_cs_client     = @@character_set_client */;
/*!40101 SET character_set_client = utf8 */;
CREATE TABLE `tb_task_participation` (
  `id` int(11) NOT NULL AUTO_INCREMENT,
  `tasknodeid` int(11) NOT NULL DEFAULT '0' COMMENT '任务ID',
  `employeeid` int(11) NOT NULL DEFAULT '0' COMMENT '成员ID',
  `role` tinyint(4) NOT NULL DEFAULT '0' COMMENT '所属任务角色，1创建者，2参与人, 3知会人',
  `status` tinyint(4) NOT NULL DEFAULT '0' COMMENT '任务状态，1接受，2拒绝，3待审核 4审核不通过 5审核通过',
  `log` text NOT NULL COMMENT '反馈信息 包括拒绝和审核信息 json数据',
  `starttime` datetime NOT NULL DEFAULT '0000-00-00 00:00:00' COMMENT '开始时间',
  `expectendtime` datetime NOT NULL DEFAULT '0000-00-00 00:00:00' COMMENT '预期结束时间',
  `realendtime` datetime NOT NULL DEFAULT '0000-00-00 00:00:00' COMMENT '完成任务时间',
  PRIMARY KEY (`id`)
) ENGINE=MyISAM AUTO_INCREMENT=77 DEFAULT CHARSET=utf8;
/*!40101 SET character_set_client = @saved_cs_client */;

--
-- Dumping data for table `tb_task_participation`
--

LOCK TABLES `tb_task_participation` WRITE;
/*!40000 ALTER TABLE `tb_task_participation` DISABLE KEYS */;
INSERT INTO `tb_task_participation` VALUES (1,1,2,2,2,'a:1:{i:0;a:2:{s:6:\"create\";s:19:\"2013-04-20 13:28:26\";s:2:\"op\";s:44:\"拒绝了任务，拒绝理由：asdfd压力\";}}','2013-04-19 10:14:00','2013-04-19 10:44:00','0000-00-00 00:00:00'),(2,1,31,3,0,'','2013-04-19 10:14:00','2013-04-19 10:44:00','0000-00-00 00:00:00'),(3,2,48,1,2,'a:3:{i:0;a:2:{s:6:\"create\";s:19:\"2013-04-19 11:16:21\";s:2:\"op\";s:39:\"拒绝了任务，拒绝理由：决绝\";}i:1;a:2:{s:6:\"create\";s:19:\"2013-04-19 16:09:40\";s:2:\"op\";s:15:\"接收了任务\";}i:2;a:4:{s:10:\"employeeId\";s:2:\"48\";s:10:\"createTime\";s:19:\"2013-05-13 13:29:36\";s:2:\"op\";s:33:\"拒绝了任务，拒绝理由：\";s:7:\"content\";s:13:\"afasdfasfsadf\";}}','2013-04-19 10:21:00','2013-04-19 10:51:00','0000-00-00 00:00:00'),(4,2,31,3,1,'a:1:{i:0;a:4:{s:10:\"employeeId\";i:31;s:10:\"createTime\";s:19:\"2013-04-27 14:32:45\";s:2:\"op\";s:15:\"接收了任务\";s:7:\"content\";s:0:\"\";}}','2013-04-19 10:21:00','2013-04-19 10:51:00','0000-00-00 00:00:00'),(5,3,3,2,0,'','2013-04-19 10:46:00','2013-04-19 11:16:00','0000-00-00 00:00:00'),(6,3,48,1,2,'a:2:{i:0;a:2:{s:6:\"create\";s:19:\"2013-04-19 11:14:50\";s:2:\"op\";s:15:\"接收了任务\";}i:1;a:2:{s:6:\"create\";s:19:\"2013-04-19 15:18:15\";s:2:\"op\";s:41:\"拒绝了任务，拒绝理由：asdfasdf\";}}','2013-04-19 10:46:00','2013-04-19 11:16:00','0000-00-00 00:00:00'),(7,4,2,3,0,'','2013-04-19 11:04:00','2013-04-19 11:34:00','0000-00-00 00:00:00'),(8,6,3,2,0,'','2013-04-19 14:56:00','2013-04-19 15:26:00','0000-00-00 00:00:00'),(9,6,4,3,0,'','2013-04-19 14:56:00','2013-04-19 15:26:00','0000-00-00 00:00:00'),(10,6,2,1,4,'a:4:{s:10:\"employeeId\";i:48;s:10:\"createTime\";s:19:\"2013-04-20 16:09:46\";s:2:\"op\";s:36:\"审核没有通过，改进建议：\";s:7:\"content\";s:3:\"无\";}','2013-04-19 14:56:00','2013-04-19 15:26:00','0000-00-00 00:00:00'),(11,5,46,2,0,'','2013-04-19 11:06:00','2013-04-19 11:36:00','0000-00-00 00:00:00'),(12,5,47,3,0,'','2013-04-19 11:06:00','2013-04-19 11:36:00','0000-00-00 00:00:00'),(13,7,4,2,0,'','2013-04-23 15:40:00','2013-04-23 16:10:00','0000-00-00 00:00:00'),(14,7,48,3,2,'a:1:{i:0;a:4:{s:10:\"employeeId\";i:48;s:10:\"createTime\";s:19:\"2013-04-26 15:41:32\";s:2:\"op\";s:33:\"拒绝了任务，拒绝理由：\";s:7:\"content\";s:2:\"re\";}}','2013-04-23 15:40:00','2013-04-23 16:10:00','0000-00-00 00:00:00'),(15,7,2,1,1,'a:1:{i:0;a:4:{s:10:\"employeeId\";i:2;s:10:\"createTime\";s:19:\"2013-04-27 14:44:41\";s:2:\"op\";s:15:\"接收了任务\";s:7:\"content\";s:0:\"\";}}','2013-04-23 15:40:00','2013-04-23 16:10:00','0000-00-00 00:00:00'),(16,8,4,2,0,'','2013-04-23 15:40:00','2013-04-23 16:10:00','0000-00-00 00:00:00'),(17,8,48,3,1,'a:1:{i:0;a:4:{s:10:\"employeeId\";i:48;s:10:\"createTime\";s:19:\"2013-04-26 15:41:28\";s:2:\"op\";s:15:\"接收了任务\";s:7:\"content\";s:0:\"\";}}','2013-04-23 15:40:00','2013-04-23 16:10:00','0000-00-00 00:00:00'),(18,8,2,1,1,'a:1:{i:0;a:4:{s:10:\"employeeId\";i:2;s:10:\"createTime\";s:19:\"2013-04-27 14:44:37\";s:2:\"op\";s:15:\"接收了任务\";s:7:\"content\";s:0:\"\";}}','2013-04-23 15:40:00','2013-04-23 16:10:00','0000-00-00 00:00:00'),(19,9,4,2,0,'','2013-04-23 15:40:00','2013-04-23 16:10:00','0000-00-00 00:00:00'),(20,9,48,3,2,'a:1:{i:0;a:4:{s:10:\"employeeId\";i:48;s:10:\"createTime\";s:19:\"2013-04-26 15:41:21\";s:2:\"op\";s:33:\"拒绝了任务，拒绝理由：\";s:7:\"content\";s:10:\"afasdfasdf\";}}','2013-04-23 15:40:00','2013-04-23 16:10:00','0000-00-00 00:00:00'),(21,9,2,1,1,'a:1:{i:0;a:4:{s:10:\"employeeId\";i:2;s:10:\"createTime\";s:19:\"2013-04-27 14:44:35\";s:2:\"op\";s:15:\"接收了任务\";s:7:\"content\";s:0:\"\";}}','2013-04-23 15:40:00','2013-04-23 16:10:00','0000-00-00 00:00:00'),(22,10,4,2,0,'','2013-04-23 15:40:00','2013-04-23 16:10:00','0000-00-00 00:00:00'),(23,10,48,3,2,'a:1:{i:0;a:4:{s:10:\"employeeId\";i:48;s:10:\"createTime\";s:19:\"2013-04-26 15:41:12\";s:2:\"op\";s:33:\"拒绝了任务，拒绝理由：\";s:7:\"content\";s:12:\"asdfasdfasdf\";}}','2013-04-23 15:40:00','2013-04-23 16:10:00','0000-00-00 00:00:00'),(24,10,2,1,2,'a:1:{i:0;a:4:{s:10:\"employeeId\";i:2;s:10:\"createTime\";s:19:\"2013-04-27 14:43:56\";s:2:\"op\";s:33:\"拒绝了任务，拒绝理由：\";s:7:\"content\";s:9:\"大师傅\";}}','2013-04-23 15:40:00','2013-04-23 16:10:00','0000-00-00 00:00:00'),(25,11,4,2,0,'','2013-04-23 15:40:00','2013-04-23 16:10:00','0000-00-00 00:00:00'),(26,11,48,3,1,'a:1:{i:0;a:4:{s:10:\"employeeId\";i:48;s:10:\"createTime\";s:19:\"2013-04-26 15:41:09\";s:2:\"op\";s:15:\"接收了任务\";s:7:\"content\";s:0:\"\";}}','2013-04-23 15:40:00','2013-04-23 16:10:00','0000-00-00 00:00:00'),(27,11,2,1,1,'a:1:{i:0;a:4:{s:10:\"employeeId\";i:2;s:10:\"createTime\";s:19:\"2013-04-27 14:43:50\";s:2:\"op\";s:15:\"接收了任务\";s:7:\"content\";s:0:\"\";}}','2013-04-23 15:40:00','2013-04-23 16:10:00','0000-00-00 00:00:00'),(28,12,47,1,0,'','2013-04-26 14:33:00','2013-04-26 23:30:00','0000-00-00 00:00:00'),(29,12,2,2,0,'','2013-04-26 14:33:00','2013-04-26 23:30:00','0000-00-00 00:00:00'),(30,12,30,2,0,'','2013-04-26 14:33:00','2013-04-26 23:30:00','0000-00-00 00:00:00'),(31,12,38,2,0,'','2013-04-26 14:33:00','2013-04-26 23:30:00','0000-00-00 00:00:00'),(32,12,53,2,0,'','2013-04-26 14:33:00','2013-04-26 23:30:00','0000-00-00 00:00:00'),(33,12,51,2,0,'','2013-04-26 14:33:00','2013-04-26 23:30:00','0000-00-00 00:00:00'),(34,12,31,3,0,'','2013-04-26 14:33:00','2013-04-26 23:30:00','0000-00-00 00:00:00'),(35,13,48,1,1,'','2013-04-27 10:13:00','2013-04-27 10:43:00','0000-00-00 00:00:00'),(36,14,2,1,5,'a:4:{s:10:\"employeeId\";i:48;s:10:\"createTime\";s:19:\"2013-04-27 14:46:58\";s:2:\"op\";s:21:\"审核通过了任务\";s:7:\"content\";s:0:\"\";}','2013-04-27 11:17:00','2013-04-27 11:47:00','0000-00-00 00:00:00'),(38,15,38,2,0,'','2013-04-27 13:28:00','2013-04-27 13:58:00','0000-00-00 00:00:00'),(39,15,47,2,0,'','2013-04-27 13:28:00','2013-04-27 13:58:00','0000-00-00 00:00:00'),(40,15,31,3,2,'a:1:{i:0;a:4:{s:10:\"employeeId\";i:31;s:10:\"createTime\";s:19:\"2013-04-27 13:49:56\";s:2:\"op\";s:33:\"拒绝了任务，拒绝理由：\";s:7:\"content\";s:11:\"adfasfsadfd\";}}','2013-04-27 13:28:00','2013-04-27 13:58:00','0000-00-00 00:00:00'),(41,15,30,1,1,'a:1:{i:0;a:4:{s:10:\"employeeId\";i:30;s:10:\"createTime\";s:19:\"2013-04-27 14:29:51\";s:2:\"op\";s:15:\"接收了任务\";s:7:\"content\";s:0:\"\";}}','2013-04-27 13:28:00','2013-04-30 23:00:00','0000-00-00 00:00:00'),(42,16,2,1,1,'a:1:{i:0;a:4:{s:10:\"employeeId\";i:2;s:10:\"createTime\";s:19:\"2013-04-27 14:41:25\";s:2:\"op\";s:15:\"接收了任务\";s:7:\"content\";s:0:\"\";}}','2013-04-27 14:30:00','2013-04-28 16:00:00','0000-00-00 00:00:00'),(43,17,30,1,1,'','2013-04-27 14:31:00','2013-04-27 15:01:00','0000-00-00 00:00:00'),(44,18,48,1,1,'','2013-04-27 15:47:00','2013-04-27 16:17:00','0000-00-00 00:00:00'),(45,19,48,1,1,'','2013-05-09 10:13:00','2013-05-09 10:43:00','0000-00-00 00:00:00'),(46,20,53,1,1,'','2013-05-09 10:40:00','2013-05-09 11:10:00','0000-00-00 00:00:00'),(47,21,62,1,1,'','2013-05-09 13:00:00','2013-05-09 13:30:00','0000-00-00 00:00:00'),(48,22,62,1,1,'','2013-05-09 13:00:00','2013-05-09 13:30:00','0000-00-00 00:00:00'),(49,23,62,1,1,'','2013-05-09 13:00:00','2013-05-09 13:30:00','0000-00-00 00:00:00'),(50,24,48,1,1,'','2013-05-09 14:25:00','2013-05-09 14:55:00','0000-00-00 00:00:00'),(51,24,2,2,1,'a:1:{i:0;a:4:{s:10:\"employeeId\";s:1:\"2\";s:10:\"createTime\";s:19:\"2013-05-13 14:01:07\";s:2:\"op\";s:15:\"接收了任务\";s:7:\"content\";s:0:\"\";}}','2013-05-09 14:25:00','2013-05-09 14:55:00','0000-00-00 00:00:00'),(52,24,31,3,0,'','2013-05-09 14:25:00','2013-05-09 14:55:00','0000-00-00 00:00:00'),(53,25,52,1,1,'','2013-05-10 00:35:00','2013-05-10 01:05:00','0000-00-00 00:00:00'),(54,26,2,1,5,'a:4:{s:10:\"employeeId\";s:2:\"48\";s:10:\"createTime\";s:19:\"2013-05-13 14:43:13\";s:2:\"op\";s:21:\"审核通过了任务\";s:7:\"content\";s:0:\"\";}','2013-05-13 14:10:00','2013-05-13 14:40:00','0000-00-00 00:00:00'),(55,27,2,1,1,'a:1:{i:0;a:4:{s:10:\"employeeId\";s:1:\"2\";s:10:\"createTime\";s:19:\"2013-05-15 14:16:17\";s:2:\"op\";s:15:\"接收了任务\";s:7:\"content\";s:0:\"\";}}','2013-05-15 11:30:00','2013-05-15 21:30:00','0000-00-00 00:00:00'),(56,27,38,2,0,'','2013-05-15 11:30:00','2013-05-15 21:30:00','0000-00-00 00:00:00'),(57,28,2,1,1,'a:1:{i:0;a:4:{s:10:\"employeeId\";s:1:\"2\";s:10:\"createTime\";s:19:\"2013-05-15 14:03:39\";s:2:\"op\";s:15:\"接收了任务\";s:7:\"content\";s:0:\"\";}}','2013-05-15 13:47:00','2013-05-15 14:17:00','0000-00-00 00:00:00'),(58,29,91,1,1,'','2013-05-15 14:52:00','2013-05-15 15:22:00','0000-00-00 00:00:00'),(59,30,2,1,1,'','2013-05-15 15:31:00','2013-05-15 16:01:00','0000-00-00 00:00:00'),(60,31,48,1,0,'','2013-05-15 15:31:00','2013-05-15 16:01:00','0000-00-00 00:00:00'),(61,31,31,2,0,'','2013-05-15 15:31:00','2013-05-15 16:01:00','0000-00-00 00:00:00'),(62,32,2,1,1,'','2013-05-15 15:32:00','2013-05-15 16:02:00','0000-00-00 00:00:00'),(63,33,2,1,1,'','2013-05-15 15:34:00','2013-05-15 16:04:00','0000-00-00 00:00:00'),(64,33,62,2,1,'a:1:{i:0;a:4:{s:10:\"employeeId\";s:2:\"62\";s:10:\"createTime\";s:19:\"2013-05-15 15:35:20\";s:2:\"op\";s:15:\"接收了任务\";s:7:\"content\";s:0:\"\";}}','2013-05-15 15:34:00','2013-05-15 16:04:00','0000-00-00 00:00:00'),(65,34,62,1,1,'','2013-05-15 15:35:00','2013-05-15 16:05:00','0000-00-00 00:00:00'),(66,35,2,1,5,'a:4:{s:10:\"employeeId\";s:2:\"62\";s:10:\"createTime\";s:19:\"2013-05-16 11:01:38\";s:2:\"op\";s:21:\"审核通过了任务\";s:7:\"content\";s:0:\"\";}','2013-05-16 10:37:00','2013-05-16 11:07:00','0000-00-00 00:00:00'),(67,35,48,2,1,'a:1:{i:0;a:4:{s:10:\"employeeId\";s:2:\"48\";s:10:\"createTime\";s:19:\"2013-05-16 13:43:23\";s:2:\"op\";s:15:\"接收了任务\";s:7:\"content\";s:0:\"\";}}','2013-05-16 10:37:00','2013-05-16 11:07:00','0000-00-00 00:00:00'),(68,36,2,1,5,'a:4:{s:10:\"employeeId\";s:2:\"62\";s:10:\"createTime\";s:19:\"2013-05-16 11:06:45\";s:2:\"op\";s:21:\"审核通过了任务\";s:7:\"content\";s:0:\"\";}','2013-05-16 11:02:00','2013-05-16 11:32:00','0000-00-00 00:00:00'),(69,37,62,1,2,'a:1:{i:0;a:4:{s:10:\"employeeId\";s:2:\"62\";s:10:\"createTime\";s:19:\"2013-05-16 11:06:41\";s:2:\"op\";s:33:\"拒绝了任务，拒绝理由：\";s:7:\"content\";s:6:\"拒绝\";}}','2013-05-16 11:05:00','2013-05-16 11:35:00','0000-00-00 00:00:00'),(70,38,62,1,1,'a:1:{i:0;a:4:{s:10:\"employeeId\";s:2:\"62\";s:10:\"createTime\";s:19:\"2013-05-16 11:08:31\";s:2:\"op\";s:15:\"接收了任务\";s:7:\"content\";s:0:\"\";}}','2013-05-16 11:07:00','2013-05-16 11:37:00','0000-00-00 00:00:00'),(71,39,2,1,1,'a:1:{i:0;a:4:{s:10:\"employeeId\";s:1:\"2\";s:10:\"createTime\";s:19:\"2013-05-17 10:32:08\";s:2:\"op\";s:15:\"接收了任务\";s:7:\"content\";s:0:\"\";}}','2013-05-17 09:42:00','2013-05-17 10:12:00','0000-00-00 00:00:00'),(72,40,2,1,2,'a:1:{i:0;a:4:{s:10:\"employeeId\";s:1:\"2\";s:10:\"createTime\";s:19:\"2013-05-17 10:32:13\";s:2:\"op\";s:33:\"拒绝了任务，拒绝理由：\";s:7:\"content\";s:5:\"jujue\";}}','2013-05-17 09:42:00','2013-05-17 10:12:00','0000-00-00 00:00:00'),(73,41,62,1,1,'','2013-05-17 10:00:00','2013-05-17 10:30:00','0000-00-00 00:00:00'),(74,41,2,3,1,'a:1:{i:0;a:4:{s:10:\"employeeId\";s:1:\"2\";s:10:\"createTime\";s:19:\"2013-05-20 09:58:20\";s:2:\"op\";s:15:\"接收了任务\";s:7:\"content\";s:0:\"\";}}','2013-05-17 10:00:00','2013-05-17 10:30:00','0000-00-00 00:00:00'),(75,42,48,1,1,'','2013-05-17 10:34:00','2013-05-18 11:04:00','0000-00-00 00:00:00'),(76,43,48,1,1,'','2013-05-17 10:34:00','2013-05-17 11:04:00','0000-00-00 00:00:00');
/*!40000 ALTER TABLE `tb_task_participation` ENABLE KEYS */;
UNLOCK TABLES;

--
-- Table structure for table `tb_vote`
--

DROP TABLE IF EXISTS `tb_vote`;
/*!40101 SET @saved_cs_client     = @@character_set_client */;
/*!40101 SET character_set_client = utf8 */;
CREATE TABLE `tb_vote` (
  `id` int(11) NOT NULL AUTO_INCREMENT,
  `spaceid` int(11) NOT NULL DEFAULT '0' COMMENT '空间ID',
  `groupid` int(11) NOT NULL DEFAULT '0' COMMENT '群组ID',
  `creatorid` int(11) NOT NULL DEFAULT '0' COMMENT '创建人ID',
  `title` varchar(64) NOT NULL DEFAULT '' COMMENT '投票标题',
  `votememo` varchar(128) NOT NULL DEFAULT '' COMMENT '投票说明',
  `type` tinyint(4) NOT NULL DEFAULT '0' COMMENT '投票的类型，0是文字投票，1是图片投票',
  `selecttype` tinyint(4) NOT NULL DEFAULT '0' COMMENT '1:单选,其他数字为最多选几项',
  `createtime` datetime NOT NULL DEFAULT '0000-00-00 00:00:00' COMMENT '创建时间',
  `endtime` datetime NOT NULL DEFAULT '0000-00-00 00:00:00' COMMENT '结束时间',
  `ishasfile` bit(1) NOT NULL DEFAULT b'0' COMMENT '是否有附件,0:没有;1:有',
  `clienttype` tinyint(4) NOT NULL DEFAULT '0' COMMENT '标记动态产生的来源 0网页 1 IOS 2安卓 3WP 4桌面客户端',
  `totalvotenum` int(11) NOT NULL DEFAULT '0' COMMENT '总投票数',
  `totalusernum` int(11) NOT NULL DEFAULT '0' COMMENT '投票的总人数',
  PRIMARY KEY (`id`)
) ENGINE=MyISAM AUTO_INCREMENT=5 DEFAULT CHARSET=utf8;
/*!40101 SET character_set_client = @saved_cs_client */;

--
-- Dumping data for table `tb_vote`
--

LOCK TABLES `tb_vote` WRITE;
/*!40000 ALTER TABLE `tb_vote` DISABLE KEYS */;
INSERT INTO `tb_vote` VALUES (1,2,11,2,'文字投票','说明',0,1,'2013-04-12 16:01:37','0000-00-00 00:00:00','\0',0,0,0),(2,2,11,2,'再来一个','',0,1,'2013-04-12 16:40:31','0000-00-00 00:00:00','\0',0,0,0),(3,2,11,2,'再来一个','',0,1,'2013-04-12 16:41:50','0000-00-00 00:00:00','\0',0,0,0),(4,2,11,2,'发投票呀发投票','',0,2,'2013-04-12 16:42:40','0000-00-00 00:00:00','\0',0,0,0);
/*!40000 ALTER TABLE `tb_vote` ENABLE KEYS */;
UNLOCK TABLES;

--
-- Table structure for table `tb_vote_options`
--

DROP TABLE IF EXISTS `tb_vote_options`;
/*!40101 SET @saved_cs_client     = @@character_set_client */;
/*!40101 SET character_set_client = utf8 */;
CREATE TABLE `tb_vote_options` (
  `id` int(11) NOT NULL AUTO_INCREMENT,
  `voteid` int(11) NOT NULL DEFAULT '0' COMMENT '投票ID',
  `optionvalue` varchar(64) NOT NULL DEFAULT '' COMMENT '选项值',
  `optionnum` int(11) NOT NULL DEFAULT '0' COMMENT '投票数',
  `imageid` int(11) NOT NULL DEFAULT '0' COMMENT '图片 资源ID',
  `imageurl` varchar(512) NOT NULL DEFAULT '' COMMENT '图片投票中的图片的引用地址',
  `optionlinkurl` varchar(512) NOT NULL DEFAULT '' COMMENT '图片投票中的点击图片链接的地址',
  PRIMARY KEY (`id`)
) ENGINE=MyISAM AUTO_INCREMENT=13 DEFAULT CHARSET=utf8;
/*!40101 SET character_set_client = @saved_cs_client */;

--
-- Dumping data for table `tb_vote_options`
--

LOCK TABLES `tb_vote_options` WRITE;
/*!40000 ALTER TABLE `tb_vote_options` DISABLE KEYS */;
INSERT INTO `tb_vote_options` VALUES (1,1,'选项1',0,0,'',''),(2,1,'选项2',0,0,'',''),(3,2,'1111',0,0,'',''),(4,2,'222',0,0,'',''),(5,2,'333',0,0,'',''),(6,3,'1111',0,0,'',''),(7,3,'222',0,0,'',''),(8,3,'333',0,0,'',''),(9,4,'发投票',0,0,'',''),(10,4,'发同气相求',0,0,'',''),(11,4,'继续发',0,0,'',''),(12,4,'接着发',0,0,'','');
/*!40000 ALTER TABLE `tb_vote_options` ENABLE KEYS */;
UNLOCK TABLES;

--
-- Table structure for table `tb_vote_user`
--

DROP TABLE IF EXISTS `tb_vote_user`;
/*!40101 SET @saved_cs_client     = @@character_set_client */;
/*!40101 SET character_set_client = utf8 */;
CREATE TABLE `tb_vote_user` (
  `id` int(11) NOT NULL AUTO_INCREMENT,
  `voteid` int(11) NOT NULL DEFAULT '0' COMMENT '投票ID',
  `employeeid` int(11) NOT NULL DEFAULT '0' COMMENT '投票人ID',
  `role` tinyint(4) NOT NULL DEFAULT '0' COMMENT '角色 1:创建者 2:参与者 3:通知人',
  `votetime` datetime NOT NULL DEFAULT '0000-00-00 00:00:00' COMMENT '投票时间',
  `optionids` varchar(256) NOT NULL DEFAULT '' COMMENT '投票给选项的id集合',
  `status` tinyint(1) NOT NULL DEFAULT '0' COMMENT '参与者是否匿名投票   通知人是否已投票 1是 0否',
  PRIMARY KEY (`id`)
) ENGINE=MyISAM AUTO_INCREMENT=5 DEFAULT CHARSET=utf8;
/*!40101 SET character_set_client = @saved_cs_client */;

--
-- Dumping data for table `tb_vote_user`
--

LOCK TABLES `tb_vote_user` WRITE;
/*!40000 ALTER TABLE `tb_vote_user` DISABLE KEYS */;
INSERT INTO `tb_vote_user` VALUES (1,1,2,1,'0000-00-00 00:00:00','0',0),(2,2,2,1,'0000-00-00 00:00:00','0',0),(3,3,2,1,'0000-00-00 00:00:00','0',0),(4,4,2,1,'0000-00-00 00:00:00','0',0);
/*!40000 ALTER TABLE `tb_vote_user` ENABLE KEYS */;
UNLOCK TABLES;
/*!40103 SET TIME_ZONE=@OLD_TIME_ZONE */;

/*!40101 SET SQL_MODE=@OLD_SQL_MODE */;
/*!40014 SET FOREIGN_KEY_CHECKS=@OLD_FOREIGN_KEY_CHECKS */;
/*!40014 SET UNIQUE_CHECKS=@OLD_UNIQUE_CHECKS */;
/*!40101 SET CHARACTER_SET_CLIENT=@OLD_CHARACTER_SET_CLIENT */;
/*!40101 SET CHARACTER_SET_RESULTS=@OLD_CHARACTER_SET_RESULTS */;
/*!40101 SET COLLATION_CONNECTION=@OLD_COLLATION_CONNECTION */;
/*!40111 SET SQL_NOTES=@OLD_SQL_NOTES */;

-- Dump completed on 2013-06-10  6:54:47
